Namespace(weight_decay=0.0001, lr_drop=10, disable_lr_scheduler=False, unseen_lr_threshold_schedule=False, unseen_lr_threshold=37.0, unseen_lr_threshold_factor=0.1, clip_max_norm=0.1, backbone='resnet50', dilation=False, amp=True, position_embedding='sine', repr_dim=512, hidden_dim=256, enc_layers=6, dec_layers=6, dim_feedforward=2048, dropout=0.1, nheads=8, num_queries=100, pre_norm=False, aux_loss=True, set_cost_class=1, set_cost_bbox=5, set_cost_giou=2, bbox_loss_coef=5, giou_loss_coef=2, eos_coef=0.1, cache=False, box_score_thresh=0.2, fg_iou_thresh=0.5, min_instances=3, max_instances=15, clip_visual_layers_vit=24, clip_visual_output_dim_vit=768, clip_visual_input_resolution_vit=336, clip_visual_width_vit=1024, clip_visual_patch_size_vit=14, clip_text_transformer_width_vit=768, clip_text_transformer_heads_vit=12, clip_text_transformer_layers_vit=12, clip_text_context_length_vit=77, feat_mask_type=0, repeat_factor_sampling=False, dataset_file='coco', d_detr=False, lr_backbone=2e-05, masks=False, with_box_refine=False, two_stage=False, frozen_weights=None, position_embedding_scale=6.283185307179586, num_feature_levels=4, dec_n_points=4, enc_n_points=4, mask_loss_coef=1, dice_loss_coef=1, cls_loss_coef=2, focal_alpha=0.25, lr_head=0.001, lr_vit=0.001, lr_text_adapter=0.0005, lr_obj_cond_adapter=0.0005, lr_scene_gate=0.001, override_resume_scene_gate_lr=False, zs=True, zs_type='unseen_verb', dataset='hicodet', partitions=['train2015', 'test2015'], num_classes=117, data_root='./hicodet', hico_image_root='/root/Lain/hico_20160224_det', epochs=20, batch_size=8, test_batch_size=8, num_workers=8, prefetch_factor=4, eval=False, eval_scene_gate_off_only=False, eval_result_json='', hoi_error_analysis=False, clip_dir_vit='/root/Lain/checkpoints/ViT-B-16.pt', pretrained='/root/Lain/checkpoints/detr-r50-hicodet.pth', resume='', init_from='', output_dir='/root/autodl-tmp/Lain/reviewer_revision/14_uv_lain_matched_seed66/checkpoints', keep_last_checkpoints=1, keep_epoch_checkpoints=[5, 10, 15, 20], keep_best_unseen_checkpoint=True, use_hotoken=True, use_prior=True, use_exp=True, alpha=0.5, gamma=0.2, hyper_lambda=2.8, use_insadapter=True, adapter_num_layers=1, adapt_dim=32, adapter_alpha=1.0, adapter_pos='all', adapter_scalar='learnable_scalar', use_text_adapter=False, lora_rank=2, lora_alpha=8, text_adapter_dim=64, adapter_residual_scale=0.05, adapter_dropout=0.1, train_text_adapter_only=False, reset_text_adapter_on_load=False, text_lr_contribution_schedule=False, text_lr_contribution_threshold_low=0.05, text_lr_contribution_threshold_high=0.1, text_lr_after_low_threshold=5e-05, text_lr_after_high_threshold=1e-05, use_obj_cond_adapter=False, obj_cond_rank=4, train_obj_cond_adapter_only=False, train_object_and_scene_gate_only=False, reset_obj_cond_adapter_on_load=False, use_prompt=True, N_CTX=36, CSC=False, CTX_INIT='', CLASS_TOKEN_POSITION='end', use_scene_gate=False, scene_gate_type='pair', scene_gate_version='v5', scene_gate_hidden_dim=128, scene_gate_rank=16, scene_gate_dropout=0.1, scene_gate_alpha=0.1, scene_gate_activation='tanh', scene_gate_init_std=0.0, scene_gate_disable_centering=False, scene_gate_post_l2_norm=False, scene_gate_start_epoch=1, train_scene_gate_only=False, reset_scene_gate_on_load=False, scene_gate_lr_contribution_schedule=False, scene_gate_lr_contribution_threshold=0.1, scene_gate_lr_after_threshold=1e-05, scene_gate_diagnostics=False, scene_gate_compare_off=False, adapter_contribution_diagnostics=False, contribution_epochs=[5, 10, 20], skip_object_adapter_contribution=False, joint_best_rollback_policy=False, joint_rollback_initial_best_unseen=-1.0, joint_rollback_significant_delta=0.03, joint_rollback_small_lr_factor=0.5, joint_rollback_bad_lr_factor=0.2, joint_rollback_patience=2, lain_object_staged_retry_policy=False, staged_object_start_epoch=6, staged_lr_trigger_unseen=37.5, staged_pre_trigger_max_drop=0.15, staged_post_trigger_max_drop=0.05, staged_rollback_lr_factor=0.5, staged_resume_existing_run=False, job_id=1985, vis=False, debug=False, seed=66, device='cuda', fast_cuda=True, port='7894', print_interval=500, world_size=1, use_semantic_adapter=False)
WORLD_SIZE 1
wandb: [wandb.login()] Loaded credentials for https://api.wandb.ai from /root/.netrc.
wandb: Currently logged in as: saaatkj (saaatkj-null) to https://api.wandb.ai. Use `wandb login --relogin` to force relogin
wandb: setting up run sh1h7h7e
wandb: Tracking run with wandb version 0.28.1
wandb: Run data is saved locally in /root/autodl-tmp/Lain/reviewer_revision/14_uv_lain_matched_seed66/wandb/wandb/run-20260903_091530-sh1h7h7e
wandb: Run `wandb offline` to turn off syncing.
wandb: Syncing run 14_uv_lain_matched_seed66
wandb:  View project at https://wandb.ai/saaatkj-null/LAIN
wandb:  View run at https://wandb.ai/saaatkj-null/LAIN/runs/sh1h7h7e
--------------------------------------------------
Config: Use Semantic Adapter: False
Config: Use Text Adapter: False | dim=64 | lr=0.0005
Config: Use ObjCond Adapter: False | rank=4 | lr=0.0005
Config: Use SceneGate: False | version=v5 | type=pair
Config: Adapter Dimension: 32
--------------------------------------------------
[INFO] HICO image root (train2015): /root/Lain/hico_20160224_det/images/train2015
datasets/zs_unseen_verb_train2015_idx.pkl is loaded
[INFO] HICO image root (test2015): /root/Lain/hico_20160224_det/images/test2015
[INFO]: num_classes 117
Load weights for the object detector from /root/Lain/checkpoints/detr-r50-hicodet.pth
[INFO] missing_keys: []
[INFO] unexpected_keys: []
Initializing a generic context
Initial context: "X X X X X X X X X X X X X X X X X X X X X X X X X X X X X X X X X X X X"
Number of context words (tokens): 36
=> Rank 0: start from a randomly initialised model

==============================
TRAINABLE PARAMETERS:
 -> logit_scale_text (torch.Size([]))
 -> clip_head.prompt_learner.ctx (torch.Size([36, 512]))
 -> clip_head.image_encoder.transformer.resblocks.0.adaptermlp.scale (torch.Size([768]))
 -> clip_head.image_encoder.transformer.resblocks.0.adaptermlp.scale2 (torch.Size([768]))
 -> clip_head.image_encoder.transformer.resblocks.0.adaptermlp.down_proj.weight (torch.Size([32, 768]))
 -> clip_head.image_encoder.transformer.resblocks.0.adaptermlp.down_proj.bias (torch.Size([32]))
 -> clip_head.image_encoder.transformer.resblocks.0.adaptermlp.down_proj2.weight (torch.Size([32, 768]))
 -> clip_head.image_encoder.transformer.resblocks.0.adaptermlp.down_proj2.bias (torch.Size([32]))
 -> clip_head.image_encoder.transformer.resblocks.0.adaptermlp.up_proj.weight (torch.Size([768, 64]))
 -> clip_head.image_encoder.transformer.resblocks.0.adaptermlp.up_proj.bias (torch.Size([768]))
 -> clip_head.image_encoder.transformer.resblocks.0.adaptermlp.up_proj2.weight (torch.Size([768, 32]))
 -> clip_head.image_encoder.transformer.resblocks.0.adaptermlp.up_proj2.bias (torch.Size([768]))
 -> clip_head.image_encoder.transformer.resblocks.0.adaptermlp.down_proj3.weight (torch.Size([32, 768]))
 -> clip_head.image_encoder.transformer.resblocks.0.adaptermlp.down_proj3.bias (torch.Size([32]))
 -> clip_head.image_encoder.transformer.resblocks.0.adaptermlp.down_proj6.weight (torch.Size([32, 32]))
 -> clip_head.image_encoder.transformer.resblocks.0.adaptermlp.down_proj6.bias (torch.Size([32]))
 -> clip_head.image_encoder.transformer.resblocks.0.adaptermlp.mhsa_layers.0.multihead_attn.in_proj_weight (torch.Size([96, 32]))
 -> clip_head.image_encoder.transformer.resblocks.0.adaptermlp.mhsa_layers.0.multihead_attn.in_proj_bias (torch.Size([96]))
 -> clip_head.image_encoder.transformer.resblocks.0.adaptermlp.mhsa_layers.0.multihead_attn.out_proj.weight (torch.Size([32, 32]))
 -> clip_head.image_encoder.transformer.resblocks.0.adaptermlp.mhsa_layers.0.multihead_attn.out_proj.bias (torch.Size([32]))
 -> clip_head.image_encoder.transformer.resblocks.0.adaptermlp.mhsa_layers.0.linear1.weight (torch.Size([64, 32]))
 -> clip_head.image_encoder.transformer.resblocks.0.adaptermlp.mhsa_layers.0.linear1.bias (torch.Size([64]))
 -> clip_head.image_encoder.transformer.resblocks.0.adaptermlp.mhsa_layers.0.linear2.weight (torch.Size([32, 64]))
 -> clip_head.image_encoder.transformer.resblocks.0.adaptermlp.mhsa_layers.0.linear2.bias (torch.Size([32]))
 -> clip_head.image_encoder.transformer.resblocks.0.adaptermlp.mhsa_layers.0.norm2.weight (torch.Size([32]))
 -> clip_head.image_encoder.transformer.resblocks.0.adaptermlp.mhsa_layers.0.norm2.bias (torch.Size([32]))
 -> clip_head.image_encoder.transformer.resblocks.0.adaptermlp.mhsa_layers.0.norm3.weight (torch.Size([32]))
 -> clip_head.image_encoder.transformer.resblocks.0.adaptermlp.mhsa_layers.0.norm3.bias (torch.Size([32]))
 -> clip_head.image_encoder.transformer.resblocks.0.adaptermlp.mhsa_layers2.0.multihead_attn.in_proj_weight (torch.Size([96, 32]))
 -> clip_head.image_encoder.transformer.resblocks.0.adaptermlp.mhsa_layers2.0.multihead_attn.in_proj_bias (torch.Size([96]))
 -> clip_head.image_encoder.transformer.resblocks.0.adaptermlp.mhsa_layers2.0.multihead_attn.out_proj.weight (torch.Size([32, 32]))
 -> clip_head.image_encoder.transformer.resblocks.0.adaptermlp.mhsa_layers2.0.multihead_attn.out_proj.bias (torch.Size([32]))
 -> clip_head.image_encoder.transformer.resblocks.0.adaptermlp.mhsa_layers2.0.linear1.weight (torch.Size([64, 32]))
 -> clip_head.image_encoder.transformer.resblocks.0.adaptermlp.mhsa_layers2.0.linear1.bias (torch.Size([64]))
 -> clip_head.image_encoder.transformer.resblocks.0.adaptermlp.mhsa_layers2.0.linear2.weight (torch.Size([32, 64]))
 -> clip_head.image_encoder.transformer.resblocks.0.adaptermlp.mhsa_layers2.0.linear2.bias (torch.Size([32]))
 -> clip_head.image_encoder.transformer.resblocks.0.adaptermlp.mhsa_layers2.0.norm2.weight (torch.Size([32]))
 -> clip_head.image_encoder.transformer.resblocks.0.adaptermlp.mhsa_layers2.0.norm2.bias (torch.Size([32]))
 -> clip_head.image_encoder.transformer.resblocks.0.adaptermlp.mhsa_layers2.0.norm3.weight (torch.Size([32]))
 -> clip_head.image_encoder.transformer.resblocks.0.adaptermlp.mhsa_layers2.0.norm3.bias (torch.Size([32]))
 -> clip_head.image_encoder.transformer.resblocks.0.adaptermlp.mhsa_layers3.0.multihead_attn.in_proj_weight (torch.Size([96, 32]))
 -> clip_head.image_encoder.transformer.resblocks.0.adaptermlp.mhsa_layers3.0.multihead_attn.in_proj_bias (torch.Size([96]))
 -> clip_head.image_encoder.transformer.resblocks.0.adaptermlp.mhsa_layers3.0.multihead_attn.out_proj.weight (torch.Size([32, 32]))
 -> clip_head.image_encoder.transformer.resblocks.0.adaptermlp.mhsa_layers3.0.multihead_attn.out_proj.bias (torch.Size([32]))
 -> clip_head.image_encoder.transformer.resblocks.0.adaptermlp.mhsa_layers3.0.linear1.weight (torch.Size([64, 32]))
 -> clip_head.image_encoder.transformer.resblocks.0.adaptermlp.mhsa_layers3.0.linear1.bias (torch.Size([64]))
 -> clip_head.image_encoder.transformer.resblocks.0.adaptermlp.mhsa_layers3.0.linear2.weight (torch.Size([32, 64]))
 -> clip_head.image_encoder.transformer.resblocks.0.adaptermlp.mhsa_layers3.0.linear2.bias (torch.Size([32]))
 -> clip_head.image_encoder.transformer.resblocks.0.adaptermlp.mhsa_layers3.0.norm2.weight (torch.Size([32]))
 -> clip_head.image_encoder.transformer.resblocks.0.adaptermlp.mhsa_layers3.0.norm2.bias (torch.Size([32]))
 -> clip_head.image_encoder.transformer.resblocks.0.adaptermlp.mhsa_layers3.0.norm3.weight (torch.Size([32]))
 -> clip_head.image_encoder.transformer.resblocks.0.adaptermlp.mhsa_layers3.0.norm3.bias (torch.Size([32]))
 -> clip_head.image_encoder.transformer.resblocks.0.adaptermlp.ln.weight (torch.Size([32]))
 -> clip_head.image_encoder.transformer.resblocks.0.adaptermlp.ln.bias (torch.Size([32]))
 -> clip_head.image_encoder.transformer.resblocks.0.adaptermlp.ln2.weight (torch.Size([32]))
 -> clip_head.image_encoder.transformer.resblocks.0.adaptermlp.ln2.bias (torch.Size([32]))
 -> clip_head.image_encoder.transformer.resblocks.0.adaptermlp.ln3.weight (torch.Size([32]))
 -> clip_head.image_encoder.transformer.resblocks.0.adaptermlp.ln3.bias (torch.Size([32]))
 -> clip_head.image_encoder.transformer.resblocks.0.adaptermlp.prompt.weight (torch.Size([10, 32]))
 -> clip_head.image_encoder.transformer.resblocks.0.adaptermlp.down_proj4.weight (torch.Size([32, 32, 3, 3]))
 -> clip_head.image_encoder.transformer.resblocks.0.adaptermlp.down_proj4.bias (torch.Size([32]))
 -> clip_head.image_encoder.transformer.resblocks.0.adaptermlp.down_proj5.weight (torch.Size([32, 32, 5, 5]))
 -> clip_head.image_encoder.transformer.resblocks.0.adaptermlp.down_proj5.bias (torch.Size([32]))
 -> clip_head.image_encoder.transformer.resblocks.1.adaptermlp.scale (torch.Size([768]))
 -> clip_head.image_encoder.transformer.resblocks.1.adaptermlp.scale2 (torch.Size([768]))
 -> clip_head.image_encoder.transformer.resblocks.1.adaptermlp.down_proj.weight (torch.Size([32, 768]))
 -> clip_head.image_encoder.transformer.resblocks.1.adaptermlp.down_proj.bias (torch.Size([32]))
 -> clip_head.image_encoder.transformer.resblocks.1.adaptermlp.down_proj2.weight (torch.Size([32, 768]))
 -> clip_head.image_encoder.transformer.resblocks.1.adaptermlp.down_proj2.bias (torch.Size([32]))
 -> clip_head.image_encoder.transformer.resblocks.1.adaptermlp.up_proj.weight (torch.Size([768, 64]))
 -> clip_head.image_encoder.transformer.resblocks.1.adaptermlp.up_proj.bias (torch.Size([768]))
 -> clip_head.image_encoder.transformer.resblocks.1.adaptermlp.up_proj2.weight (torch.Size([768, 32]))
 -> clip_head.image_encoder.transformer.resblocks.1.adaptermlp.up_proj2.bias (torch.Size([768]))
 -> clip_head.image_encoder.transformer.resblocks.1.adaptermlp.down_proj3.weight (torch.Size([32, 768]))
 -> clip_head.image_encoder.transformer.resblocks.1.adaptermlp.down_proj3.bias (torch.Size([32]))
 -> clip_head.image_encoder.transformer.resblocks.1.adaptermlp.down_proj6.weight (torch.Size([32, 32]))
 -> clip_head.image_encoder.transformer.resblocks.1.adaptermlp.down_proj6.bias (torch.Size([32]))
 -> clip_head.image_encoder.transformer.resblocks.1.adaptermlp.mhsa_layers.0.multihead_attn.in_proj_weight (torch.Size([96, 32]))
 -> clip_head.image_encoder.transformer.resblocks.1.adaptermlp.mhsa_layers.0.multihead_attn.in_proj_bias (torch.Size([96]))
 -> clip_head.image_encoder.transformer.resblocks.1.adaptermlp.mhsa_layers.0.multihead_attn.out_proj.weight (torch.Size([32, 32]))
 -> clip_head.image_encoder.transformer.resblocks.1.adaptermlp.mhsa_layers.0.multihead_attn.out_proj.bias (torch.Size([32]))
 -> clip_head.image_encoder.transformer.resblocks.1.adaptermlp.mhsa_layers.0.linear1.weight (torch.Size([64, 32]))
 -> clip_head.image_encoder.transformer.resblocks.1.adaptermlp.mhsa_layers.0.linear1.bias (torch.Size([64]))
 -> clip_head.image_encoder.transformer.resblocks.1.adaptermlp.mhsa_layers.0.linear2.weight (torch.Size([32, 64]))
 -> clip_head.image_encoder.transformer.resblocks.1.adaptermlp.mhsa_layers.0.linear2.bias (torch.Size([32]))
 -> clip_head.image_encoder.transformer.resblocks.1.adaptermlp.mhsa_layers.0.norm2.weight (torch.Size([32]))
 -> clip_head.image_encoder.transformer.resblocks.1.adaptermlp.mhsa_layers.0.norm2.bias (torch.Size([32]))
 -> clip_head.image_encoder.transformer.resblocks.1.adaptermlp.mhsa_layers.0.norm3.weight (torch.Size([32]))
 -> clip_head.image_encoder.transformer.resblocks.1.adaptermlp.mhsa_layers.0.norm3.bias (torch.Size([32]))
 -> clip_head.image_encoder.transformer.resblocks.1.adaptermlp.mhsa_layers2.0.multihead_attn.in_proj_weight (torch.Size([96, 32]))
 -> clip_head.image_encoder.transformer.resblocks.1.adaptermlp.mhsa_layers2.0.multihead_attn.in_proj_bias (torch.Size([96]))
 -> clip_head.image_encoder.transformer.resblocks.1.adaptermlp.mhsa_layers2.0.multihead_attn.out_proj.weight (torch.Size([32, 32]))
 -> clip_head.image_encoder.transformer.resblocks.1.adaptermlp.mhsa_layers2.0.multihead_attn.out_proj.bias (torch.Size([32]))
 -> clip_head.image_encoder.transformer.resblocks.1.adaptermlp.mhsa_layers2.0.linear1.weight (torch.Size([64, 32]))
 -> clip_head.image_encoder.transformer.resblocks.1.adaptermlp.mhsa_layers2.0.linear1.bias (torch.Size([64]))
 -> clip_head.image_encoder.transformer.resblocks.1.adaptermlp.mhsa_layers2.0.linear2.weight (torch.Size([32, 64]))
 -> clip_head.image_encoder.transformer.resblocks.1.adaptermlp.mhsa_layers2.0.linear2.bias (torch.Size([32]))
 -> clip_head.image_encoder.transformer.resblocks.1.adaptermlp.mhsa_layers2.0.norm2.weight (torch.Size([32]))
 -> clip_head.image_encoder.transformer.resblocks.1.adaptermlp.mhsa_layers2.0.norm2.bias (torch.Size([32]))
 -> clip_head.image_encoder.transformer.resblocks.1.adaptermlp.mhsa_layers2.0.norm3.weight (torch.Size([32]))
 -> clip_head.image_encoder.transformer.resblocks.1.adaptermlp.mhsa_layers2.0.norm3.bias (torch.Size([32]))
 -> clip_head.image_encoder.transformer.resblocks.1.adaptermlp.mhsa_layers3.0.multihead_attn.in_proj_weight (torch.Size([96, 32]))
 -> clip_head.image_encoder.transformer.resblocks.1.adaptermlp.mhsa_layers3.0.multihead_attn.in_proj_bias (torch.Size([96]))
 -> clip_head.image_encoder.transformer.resblocks.1.adaptermlp.mhsa_layers3.0.multihead_attn.out_proj.weight (torch.Size([32, 32]))
 -> clip_head.image_encoder.transformer.resblocks.1.adaptermlp.mhsa_layers3.0.multihead_attn.out_proj.bias (torch.Size([32]))
 -> clip_head.image_encoder.transformer.resblocks.1.adaptermlp.mhsa_layers3.0.linear1.weight (torch.Size([64, 32]))
 -> clip_head.image_encoder.transformer.resblocks.1.adaptermlp.mhsa_layers3.0.linear1.bias (torch.Size([64]))
 -> clip_head.image_encoder.transformer.resblocks.1.adaptermlp.mhsa_layers3.0.linear2.weight (torch.Size([32, 64]))
 -> clip_head.image_encoder.transformer.resblocks.1.adaptermlp.mhsa_layers3.0.linear2.bias (torch.Size([32]))
 -> clip_head.image_encoder.transformer.resblocks.1.adaptermlp.mhsa_layers3.0.norm2.weight (torch.Size([32]))
 -> clip_head.image_encoder.transformer.resblocks.1.adaptermlp.mhsa_layers3.0.norm2.bias (torch.Size([32]))
 -> clip_head.image_encoder.transformer.resblocks.1.adaptermlp.mhsa_layers3.0.norm3.weight (torch.Size([32]))
 -> clip_head.image_encoder.transformer.resblocks.1.adaptermlp.mhsa_layers3.0.norm3.bias (torch.Size([32]))
 -> clip_head.image_encoder.transformer.resblocks.1.adaptermlp.ln.weight (torch.Size([32]))
 -> clip_head.image_encoder.transformer.resblocks.1.adaptermlp.ln.bias (torch.Size([32]))
 -> clip_head.image_encoder.transformer.resblocks.1.adaptermlp.ln2.weight (torch.Size([32]))
 -> clip_head.image_encoder.transformer.resblocks.1.adaptermlp.ln2.bias (torch.Size([32]))
 -> clip_head.image_encoder.transformer.resblocks.1.adaptermlp.ln3.weight (torch.Size([32]))
 -> clip_head.image_encoder.transformer.resblocks.1.adaptermlp.ln3.bias (torch.Size([32]))
 -> clip_head.image_encoder.transformer.resblocks.1.adaptermlp.prompt.weight (torch.Size([10, 32]))
 -> clip_head.image_encoder.transformer.resblocks.1.adaptermlp.down_proj4.weight (torch.Size([32, 32, 3, 3]))
 -> clip_head.image_encoder.transformer.resblocks.1.adaptermlp.down_proj4.bias (torch.Size([32]))
 -> clip_head.image_encoder.transformer.resblocks.1.adaptermlp.down_proj5.weight (torch.Size([32, 32, 5, 5]))
 -> clip_head.image_encoder.transformer.resblocks.1.adaptermlp.down_proj5.bias (torch.Size([32]))
 -> clip_head.image_encoder.transformer.resblocks.2.adaptermlp.scale (torch.Size([768]))
 -> clip_head.image_encoder.transformer.resblocks.2.adaptermlp.scale2 (torch.Size([768]))
 -> clip_head.image_encoder.transformer.resblocks.2.adaptermlp.down_proj.weight (torch.Size([32, 768]))
 -> clip_head.image_encoder.transformer.resblocks.2.adaptermlp.down_proj.bias (torch.Size([32]))
 -> clip_head.image_encoder.transformer.resblocks.2.adaptermlp.down_proj2.weight (torch.Size([32, 768]))
 -> clip_head.image_encoder.transformer.resblocks.2.adaptermlp.down_proj2.bias (torch.Size([32]))
 -> clip_head.image_encoder.transformer.resblocks.2.adaptermlp.up_proj.weight (torch.Size([768, 64]))
 -> clip_head.image_encoder.transformer.resblocks.2.adaptermlp.up_proj.bias (torch.Size([768]))
 -> clip_head.image_encoder.transformer.resblocks.2.adaptermlp.up_proj2.weight (torch.Size([768, 32]))
 -> clip_head.image_encoder.transformer.resblocks.2.adaptermlp.up_proj2.bias (torch.Size([768]))
 -> clip_head.image_encoder.transformer.resblocks.2.adaptermlp.down_proj3.weight (torch.Size([32, 768]))
 -> clip_head.image_encoder.transformer.resblocks.2.adaptermlp.down_proj3.bias (torch.Size([32]))
 -> clip_head.image_encoder.transformer.resblocks.2.adaptermlp.down_proj6.weight (torch.Size([32, 32]))
 -> clip_head.image_encoder.transformer.resblocks.2.adaptermlp.down_proj6.bias (torch.Size([32]))
 -> clip_head.image_encoder.transformer.resblocks.2.adaptermlp.mhsa_layers.0.multihead_attn.in_proj_weight (torch.Size([96, 32]))
 -> clip_head.image_encoder.transformer.resblocks.2.adaptermlp.mhsa_layers.0.multihead_attn.in_proj_bias (torch.Size([96]))
 -> clip_head.image_encoder.transformer.resblocks.2.adaptermlp.mhsa_layers.0.multihead_attn.out_proj.weight (torch.Size([32, 32]))
 -> clip_head.image_encoder.transformer.resblocks.2.adaptermlp.mhsa_layers.0.multihead_attn.out_proj.bias (torch.Size([32]))
 -> clip_head.image_encoder.transformer.resblocks.2.adaptermlp.mhsa_layers.0.linear1.weight (torch.Size([64, 32]))
 -> clip_head.image_encoder.transformer.resblocks.2.adaptermlp.mhsa_layers.0.linear1.bias (torch.Size([64]))
 -> clip_head.image_encoder.transformer.resblocks.2.adaptermlp.mhsa_layers.0.linear2.weight (torch.Size([32, 64]))
 -> clip_head.image_encoder.transformer.resblocks.2.adaptermlp.mhsa_layers.0.linear2.bias (torch.Size([32]))
 -> clip_head.image_encoder.transformer.resblocks.2.adaptermlp.mhsa_layers.0.norm2.weight (torch.Size([32]))
 -> clip_head.image_encoder.transformer.resblocks.2.adaptermlp.mhsa_layers.0.norm2.bias (torch.Size([32]))
 -> clip_head.image_encoder.transformer.resblocks.2.adaptermlp.mhsa_layers.0.norm3.weight (torch.Size([32]))
 -> clip_head.image_encoder.transformer.resblocks.2.adaptermlp.mhsa_layers.0.norm3.bias (torch.Size([32]))
 -> clip_head.image_encoder.transformer.resblocks.2.adaptermlp.mhsa_layers2.0.multihead_attn.in_proj_weight (torch.Size([96, 32]))
 -> clip_head.image_encoder.transformer.resblocks.2.adaptermlp.mhsa_layers2.0.multihead_attn.in_proj_bias (torch.Size([96]))
 -> clip_head.image_encoder.transformer.resblocks.2.adaptermlp.mhsa_layers2.0.multihead_attn.out_proj.weight (torch.Size([32, 32]))
 -> clip_head.image_encoder.transformer.resblocks.2.adaptermlp.mhsa_layers2.0.multihead_attn.out_proj.bias (torch.Size([32]))
 -> clip_head.image_encoder.transformer.resblocks.2.adaptermlp.mhsa_layers2.0.linear1.weight (torch.Size([64, 32]))
 -> clip_head.image_encoder.transformer.resblocks.2.adaptermlp.mhsa_layers2.0.linear1.bias (torch.Size([64]))
 -> clip_head.image_encoder.transformer.resblocks.2.adaptermlp.mhsa_layers2.0.linear2.weight (torch.Size([32, 64]))
 -> clip_head.image_encoder.transformer.resblocks.2.adaptermlp.mhsa_layers2.0.linear2.bias (torch.Size([32]))
 -> clip_head.image_encoder.transformer.resblocks.2.adaptermlp.mhsa_layers2.0.norm2.weight (torch.Size([32]))
 -> clip_head.image_encoder.transformer.resblocks.2.adaptermlp.mhsa_layers2.0.norm2.bias (torch.Size([32]))
 -> clip_head.image_encoder.transformer.resblocks.2.adaptermlp.mhsa_layers2.0.norm3.weight (torch.Size([32]))
 -> clip_head.image_encoder.transformer.resblocks.2.adaptermlp.mhsa_layers2.0.norm3.bias (torch.Size([32]))
 -> clip_head.image_encoder.transformer.resblocks.2.adaptermlp.mhsa_layers3.0.multihead_attn.in_proj_weight (torch.Size([96, 32]))
 -> clip_head.image_encoder.transformer.resblocks.2.adaptermlp.mhsa_layers3.0.multihead_attn.in_proj_bias (torch.Size([96]))
 -> clip_head.image_encoder.transformer.resblocks.2.adaptermlp.mhsa_layers3.0.multihead_attn.out_proj.weight (torch.Size([32, 32]))
 -> clip_head.image_encoder.transformer.resblocks.2.adaptermlp.mhsa_layers3.0.multihead_attn.out_proj.bias (torch.Size([32]))
 -> clip_head.image_encoder.transformer.resblocks.2.adaptermlp.mhsa_layers3.0.linear1.weight (torch.Size([64, 32]))
 -> clip_head.image_encoder.transformer.resblocks.2.adaptermlp.mhsa_layers3.0.linear1.bias (torch.Size([64]))
 -> clip_head.image_encoder.transformer.resblocks.2.adaptermlp.mhsa_layers3.0.linear2.weight (torch.Size([32, 64]))
 -> clip_head.image_encoder.transformer.resblocks.2.adaptermlp.mhsa_layers3.0.linear2.bias (torch.Size([32]))
 -> clip_head.image_encoder.transformer.resblocks.2.adaptermlp.mhsa_layers3.0.norm2.weight (torch.Size([32]))
 -> clip_head.image_encoder.transformer.resblocks.2.adaptermlp.mhsa_layers3.0.norm2.bias (torch.Size([32]))
 -> clip_head.image_encoder.transformer.resblocks.2.adaptermlp.mhsa_layers3.0.norm3.weight (torch.Size([32]))
 -> clip_head.image_encoder.transformer.resblocks.2.adaptermlp.mhsa_layers3.0.norm3.bias (torch.Size([32]))
 -> clip_head.image_encoder.transformer.resblocks.2.adaptermlp.ln.weight (torch.Size([32]))
 -> clip_head.image_encoder.transformer.resblocks.2.adaptermlp.ln.bias (torch.Size([32]))
 -> clip_head.image_encoder.transformer.resblocks.2.adaptermlp.ln2.weight (torch.Size([32]))
 -> clip_head.image_encoder.transformer.resblocks.2.adaptermlp.ln2.bias (torch.Size([32]))
 -> clip_head.image_encoder.transformer.resblocks.2.adaptermlp.ln3.weight (torch.Size([32]))
 -> clip_head.image_encoder.transformer.resblocks.2.adaptermlp.ln3.bias (torch.Size([32]))
 -> clip_head.image_encoder.transformer.resblocks.2.adaptermlp.prompt.weight (torch.Size([10, 32]))
 -> clip_head.image_encoder.transformer.resblocks.2.adaptermlp.down_proj4.weight (torch.Size([32, 32, 3, 3]))
 -> clip_head.image_encoder.transformer.resblocks.2.adaptermlp.down_proj4.bias (torch.Size([32]))
 -> clip_head.image_encoder.transformer.resblocks.2.adaptermlp.down_proj5.weight (torch.Size([32, 32, 5, 5]))
 -> clip_head.image_encoder.transformer.resblocks.2.adaptermlp.down_proj5.bias (torch.Size([32]))
 -> clip_head.image_encoder.transformer.resblocks.3.adaptermlp.scale (torch.Size([768]))
 -> clip_head.image_encoder.transformer.resblocks.3.adaptermlp.scale2 (torch.Size([768]))
 -> clip_head.image_encoder.transformer.resblocks.3.adaptermlp.down_proj.weight (torch.Size([32, 768]))
 -> clip_head.image_encoder.transformer.resblocks.3.adaptermlp.down_proj.bias (torch.Size([32]))
 -> clip_head.image_encoder.transformer.resblocks.3.adaptermlp.down_proj2.weight (torch.Size([32, 768]))
 -> clip_head.image_encoder.transformer.resblocks.3.adaptermlp.down_proj2.bias (torch.Size([32]))
 -> clip_head.image_encoder.transformer.resblocks.3.adaptermlp.up_proj.weight (torch.Size([768, 64]))
 -> clip_head.image_encoder.transformer.resblocks.3.adaptermlp.up_proj.bias (torch.Size([768]))
 -> clip_head.image_encoder.transformer.resblocks.3.adaptermlp.up_proj2.weight (torch.Size([768, 32]))
 -> clip_head.image_encoder.transformer.resblocks.3.adaptermlp.up_proj2.bias (torch.Size([768]))
 -> clip_head.image_encoder.transformer.resblocks.3.adaptermlp.down_proj3.weight (torch.Size([32, 768]))
 -> clip_head.image_encoder.transformer.resblocks.3.adaptermlp.down_proj3.bias (torch.Size([32]))
 -> clip_head.image_encoder.transformer.resblocks.3.adaptermlp.down_proj6.weight (torch.Size([32, 32]))
 -> clip_head.image_encoder.transformer.resblocks.3.adaptermlp.down_proj6.bias (torch.Size([32]))
 -> clip_head.image_encoder.transformer.resblocks.3.adaptermlp.mhsa_layers.0.multihead_attn.in_proj_weight (torch.Size([96, 32]))
 -> clip_head.image_encoder.transformer.resblocks.3.adaptermlp.mhsa_layers.0.multihead_attn.in_proj_bias (torch.Size([96]))
 -> clip_head.image_encoder.transformer.resblocks.3.adaptermlp.mhsa_layers.0.multihead_attn.out_proj.weight (torch.Size([32, 32]))
 -> clip_head.image_encoder.transformer.resblocks.3.adaptermlp.mhsa_layers.0.multihead_attn.out_proj.bias (torch.Size([32]))
 -> clip_head.image_encoder.transformer.resblocks.3.adaptermlp.mhsa_layers.0.linear1.weight (torch.Size([64, 32]))
 -> clip_head.image_encoder.transformer.resblocks.3.adaptermlp.mhsa_layers.0.linear1.bias (torch.Size([64]))
 -> clip_head.image_encoder.transformer.resblocks.3.adaptermlp.mhsa_layers.0.linear2.weight (torch.Size([32, 64]))
 -> clip_head.image_encoder.transformer.resblocks.3.adaptermlp.mhsa_layers.0.linear2.bias (torch.Size([32]))
 -> clip_head.image_encoder.transformer.resblocks.3.adaptermlp.mhsa_layers.0.norm2.weight (torch.Size([32]))
 -> clip_head.image_encoder.transformer.resblocks.3.adaptermlp.mhsa_layers.0.norm2.bias (torch.Size([32]))
 -> clip_head.image_encoder.transformer.resblocks.3.adaptermlp.mhsa_layers.0.norm3.weight (torch.Size([32]))
 -> clip_head.image_encoder.transformer.resblocks.3.adaptermlp.mhsa_layers.0.norm3.bias (torch.Size([32]))
 -> clip_head.image_encoder.transformer.resblocks.3.adaptermlp.mhsa_layers2.0.multihead_attn.in_proj_weight (torch.Size([96, 32]))
 -> clip_head.image_encoder.transformer.resblocks.3.adaptermlp.mhsa_layers2.0.multihead_attn.in_proj_bias (torch.Size([96]))
 -> clip_head.image_encoder.transformer.resblocks.3.adaptermlp.mhsa_layers2.0.multihead_attn.out_proj.weight (torch.Size([32, 32]))
 -> clip_head.image_encoder.transformer.resblocks.3.adaptermlp.mhsa_layers2.0.multihead_attn.out_proj.bias (torch.Size([32]))
 -> clip_head.image_encoder.transformer.resblocks.3.adaptermlp.mhsa_layers2.0.linear1.weight (torch.Size([64, 32]))
 -> clip_head.image_encoder.transformer.resblocks.3.adaptermlp.mhsa_layers2.0.linear1.bias (torch.Size([64]))
 -> clip_head.image_encoder.transformer.resblocks.3.adaptermlp.mhsa_layers2.0.linear2.weight (torch.Size([32, 64]))
 -> clip_head.image_encoder.transformer.resblocks.3.adaptermlp.mhsa_layers2.0.linear2.bias (torch.Size([32]))
 -> clip_head.image_encoder.transformer.resblocks.3.adaptermlp.mhsa_layers2.0.norm2.weight (torch.Size([32]))
 -> clip_head.image_encoder.transformer.resblocks.3.adaptermlp.mhsa_layers2.0.norm2.bias (torch.Size([32]))
 -> clip_head.image_encoder.transformer.resblocks.3.adaptermlp.mhsa_layers2.0.norm3.weight (torch.Size([32]))
 -> clip_head.image_encoder.transformer.resblocks.3.adaptermlp.mhsa_layers2.0.norm3.bias (torch.Size([32]))
 -> clip_head.image_encoder.transformer.resblocks.3.adaptermlp.mhsa_layers3.0.multihead_attn.in_proj_weight (torch.Size([96, 32]))
 -> clip_head.image_encoder.transformer.resblocks.3.adaptermlp.mhsa_layers3.0.multihead_attn.in_proj_bias (torch.Size([96]))
 -> clip_head.image_encoder.transformer.resblocks.3.adaptermlp.mhsa_layers3.0.multihead_attn.out_proj.weight (torch.Size([32, 32]))
 -> clip_head.image_encoder.transformer.resblocks.3.adaptermlp.mhsa_layers3.0.multihead_attn.out_proj.bias (torch.Size([32]))
 -> clip_head.image_encoder.transformer.resblocks.3.adaptermlp.mhsa_layers3.0.linear1.weight (torch.Size([64, 32]))
 -> clip_head.image_encoder.transformer.resblocks.3.adaptermlp.mhsa_layers3.0.linear1.bias (torch.Size([64]))
 -> clip_head.image_encoder.transformer.resblocks.3.adaptermlp.mhsa_layers3.0.linear2.weight (torch.Size([32, 64]))
 -> clip_head.image_encoder.transformer.resblocks.3.adaptermlp.mhsa_layers3.0.linear2.bias (torch.Size([32]))
 -> clip_head.image_encoder.transformer.resblocks.3.adaptermlp.mhsa_layers3.0.norm2.weight (torch.Size([32]))
 -> clip_head.image_encoder.transformer.resblocks.3.adaptermlp.mhsa_layers3.0.norm2.bias (torch.Size([32]))
 -> clip_head.image_encoder.transformer.resblocks.3.adaptermlp.mhsa_layers3.0.norm3.weight (torch.Size([32]))
 -> clip_head.image_encoder.transformer.resblocks.3.adaptermlp.mhsa_layers3.0.norm3.bias (torch.Size([32]))
 -> clip_head.image_encoder.transformer.resblocks.3.adaptermlp.ln.weight (torch.Size([32]))
 -> clip_head.image_encoder.transformer.resblocks.3.adaptermlp.ln.bias (torch.Size([32]))
 -> clip_head.image_encoder.transformer.resblocks.3.adaptermlp.ln2.weight (torch.Size([32]))
 -> clip_head.image_encoder.transformer.resblocks.3.adaptermlp.ln2.bias (torch.Size([32]))
 -> clip_head.image_encoder.transformer.resblocks.3.adaptermlp.ln3.weight (torch.Size([32]))
 -> clip_head.image_encoder.transformer.resblocks.3.adaptermlp.ln3.bias (torch.Size([32]))
 -> clip_head.image_encoder.transformer.resblocks.3.adaptermlp.prompt.weight (torch.Size([10, 32]))
 -> clip_head.image_encoder.transformer.resblocks.3.adaptermlp.down_proj4.weight (torch.Size([32, 32, 3, 3]))
 -> clip_head.image_encoder.transformer.resblocks.3.adaptermlp.down_proj4.bias (torch.Size([32]))
 -> clip_head.image_encoder.transformer.resblocks.3.adaptermlp.down_proj5.weight (torch.Size([32, 32, 5, 5]))
 -> clip_head.image_encoder.transformer.resblocks.3.adaptermlp.down_proj5.bias (torch.Size([32]))
 -> clip_head.image_encoder.transformer.resblocks.4.adaptermlp.scale (torch.Size([768]))
 -> clip_head.image_encoder.transformer.resblocks.4.adaptermlp.scale2 (torch.Size([768]))
 -> clip_head.image_encoder.transformer.resblocks.4.adaptermlp.down_proj.weight (torch.Size([32, 768]))
 -> clip_head.image_encoder.transformer.resblocks.4.adaptermlp.down_proj.bias (torch.Size([32]))
 -> clip_head.image_encoder.transformer.resblocks.4.adaptermlp.down_proj2.weight (torch.Size([32, 768]))
 -> clip_head.image_encoder.transformer.resblocks.4.adaptermlp.down_proj2.bias (torch.Size([32]))
 -> clip_head.image_encoder.transformer.resblocks.4.adaptermlp.up_proj.weight (torch.Size([768, 64]))
 -> clip_head.image_encoder.transformer.resblocks.4.adaptermlp.up_proj.bias (torch.Size([768]))
 -> clip_head.image_encoder.transformer.resblocks.4.adaptermlp.up_proj2.weight (torch.Size([768, 32]))
 -> clip_head.image_encoder.transformer.resblocks.4.adaptermlp.up_proj2.bias (torch.Size([768]))
 -> clip_head.image_encoder.transformer.resblocks.4.adaptermlp.down_proj3.weight (torch.Size([32, 768]))
 -> clip_head.image_encoder.transformer.resblocks.4.adaptermlp.down_proj3.bias (torch.Size([32]))
 -> clip_head.image_encoder.transformer.resblocks.4.adaptermlp.down_proj6.weight (torch.Size([32, 32]))
 -> clip_head.image_encoder.transformer.resblocks.4.adaptermlp.down_proj6.bias (torch.Size([32]))
 -> clip_head.image_encoder.transformer.resblocks.4.adaptermlp.mhsa_layers.0.multihead_attn.in_proj_weight (torch.Size([96, 32]))
 -> clip_head.image_encoder.transformer.resblocks.4.adaptermlp.mhsa_layers.0.multihead_attn.in_proj_bias (torch.Size([96]))
 -> clip_head.image_encoder.transformer.resblocks.4.adaptermlp.mhsa_layers.0.multihead_attn.out_proj.weight (torch.Size([32, 32]))
 -> clip_head.image_encoder.transformer.resblocks.4.adaptermlp.mhsa_layers.0.multihead_attn.out_proj.bias (torch.Size([32]))
 -> clip_head.image_encoder.transformer.resblocks.4.adaptermlp.mhsa_layers.0.linear1.weight (torch.Size([64, 32]))
 -> clip_head.image_encoder.transformer.resblocks.4.adaptermlp.mhsa_layers.0.linear1.bias (torch.Size([64]))
 -> clip_head.image_encoder.transformer.resblocks.4.adaptermlp.mhsa_layers.0.linear2.weight (torch.Size([32, 64]))
 -> clip_head.image_encoder.transformer.resblocks.4.adaptermlp.mhsa_layers.0.linear2.bias (torch.Size([32]))
 -> clip_head.image_encoder.transformer.resblocks.4.adaptermlp.mhsa_layers.0.norm2.weight (torch.Size([32]))
 -> clip_head.image_encoder.transformer.resblocks.4.adaptermlp.mhsa_layers.0.norm2.bias (torch.Size([32]))
 -> clip_head.image_encoder.transformer.resblocks.4.adaptermlp.mhsa_layers.0.norm3.weight (torch.Size([32]))
 -> clip_head.image_encoder.transformer.resblocks.4.adaptermlp.mhsa_layers.0.norm3.bias (torch.Size([32]))
 -> clip_head.image_encoder.transformer.resblocks.4.adaptermlp.mhsa_layers2.0.multihead_attn.in_proj_weight (torch.Size([96, 32]))
 -> clip_head.image_encoder.transformer.resblocks.4.adaptermlp.mhsa_layers2.0.multihead_attn.in_proj_bias (torch.Size([96]))
 -> clip_head.image_encoder.transformer.resblocks.4.adaptermlp.mhsa_layers2.0.multihead_attn.out_proj.weight (torch.Size([32, 32]))
 -> clip_head.image_encoder.transformer.resblocks.4.adaptermlp.mhsa_layers2.0.multihead_attn.out_proj.bias (torch.Size([32]))
 -> clip_head.image_encoder.transformer.resblocks.4.adaptermlp.mhsa_layers2.0.linear1.weight (torch.Size([64, 32]))
 -> clip_head.image_encoder.transformer.resblocks.4.adaptermlp.mhsa_layers2.0.linear1.bias (torch.Size([64]))
 -> clip_head.image_encoder.transformer.resblocks.4.adaptermlp.mhsa_layers2.0.linear2.weight (torch.Size([32, 64]))
 -> clip_head.image_encoder.transformer.resblocks.4.adaptermlp.mhsa_layers2.0.linear2.bias (torch.Size([32]))
 -> clip_head.image_encoder.transformer.resblocks.4.adaptermlp.mhsa_layers2.0.norm2.weight (torch.Size([32]))
 -> clip_head.image_encoder.transformer.resblocks.4.adaptermlp.mhsa_layers2.0.norm2.bias (torch.Size([32]))
 -> clip_head.image_encoder.transformer.resblocks.4.adaptermlp.mhsa_layers2.0.norm3.weight (torch.Size([32]))
 -> clip_head.image_encoder.transformer.resblocks.4.adaptermlp.mhsa_layers2.0.norm3.bias (torch.Size([32]))
 -> clip_head.image_encoder.transformer.resblocks.4.adaptermlp.mhsa_layers3.0.multihead_attn.in_proj_weight (torch.Size([96, 32]))
 -> clip_head.image_encoder.transformer.resblocks.4.adaptermlp.mhsa_layers3.0.multihead_attn.in_proj_bias (torch.Size([96]))
 -> clip_head.image_encoder.transformer.resblocks.4.adaptermlp.mhsa_layers3.0.multihead_attn.out_proj.weight (torch.Size([32, 32]))
 -> clip_head.image_encoder.transformer.resblocks.4.adaptermlp.mhsa_layers3.0.multihead_attn.out_proj.bias (torch.Size([32]))
 -> clip_head.image_encoder.transformer.resblocks.4.adaptermlp.mhsa_layers3.0.linear1.weight (torch.Size([64, 32]))
 -> clip_head.image_encoder.transformer.resblocks.4.adaptermlp.mhsa_layers3.0.linear1.bias (torch.Size([64]))
 -> clip_head.image_encoder.transformer.resblocks.4.adaptermlp.mhsa_layers3.0.linear2.weight (torch.Size([32, 64]))
 -> clip_head.image_encoder.transformer.resblocks.4.adaptermlp.mhsa_layers3.0.linear2.bias (torch.Size([32]))
 -> clip_head.image_encoder.transformer.resblocks.4.adaptermlp.mhsa_layers3.0.norm2.weight (torch.Size([32]))
 -> clip_head.image_encoder.transformer.resblocks.4.adaptermlp.mhsa_layers3.0.norm2.bias (torch.Size([32]))
 -> clip_head.image_encoder.transformer.resblocks.4.adaptermlp.mhsa_layers3.0.norm3.weight (torch.Size([32]))
 -> clip_head.image_encoder.transformer.resblocks.4.adaptermlp.mhsa_layers3.0.norm3.bias (torch.Size([32]))
 -> clip_head.image_encoder.transformer.resblocks.4.adaptermlp.ln.weight (torch.Size([32]))
 -> clip_head.image_encoder.transformer.resblocks.4.adaptermlp.ln.bias (torch.Size([32]))
 -> clip_head.image_encoder.transformer.resblocks.4.adaptermlp.ln2.weight (torch.Size([32]))
 -> clip_head.image_encoder.transformer.resblocks.4.adaptermlp.ln2.bias (torch.Size([32]))
 -> clip_head.image_encoder.transformer.resblocks.4.adaptermlp.ln3.weight (torch.Size([32]))
 -> clip_head.image_encoder.transformer.resblocks.4.adaptermlp.ln3.bias (torch.Size([32]))
 -> clip_head.image_encoder.transformer.resblocks.4.adaptermlp.prompt.weight (torch.Size([10, 32]))
 -> clip_head.image_encoder.transformer.resblocks.4.adaptermlp.down_proj4.weight (torch.Size([32, 32, 3, 3]))
 -> clip_head.image_encoder.transformer.resblocks.4.adaptermlp.down_proj4.bias (torch.Size([32]))
 -> clip_head.image_encoder.transformer.resblocks.4.adaptermlp.down_proj5.weight (torch.Size([32, 32, 5, 5]))
 -> clip_head.image_encoder.transformer.resblocks.4.adaptermlp.down_proj5.bias (torch.Size([32]))
 -> clip_head.image_encoder.transformer.resblocks.5.adaptermlp.scale (torch.Size([768]))
 -> clip_head.image_encoder.transformer.resblocks.5.adaptermlp.scale2 (torch.Size([768]))
 -> clip_head.image_encoder.transformer.resblocks.5.adaptermlp.down_proj.weight (torch.Size([32, 768]))
 -> clip_head.image_encoder.transformer.resblocks.5.adaptermlp.down_proj.bias (torch.Size([32]))
 -> clip_head.image_encoder.transformer.resblocks.5.adaptermlp.down_proj2.weight (torch.Size([32, 768]))
 -> clip_head.image_encoder.transformer.resblocks.5.adaptermlp.down_proj2.bias (torch.Size([32]))
 -> clip_head.image_encoder.transformer.resblocks.5.adaptermlp.up_proj.weight (torch.Size([768, 64]))
 -> clip_head.image_encoder.transformer.resblocks.5.adaptermlp.up_proj.bias (torch.Size([768]))
 -> clip_head.image_encoder.transformer.resblocks.5.adaptermlp.up_proj2.weight (torch.Size([768, 32]))
 -> clip_head.image_encoder.transformer.resblocks.5.adaptermlp.up_proj2.bias (torch.Size([768]))
 -> clip_head.image_encoder.transformer.resblocks.5.adaptermlp.down_proj3.weight (torch.Size([32, 768]))
 -> clip_head.image_encoder.transformer.resblocks.5.adaptermlp.down_proj3.bias (torch.Size([32]))
 -> clip_head.image_encoder.transformer.resblocks.5.adaptermlp.down_proj6.weight (torch.Size([32, 32]))
 -> clip_head.image_encoder.transformer.resblocks.5.adaptermlp.down_proj6.bias (torch.Size([32]))
 -> clip_head.image_encoder.transformer.resblocks.5.adaptermlp.mhsa_layers.0.multihead_attn.in_proj_weight (torch.Size([96, 32]))
 -> clip_head.image_encoder.transformer.resblocks.5.adaptermlp.mhsa_layers.0.multihead_attn.in_proj_bias (torch.Size([96]))
 -> clip_head.image_encoder.transformer.resblocks.5.adaptermlp.mhsa_layers.0.multihead_attn.out_proj.weight (torch.Size([32, 32]))
 -> clip_head.image_encoder.transformer.resblocks.5.adaptermlp.mhsa_layers.0.multihead_attn.out_proj.bias (torch.Size([32]))
 -> clip_head.image_encoder.transformer.resblocks.5.adaptermlp.mhsa_layers.0.linear1.weight (torch.Size([64, 32]))
 -> clip_head.image_encoder.transformer.resblocks.5.adaptermlp.mhsa_layers.0.linear1.bias (torch.Size([64]))
 -> clip_head.image_encoder.transformer.resblocks.5.adaptermlp.mhsa_layers.0.linear2.weight (torch.Size([32, 64]))
 -> clip_head.image_encoder.transformer.resblocks.5.adaptermlp.mhsa_layers.0.linear2.bias (torch.Size([32]))
 -> clip_head.image_encoder.transformer.resblocks.5.adaptermlp.mhsa_layers.0.norm2.weight (torch.Size([32]))
 -> clip_head.image_encoder.transformer.resblocks.5.adaptermlp.mhsa_layers.0.norm2.bias (torch.Size([32]))
 -> clip_head.image_encoder.transformer.resblocks.5.adaptermlp.mhsa_layers.0.norm3.weight (torch.Size([32]))
 -> clip_head.image_encoder.transformer.resblocks.5.adaptermlp.mhsa_layers.0.norm3.bias (torch.Size([32]))
 -> clip_head.image_encoder.transformer.resblocks.5.adaptermlp.mhsa_layers2.0.multihead_attn.in_proj_weight (torch.Size([96, 32]))
 -> clip_head.image_encoder.transformer.resblocks.5.adaptermlp.mhsa_layers2.0.multihead_attn.in_proj_bias (torch.Size([96]))
 -> clip_head.image_encoder.transformer.resblocks.5.adaptermlp.mhsa_layers2.0.multihead_attn.out_proj.weight (torch.Size([32, 32]))
 -> clip_head.image_encoder.transformer.resblocks.5.adaptermlp.mhsa_layers2.0.multihead_attn.out_proj.bias (torch.Size([32]))
 -> clip_head.image_encoder.transformer.resblocks.5.adaptermlp.mhsa_layers2.0.linear1.weight (torch.Size([64, 32]))
 -> clip_head.image_encoder.transformer.resblocks.5.adaptermlp.mhsa_layers2.0.linear1.bias (torch.Size([64]))
 -> clip_head.image_encoder.transformer.resblocks.5.adaptermlp.mhsa_layers2.0.linear2.weight (torch.Size([32, 64]))
 -> clip_head.image_encoder.transformer.resblocks.5.adaptermlp.mhsa_layers2.0.linear2.bias (torch.Size([32]))
 -> clip_head.image_encoder.transformer.resblocks.5.adaptermlp.mhsa_layers2.0.norm2.weight (torch.Size([32]))
 -> clip_head.image_encoder.transformer.resblocks.5.adaptermlp.mhsa_layers2.0.norm2.bias (torch.Size([32]))
 -> clip_head.image_encoder.transformer.resblocks.5.adaptermlp.mhsa_layers2.0.norm3.weight (torch.Size([32]))
 -> clip_head.image_encoder.transformer.resblocks.5.adaptermlp.mhsa_layers2.0.norm3.bias (torch.Size([32]))
 -> clip_head.image_encoder.transformer.resblocks.5.adaptermlp.mhsa_layers3.0.multihead_attn.in_proj_weight (torch.Size([96, 32]))
 -> clip_head.image_encoder.transformer.resblocks.5.adaptermlp.mhsa_layers3.0.multihead_attn.in_proj_bias (torch.Size([96]))
 -> clip_head.image_encoder.transformer.resblocks.5.adaptermlp.mhsa_layers3.0.multihead_attn.out_proj.weight (torch.Size([32, 32]))
 -> clip_head.image_encoder.transformer.resblocks.5.adaptermlp.mhsa_layers3.0.multihead_attn.out_proj.bias (torch.Size([32]))
 -> clip_head.image_encoder.transformer.resblocks.5.adaptermlp.mhsa_layers3.0.linear1.weight (torch.Size([64, 32]))
 -> clip_head.image_encoder.transformer.resblocks.5.adaptermlp.mhsa_layers3.0.linear1.bias (torch.Size([64]))
 -> clip_head.image_encoder.transformer.resblocks.5.adaptermlp.mhsa_layers3.0.linear2.weight (torch.Size([32, 64]))
 -> clip_head.image_encoder.transformer.resblocks.5.adaptermlp.mhsa_layers3.0.linear2.bias (torch.Size([32]))
 -> clip_head.image_encoder.transformer.resblocks.5.adaptermlp.mhsa_layers3.0.norm2.weight (torch.Size([32]))
 -> clip_head.image_encoder.transformer.resblocks.5.adaptermlp.mhsa_layers3.0.norm2.bias (torch.Size([32]))
 -> clip_head.image_encoder.transformer.resblocks.5.adaptermlp.mhsa_layers3.0.norm3.weight (torch.Size([32]))
 -> clip_head.image_encoder.transformer.resblocks.5.adaptermlp.mhsa_layers3.0.norm3.bias (torch.Size([32]))
 -> clip_head.image_encoder.transformer.resblocks.5.adaptermlp.ln.weight (torch.Size([32]))
 -> clip_head.image_encoder.transformer.resblocks.5.adaptermlp.ln.bias (torch.Size([32]))
 -> clip_head.image_encoder.transformer.resblocks.5.adaptermlp.ln2.weight (torch.Size([32]))
 -> clip_head.image_encoder.transformer.resblocks.5.adaptermlp.ln2.bias (torch.Size([32]))
 -> clip_head.image_encoder.transformer.resblocks.5.adaptermlp.ln3.weight (torch.Size([32]))
 -> clip_head.image_encoder.transformer.resblocks.5.adaptermlp.ln3.bias (torch.Size([32]))
 -> clip_head.image_encoder.transformer.resblocks.5.adaptermlp.prompt.weight (torch.Size([10, 32]))
 -> clip_head.image_encoder.transformer.resblocks.5.adaptermlp.down_proj4.weight (torch.Size([32, 32, 3, 3]))
 -> clip_head.image_encoder.transformer.resblocks.5.adaptermlp.down_proj4.bias (torch.Size([32]))
 -> clip_head.image_encoder.transformer.resblocks.5.adaptermlp.down_proj5.weight (torch.Size([32, 32, 5, 5]))
 -> clip_head.image_encoder.transformer.resblocks.5.adaptermlp.down_proj5.bias (torch.Size([32]))
 -> clip_head.image_encoder.transformer.resblocks.6.adaptermlp.scale (torch.Size([768]))
 -> clip_head.image_encoder.transformer.resblocks.6.adaptermlp.scale2 (torch.Size([768]))
 -> clip_head.image_encoder.transformer.resblocks.6.adaptermlp.down_proj.weight (torch.Size([32, 768]))
 -> clip_head.image_encoder.transformer.resblocks.6.adaptermlp.down_proj.bias (torch.Size([32]))
 -> clip_head.image_encoder.transformer.resblocks.6.adaptermlp.down_proj2.weight (torch.Size([32, 768]))
 -> clip_head.image_encoder.transformer.resblocks.6.adaptermlp.down_proj2.bias (torch.Size([32]))
 -> clip_head.image_encoder.transformer.resblocks.6.adaptermlp.up_proj.weight (torch.Size([768, 64]))
 -> clip_head.image_encoder.transformer.resblocks.6.adaptermlp.up_proj.bias (torch.Size([768]))
 -> clip_head.image_encoder.transformer.resblocks.6.adaptermlp.up_proj2.weight (torch.Size([768, 32]))
 -> clip_head.image_encoder.transformer.resblocks.6.adaptermlp.up_proj2.bias (torch.Size([768]))
 -> clip_head.image_encoder.transformer.resblocks.6.adaptermlp.down_proj3.weight (torch.Size([32, 768]))
 -> clip_head.image_encoder.transformer.resblocks.6.adaptermlp.down_proj3.bias (torch.Size([32]))
 -> clip_head.image_encoder.transformer.resblocks.6.adaptermlp.down_proj6.weight (torch.Size([32, 32]))
 -> clip_head.image_encoder.transformer.resblocks.6.adaptermlp.down_proj6.bias (torch.Size([32]))
 -> clip_head.image_encoder.transformer.resblocks.6.adaptermlp.mhsa_layers.0.multihead_attn.in_proj_weight (torch.Size([96, 32]))
 -> clip_head.image_encoder.transformer.resblocks.6.adaptermlp.mhsa_layers.0.multihead_attn.in_proj_bias (torch.Size([96]))
 -> clip_head.image_encoder.transformer.resblocks.6.adaptermlp.mhsa_layers.0.multihead_attn.out_proj.weight (torch.Size([32, 32]))
 -> clip_head.image_encoder.transformer.resblocks.6.adaptermlp.mhsa_layers.0.multihead_attn.out_proj.bias (torch.Size([32]))
 -> clip_head.image_encoder.transformer.resblocks.6.adaptermlp.mhsa_layers.0.linear1.weight (torch.Size([64, 32]))
 -> clip_head.image_encoder.transformer.resblocks.6.adaptermlp.mhsa_layers.0.linear1.bias (torch.Size([64]))
 -> clip_head.image_encoder.transformer.resblocks.6.adaptermlp.mhsa_layers.0.linear2.weight (torch.Size([32, 64]))
 -> clip_head.image_encoder.transformer.resblocks.6.adaptermlp.mhsa_layers.0.linear2.bias (torch.Size([32]))
 -> clip_head.image_encoder.transformer.resblocks.6.adaptermlp.mhsa_layers.0.norm2.weight (torch.Size([32]))
 -> clip_head.image_encoder.transformer.resblocks.6.adaptermlp.mhsa_layers.0.norm2.bias (torch.Size([32]))
 -> clip_head.image_encoder.transformer.resblocks.6.adaptermlp.mhsa_layers.0.norm3.weight (torch.Size([32]))
 -> clip_head.image_encoder.transformer.resblocks.6.adaptermlp.mhsa_layers.0.norm3.bias (torch.Size([32]))
 -> clip_head.image_encoder.transformer.resblocks.6.adaptermlp.mhsa_layers2.0.multihead_attn.in_proj_weight (torch.Size([96, 32]))
 -> clip_head.image_encoder.transformer.resblocks.6.adaptermlp.mhsa_layers2.0.multihead_attn.in_proj_bias (torch.Size([96]))
 -> clip_head.image_encoder.transformer.resblocks.6.adaptermlp.mhsa_layers2.0.multihead_attn.out_proj.weight (torch.Size([32, 32]))
 -> clip_head.image_encoder.transformer.resblocks.6.adaptermlp.mhsa_layers2.0.multihead_attn.out_proj.bias (torch.Size([32]))
 -> clip_head.image_encoder.transformer.resblocks.6.adaptermlp.mhsa_layers2.0.linear1.weight (torch.Size([64, 32]))
 -> clip_head.image_encoder.transformer.resblocks.6.adaptermlp.mhsa_layers2.0.linear1.bias (torch.Size([64]))
 -> clip_head.image_encoder.transformer.resblocks.6.adaptermlp.mhsa_layers2.0.linear2.weight (torch.Size([32, 64]))
 -> clip_head.image_encoder.transformer.resblocks.6.adaptermlp.mhsa_layers2.0.linear2.bias (torch.Size([32]))
 -> clip_head.image_encoder.transformer.resblocks.6.adaptermlp.mhsa_layers2.0.norm2.weight (torch.Size([32]))
 -> clip_head.image_encoder.transformer.resblocks.6.adaptermlp.mhsa_layers2.0.norm2.bias (torch.Size([32]))
 -> clip_head.image_encoder.transformer.resblocks.6.adaptermlp.mhsa_layers2.0.norm3.weight (torch.Size([32]))
 -> clip_head.image_encoder.transformer.resblocks.6.adaptermlp.mhsa_layers2.0.norm3.bias (torch.Size([32]))
 -> clip_head.image_encoder.transformer.resblocks.6.adaptermlp.mhsa_layers3.0.multihead_attn.in_proj_weight (torch.Size([96, 32]))
 -> clip_head.image_encoder.transformer.resblocks.6.adaptermlp.mhsa_layers3.0.multihead_attn.in_proj_bias (torch.Size([96]))
 -> clip_head.image_encoder.transformer.resblocks.6.adaptermlp.mhsa_layers3.0.multihead_attn.out_proj.weight (torch.Size([32, 32]))
 -> clip_head.image_encoder.transformer.resblocks.6.adaptermlp.mhsa_layers3.0.multihead_attn.out_proj.bias (torch.Size([32]))
 -> clip_head.image_encoder.transformer.resblocks.6.adaptermlp.mhsa_layers3.0.linear1.weight (torch.Size([64, 32]))
 -> clip_head.image_encoder.transformer.resblocks.6.adaptermlp.mhsa_layers3.0.linear1.bias (torch.Size([64]))
 -> clip_head.image_encoder.transformer.resblocks.6.adaptermlp.mhsa_layers3.0.linear2.weight (torch.Size([32, 64]))
 -> clip_head.image_encoder.transformer.resblocks.6.adaptermlp.mhsa_layers3.0.linear2.bias (torch.Size([32]))
 -> clip_head.image_encoder.transformer.resblocks.6.adaptermlp.mhsa_layers3.0.norm2.weight (torch.Size([32]))
 -> clip_head.image_encoder.transformer.resblocks.6.adaptermlp.mhsa_layers3.0.norm2.bias (torch.Size([32]))
 -> clip_head.image_encoder.transformer.resblocks.6.adaptermlp.mhsa_layers3.0.norm3.weight (torch.Size([32]))
 -> clip_head.image_encoder.transformer.resblocks.6.adaptermlp.mhsa_layers3.0.norm3.bias (torch.Size([32]))
 -> clip_head.image_encoder.transformer.resblocks.6.adaptermlp.ln.weight (torch.Size([32]))
 -> clip_head.image_encoder.transformer.resblocks.6.adaptermlp.ln.bias (torch.Size([32]))
 -> clip_head.image_encoder.transformer.resblocks.6.adaptermlp.ln2.weight (torch.Size([32]))
 -> clip_head.image_encoder.transformer.resblocks.6.adaptermlp.ln2.bias (torch.Size([32]))
 -> clip_head.image_encoder.transformer.resblocks.6.adaptermlp.ln3.weight (torch.Size([32]))
 -> clip_head.image_encoder.transformer.resblocks.6.adaptermlp.ln3.bias (torch.Size([32]))
 -> clip_head.image_encoder.transformer.resblocks.6.adaptermlp.prompt.weight (torch.Size([10, 32]))
 -> clip_head.image_encoder.transformer.resblocks.6.adaptermlp.down_proj4.weight (torch.Size([32, 32, 3, 3]))
 -> clip_head.image_encoder.transformer.resblocks.6.adaptermlp.down_proj4.bias (torch.Size([32]))
 -> clip_head.image_encoder.transformer.resblocks.6.adaptermlp.down_proj5.weight (torch.Size([32, 32, 5, 5]))
 -> clip_head.image_encoder.transformer.resblocks.6.adaptermlp.down_proj5.bias (torch.Size([32]))
 -> clip_head.image_encoder.transformer.resblocks.7.adaptermlp.scale (torch.Size([768]))
 -> clip_head.image_encoder.transformer.resblocks.7.adaptermlp.scale2 (torch.Size([768]))
 -> clip_head.image_encoder.transformer.resblocks.7.adaptermlp.down_proj.weight (torch.Size([32, 768]))
 -> clip_head.image_encoder.transformer.resblocks.7.adaptermlp.down_proj.bias (torch.Size([32]))
 -> clip_head.image_encoder.transformer.resblocks.7.adaptermlp.down_proj2.weight (torch.Size([32, 768]))
 -> clip_head.image_encoder.transformer.resblocks.7.adaptermlp.down_proj2.bias (torch.Size([32]))
 -> clip_head.image_encoder.transformer.resblocks.7.adaptermlp.up_proj.weight (torch.Size([768, 64]))
 -> clip_head.image_encoder.transformer.resblocks.7.adaptermlp.up_proj.bias (torch.Size([768]))
 -> clip_head.image_encoder.transformer.resblocks.7.adaptermlp.up_proj2.weight (torch.Size([768, 32]))
 -> clip_head.image_encoder.transformer.resblocks.7.adaptermlp.up_proj2.bias (torch.Size([768]))
 -> clip_head.image_encoder.transformer.resblocks.7.adaptermlp.down_proj3.weight (torch.Size([32, 768]))
 -> clip_head.image_encoder.transformer.resblocks.7.adaptermlp.down_proj3.bias (torch.Size([32]))
 -> clip_head.image_encoder.transformer.resblocks.7.adaptermlp.down_proj6.weight (torch.Size([32, 32]))
 -> clip_head.image_encoder.transformer.resblocks.7.adaptermlp.down_proj6.bias (torch.Size([32]))
 -> clip_head.image_encoder.transformer.resblocks.7.adaptermlp.mhsa_layers.0.multihead_attn.in_proj_weight (torch.Size([96, 32]))
 -> clip_head.image_encoder.transformer.resblocks.7.adaptermlp.mhsa_layers.0.multihead_attn.in_proj_bias (torch.Size([96]))
 -> clip_head.image_encoder.transformer.resblocks.7.adaptermlp.mhsa_layers.0.multihead_attn.out_proj.weight (torch.Size([32, 32]))
 -> clip_head.image_encoder.transformer.resblocks.7.adaptermlp.mhsa_layers.0.multihead_attn.out_proj.bias (torch.Size([32]))
 -> clip_head.image_encoder.transformer.resblocks.7.adaptermlp.mhsa_layers.0.linear1.weight (torch.Size([64, 32]))
 -> clip_head.image_encoder.transformer.resblocks.7.adaptermlp.mhsa_layers.0.linear1.bias (torch.Size([64]))
 -> clip_head.image_encoder.transformer.resblocks.7.adaptermlp.mhsa_layers.0.linear2.weight (torch.Size([32, 64]))
 -> clip_head.image_encoder.transformer.resblocks.7.adaptermlp.mhsa_layers.0.linear2.bias (torch.Size([32]))
 -> clip_head.image_encoder.transformer.resblocks.7.adaptermlp.mhsa_layers.0.norm2.weight (torch.Size([32]))
 -> clip_head.image_encoder.transformer.resblocks.7.adaptermlp.mhsa_layers.0.norm2.bias (torch.Size([32]))
 -> clip_head.image_encoder.transformer.resblocks.7.adaptermlp.mhsa_layers.0.norm3.weight (torch.Size([32]))
 -> clip_head.image_encoder.transformer.resblocks.7.adaptermlp.mhsa_layers.0.norm3.bias (torch.Size([32]))
 -> clip_head.image_encoder.transformer.resblocks.7.adaptermlp.mhsa_layers2.0.multihead_attn.in_proj_weight (torch.Size([96, 32]))
 -> clip_head.image_encoder.transformer.resblocks.7.adaptermlp.mhsa_layers2.0.multihead_attn.in_proj_bias (torch.Size([96]))
 -> clip_head.image_encoder.transformer.resblocks.7.adaptermlp.mhsa_layers2.0.multihead_attn.out_proj.weight (torch.Size([32, 32]))
 -> clip_head.image_encoder.transformer.resblocks.7.adaptermlp.mhsa_layers2.0.multihead_attn.out_proj.bias (torch.Size([32]))
 -> clip_head.image_encoder.transformer.resblocks.7.adaptermlp.mhsa_layers2.0.linear1.weight (torch.Size([64, 32]))
 -> clip_head.image_encoder.transformer.resblocks.7.adaptermlp.mhsa_layers2.0.linear1.bias (torch.Size([64]))
 -> clip_head.image_encoder.transformer.resblocks.7.adaptermlp.mhsa_layers2.0.linear2.weight (torch.Size([32, 64]))
 -> clip_head.image_encoder.transformer.resblocks.7.adaptermlp.mhsa_layers2.0.linear2.bias (torch.Size([32]))
 -> clip_head.image_encoder.transformer.resblocks.7.adaptermlp.mhsa_layers2.0.norm2.weight (torch.Size([32]))
 -> clip_head.image_encoder.transformer.resblocks.7.adaptermlp.mhsa_layers2.0.norm2.bias (torch.Size([32]))
 -> clip_head.image_encoder.transformer.resblocks.7.adaptermlp.mhsa_layers2.0.norm3.weight (torch.Size([32]))
 -> clip_head.image_encoder.transformer.resblocks.7.adaptermlp.mhsa_layers2.0.norm3.bias (torch.Size([32]))
 -> clip_head.image_encoder.transformer.resblocks.7.adaptermlp.mhsa_layers3.0.multihead_attn.in_proj_weight (torch.Size([96, 32]))
 -> clip_head.image_encoder.transformer.resblocks.7.adaptermlp.mhsa_layers3.0.multihead_attn.in_proj_bias (torch.Size([96]))
 -> clip_head.image_encoder.transformer.resblocks.7.adaptermlp.mhsa_layers3.0.multihead_attn.out_proj.weight (torch.Size([32, 32]))
 -> clip_head.image_encoder.transformer.resblocks.7.adaptermlp.mhsa_layers3.0.multihead_attn.out_proj.bias (torch.Size([32]))
 -> clip_head.image_encoder.transformer.resblocks.7.adaptermlp.mhsa_layers3.0.linear1.weight (torch.Size([64, 32]))
 -> clip_head.image_encoder.transformer.resblocks.7.adaptermlp.mhsa_layers3.0.linear1.bias (torch.Size([64]))
 -> clip_head.image_encoder.transformer.resblocks.7.adaptermlp.mhsa_layers3.0.linear2.weight (torch.Size([32, 64]))
 -> clip_head.image_encoder.transformer.resblocks.7.adaptermlp.mhsa_layers3.0.linear2.bias (torch.Size([32]))
 -> clip_head.image_encoder.transformer.resblocks.7.adaptermlp.mhsa_layers3.0.norm2.weight (torch.Size([32]))
 -> clip_head.image_encoder.transformer.resblocks.7.adaptermlp.mhsa_layers3.0.norm2.bias (torch.Size([32]))
 -> clip_head.image_encoder.transformer.resblocks.7.adaptermlp.mhsa_layers3.0.norm3.weight (torch.Size([32]))
 -> clip_head.image_encoder.transformer.resblocks.7.adaptermlp.mhsa_layers3.0.norm3.bias (torch.Size([32]))
 -> clip_head.image_encoder.transformer.resblocks.7.adaptermlp.ln.weight (torch.Size([32]))
 -> clip_head.image_encoder.transformer.resblocks.7.adaptermlp.ln.bias (torch.Size([32]))
 -> clip_head.image_encoder.transformer.resblocks.7.adaptermlp.ln2.weight (torch.Size([32]))
 -> clip_head.image_encoder.transformer.resblocks.7.adaptermlp.ln2.bias (torch.Size([32]))
 -> clip_head.image_encoder.transformer.resblocks.7.adaptermlp.ln3.weight (torch.Size([32]))
 -> clip_head.image_encoder.transformer.resblocks.7.adaptermlp.ln3.bias (torch.Size([32]))
 -> clip_head.image_encoder.transformer.resblocks.7.adaptermlp.prompt.weight (torch.Size([10, 32]))
 -> clip_head.image_encoder.transformer.resblocks.7.adaptermlp.down_proj4.weight (torch.Size([32, 32, 3, 3]))
 -> clip_head.image_encoder.transformer.resblocks.7.adaptermlp.down_proj4.bias (torch.Size([32]))
 -> clip_head.image_encoder.transformer.resblocks.7.adaptermlp.down_proj5.weight (torch.Size([32, 32, 5, 5]))
 -> clip_head.image_encoder.transformer.resblocks.7.adaptermlp.down_proj5.bias (torch.Size([32]))
 -> clip_head.image_encoder.transformer.resblocks.8.adaptermlp.scale (torch.Size([768]))
 -> clip_head.image_encoder.transformer.resblocks.8.adaptermlp.scale2 (torch.Size([768]))
 -> clip_head.image_encoder.transformer.resblocks.8.adaptermlp.down_proj.weight (torch.Size([32, 768]))
 -> clip_head.image_encoder.transformer.resblocks.8.adaptermlp.down_proj.bias (torch.Size([32]))
 -> clip_head.image_encoder.transformer.resblocks.8.adaptermlp.down_proj2.weight (torch.Size([32, 768]))
 -> clip_head.image_encoder.transformer.resblocks.8.adaptermlp.down_proj2.bias (torch.Size([32]))
 -> clip_head.image_encoder.transformer.resblocks.8.adaptermlp.up_proj.weight (torch.Size([768, 64]))
 -> clip_head.image_encoder.transformer.resblocks.8.adaptermlp.up_proj.bias (torch.Size([768]))
 -> clip_head.image_encoder.transformer.resblocks.8.adaptermlp.up_proj2.weight (torch.Size([768, 32]))
 -> clip_head.image_encoder.transformer.resblocks.8.adaptermlp.up_proj2.bias (torch.Size([768]))
 -> clip_head.image_encoder.transformer.resblocks.8.adaptermlp.down_proj3.weight (torch.Size([32, 768]))
 -> clip_head.image_encoder.transformer.resblocks.8.adaptermlp.down_proj3.bias (torch.Size([32]))
 -> clip_head.image_encoder.transformer.resblocks.8.adaptermlp.down_proj6.weight (torch.Size([32, 32]))
 -> clip_head.image_encoder.transformer.resblocks.8.adaptermlp.down_proj6.bias (torch.Size([32]))
 -> clip_head.image_encoder.transformer.resblocks.8.adaptermlp.mhsa_layers.0.multihead_attn.in_proj_weight (torch.Size([96, 32]))
 -> clip_head.image_encoder.transformer.resblocks.8.adaptermlp.mhsa_layers.0.multihead_attn.in_proj_bias (torch.Size([96]))
 -> clip_head.image_encoder.transformer.resblocks.8.adaptermlp.mhsa_layers.0.multihead_attn.out_proj.weight (torch.Size([32, 32]))
 -> clip_head.image_encoder.transformer.resblocks.8.adaptermlp.mhsa_layers.0.multihead_attn.out_proj.bias (torch.Size([32]))
 -> clip_head.image_encoder.transformer.resblocks.8.adaptermlp.mhsa_layers.0.linear1.weight (torch.Size([64, 32]))
 -> clip_head.image_encoder.transformer.resblocks.8.adaptermlp.mhsa_layers.0.linear1.bias (torch.Size([64]))
 -> clip_head.image_encoder.transformer.resblocks.8.adaptermlp.mhsa_layers.0.linear2.weight (torch.Size([32, 64]))
 -> clip_head.image_encoder.transformer.resblocks.8.adaptermlp.mhsa_layers.0.linear2.bias (torch.Size([32]))
 -> clip_head.image_encoder.transformer.resblocks.8.adaptermlp.mhsa_layers.0.norm2.weight (torch.Size([32]))
 -> clip_head.image_encoder.transformer.resblocks.8.adaptermlp.mhsa_layers.0.norm2.bias (torch.Size([32]))
 -> clip_head.image_encoder.transformer.resblocks.8.adaptermlp.mhsa_layers.0.norm3.weight (torch.Size([32]))
 -> clip_head.image_encoder.transformer.resblocks.8.adaptermlp.mhsa_layers.0.norm3.bias (torch.Size([32]))
 -> clip_head.image_encoder.transformer.resblocks.8.adaptermlp.mhsa_layers2.0.multihead_attn.in_proj_weight (torch.Size([96, 32]))
 -> clip_head.image_encoder.transformer.resblocks.8.adaptermlp.mhsa_layers2.0.multihead_attn.in_proj_bias (torch.Size([96]))
 -> clip_head.image_encoder.transformer.resblocks.8.adaptermlp.mhsa_layers2.0.multihead_attn.out_proj.weight (torch.Size([32, 32]))
 -> clip_head.image_encoder.transformer.resblocks.8.adaptermlp.mhsa_layers2.0.multihead_attn.out_proj.bias (torch.Size([32]))
 -> clip_head.image_encoder.transformer.resblocks.8.adaptermlp.mhsa_layers2.0.linear1.weight (torch.Size([64, 32]))
 -> clip_head.image_encoder.transformer.resblocks.8.adaptermlp.mhsa_layers2.0.linear1.bias (torch.Size([64]))
 -> clip_head.image_encoder.transformer.resblocks.8.adaptermlp.mhsa_layers2.0.linear2.weight (torch.Size([32, 64]))
 -> clip_head.image_encoder.transformer.resblocks.8.adaptermlp.mhsa_layers2.0.linear2.bias (torch.Size([32]))
 -> clip_head.image_encoder.transformer.resblocks.8.adaptermlp.mhsa_layers2.0.norm2.weight (torch.Size([32]))
 -> clip_head.image_encoder.transformer.resblocks.8.adaptermlp.mhsa_layers2.0.norm2.bias (torch.Size([32]))
 -> clip_head.image_encoder.transformer.resblocks.8.adaptermlp.mhsa_layers2.0.norm3.weight (torch.Size([32]))
 -> clip_head.image_encoder.transformer.resblocks.8.adaptermlp.mhsa_layers2.0.norm3.bias (torch.Size([32]))
 -> clip_head.image_encoder.transformer.resblocks.8.adaptermlp.mhsa_layers3.0.multihead_attn.in_proj_weight (torch.Size([96, 32]))
 -> clip_head.image_encoder.transformer.resblocks.8.adaptermlp.mhsa_layers3.0.multihead_attn.in_proj_bias (torch.Size([96]))
 -> clip_head.image_encoder.transformer.resblocks.8.adaptermlp.mhsa_layers3.0.multihead_attn.out_proj.weight (torch.Size([32, 32]))
 -> clip_head.image_encoder.transformer.resblocks.8.adaptermlp.mhsa_layers3.0.multihead_attn.out_proj.bias (torch.Size([32]))
 -> clip_head.image_encoder.transformer.resblocks.8.adaptermlp.mhsa_layers3.0.linear1.weight (torch.Size([64, 32]))
 -> clip_head.image_encoder.transformer.resblocks.8.adaptermlp.mhsa_layers3.0.linear1.bias (torch.Size([64]))
 -> clip_head.image_encoder.transformer.resblocks.8.adaptermlp.mhsa_layers3.0.linear2.weight (torch.Size([32, 64]))
 -> clip_head.image_encoder.transformer.resblocks.8.adaptermlp.mhsa_layers3.0.linear2.bias (torch.Size([32]))
 -> clip_head.image_encoder.transformer.resblocks.8.adaptermlp.mhsa_layers3.0.norm2.weight (torch.Size([32]))
 -> clip_head.image_encoder.transformer.resblocks.8.adaptermlp.mhsa_layers3.0.norm2.bias (torch.Size([32]))
 -> clip_head.image_encoder.transformer.resblocks.8.adaptermlp.mhsa_layers3.0.norm3.weight (torch.Size([32]))
 -> clip_head.image_encoder.transformer.resblocks.8.adaptermlp.mhsa_layers3.0.norm3.bias (torch.Size([32]))
 -> clip_head.image_encoder.transformer.resblocks.8.adaptermlp.ln.weight (torch.Size([32]))
 -> clip_head.image_encoder.transformer.resblocks.8.adaptermlp.ln.bias (torch.Size([32]))
 -> clip_head.image_encoder.transformer.resblocks.8.adaptermlp.ln2.weight (torch.Size([32]))
 -> clip_head.image_encoder.transformer.resblocks.8.adaptermlp.ln2.bias (torch.Size([32]))
 -> clip_head.image_encoder.transformer.resblocks.8.adaptermlp.ln3.weight (torch.Size([32]))
 -> clip_head.image_encoder.transformer.resblocks.8.adaptermlp.ln3.bias (torch.Size([32]))
 -> clip_head.image_encoder.transformer.resblocks.8.adaptermlp.prompt.weight (torch.Size([10, 32]))
 -> clip_head.image_encoder.transformer.resblocks.8.adaptermlp.down_proj4.weight (torch.Size([32, 32, 3, 3]))
 -> clip_head.image_encoder.transformer.resblocks.8.adaptermlp.down_proj4.bias (torch.Size([32]))
 -> clip_head.image_encoder.transformer.resblocks.8.adaptermlp.down_proj5.weight (torch.Size([32, 32, 5, 5]))
 -> clip_head.image_encoder.transformer.resblocks.8.adaptermlp.down_proj5.bias (torch.Size([32]))
 -> clip_head.image_encoder.transformer.resblocks.9.adaptermlp.scale (torch.Size([768]))
 -> clip_head.image_encoder.transformer.resblocks.9.adaptermlp.scale2 (torch.Size([768]))
 -> clip_head.image_encoder.transformer.resblocks.9.adaptermlp.down_proj.weight (torch.Size([32, 768]))
 -> clip_head.image_encoder.transformer.resblocks.9.adaptermlp.down_proj.bias (torch.Size([32]))
 -> clip_head.image_encoder.transformer.resblocks.9.adaptermlp.down_proj2.weight (torch.Size([32, 768]))
 -> clip_head.image_encoder.transformer.resblocks.9.adaptermlp.down_proj2.bias (torch.Size([32]))
 -> clip_head.image_encoder.transformer.resblocks.9.adaptermlp.up_proj.weight (torch.Size([768, 64]))
 -> clip_head.image_encoder.transformer.resblocks.9.adaptermlp.up_proj.bias (torch.Size([768]))
 -> clip_head.image_encoder.transformer.resblocks.9.adaptermlp.up_proj2.weight (torch.Size([768, 32]))
 -> clip_head.image_encoder.transformer.resblocks.9.adaptermlp.up_proj2.bias (torch.Size([768]))
 -> clip_head.image_encoder.transformer.resblocks.9.adaptermlp.down_proj3.weight (torch.Size([32, 768]))
 -> clip_head.image_encoder.transformer.resblocks.9.adaptermlp.down_proj3.bias (torch.Size([32]))
 -> clip_head.image_encoder.transformer.resblocks.9.adaptermlp.down_proj6.weight (torch.Size([32, 32]))
 -> clip_head.image_encoder.transformer.resblocks.9.adaptermlp.down_proj6.bias (torch.Size([32]))
 -> clip_head.image_encoder.transformer.resblocks.9.adaptermlp.mhsa_layers.0.multihead_attn.in_proj_weight (torch.Size([96, 32]))
 -> clip_head.image_encoder.transformer.resblocks.9.adaptermlp.mhsa_layers.0.multihead_attn.in_proj_bias (torch.Size([96]))
 -> clip_head.image_encoder.transformer.resblocks.9.adaptermlp.mhsa_layers.0.multihead_attn.out_proj.weight (torch.Size([32, 32]))
 -> clip_head.image_encoder.transformer.resblocks.9.adaptermlp.mhsa_layers.0.multihead_attn.out_proj.bias (torch.Size([32]))
 -> clip_head.image_encoder.transformer.resblocks.9.adaptermlp.mhsa_layers.0.linear1.weight (torch.Size([64, 32]))
 -> clip_head.image_encoder.transformer.resblocks.9.adaptermlp.mhsa_layers.0.linear1.bias (torch.Size([64]))
 -> clip_head.image_encoder.transformer.resblocks.9.adaptermlp.mhsa_layers.0.linear2.weight (torch.Size([32, 64]))
 -> clip_head.image_encoder.transformer.resblocks.9.adaptermlp.mhsa_layers.0.linear2.bias (torch.Size([32]))
 -> clip_head.image_encoder.transformer.resblocks.9.adaptermlp.mhsa_layers.0.norm2.weight (torch.Size([32]))
 -> clip_head.image_encoder.transformer.resblocks.9.adaptermlp.mhsa_layers.0.norm2.bias (torch.Size([32]))
 -> clip_head.image_encoder.transformer.resblocks.9.adaptermlp.mhsa_layers.0.norm3.weight (torch.Size([32]))
 -> clip_head.image_encoder.transformer.resblocks.9.adaptermlp.mhsa_layers.0.norm3.bias (torch.Size([32]))
 -> clip_head.image_encoder.transformer.resblocks.9.adaptermlp.mhsa_layers2.0.multihead_attn.in_proj_weight (torch.Size([96, 32]))
 -> clip_head.image_encoder.transformer.resblocks.9.adaptermlp.mhsa_layers2.0.multihead_attn.in_proj_bias (torch.Size([96]))
 -> clip_head.image_encoder.transformer.resblocks.9.adaptermlp.mhsa_layers2.0.multihead_attn.out_proj.weight (torch.Size([32, 32]))
 -> clip_head.image_encoder.transformer.resblocks.9.adaptermlp.mhsa_layers2.0.multihead_attn.out_proj.bias (torch.Size([32]))
 -> clip_head.image_encoder.transformer.resblocks.9.adaptermlp.mhsa_layers2.0.linear1.weight (torch.Size([64, 32]))
 -> clip_head.image_encoder.transformer.resblocks.9.adaptermlp.mhsa_layers2.0.linear1.bias (torch.Size([64]))
 -> clip_head.image_encoder.transformer.resblocks.9.adaptermlp.mhsa_layers2.0.linear2.weight (torch.Size([32, 64]))
 -> clip_head.image_encoder.transformer.resblocks.9.adaptermlp.mhsa_layers2.0.linear2.bias (torch.Size([32]))
 -> clip_head.image_encoder.transformer.resblocks.9.adaptermlp.mhsa_layers2.0.norm2.weight (torch.Size([32]))
 -> clip_head.image_encoder.transformer.resblocks.9.adaptermlp.mhsa_layers2.0.norm2.bias (torch.Size([32]))
 -> clip_head.image_encoder.transformer.resblocks.9.adaptermlp.mhsa_layers2.0.norm3.weight (torch.Size([32]))
 -> clip_head.image_encoder.transformer.resblocks.9.adaptermlp.mhsa_layers2.0.norm3.bias (torch.Size([32]))
 -> clip_head.image_encoder.transformer.resblocks.9.adaptermlp.mhsa_layers3.0.multihead_attn.in_proj_weight (torch.Size([96, 32]))
 -> clip_head.image_encoder.transformer.resblocks.9.adaptermlp.mhsa_layers3.0.multihead_attn.in_proj_bias (torch.Size([96]))
 -> clip_head.image_encoder.transformer.resblocks.9.adaptermlp.mhsa_layers3.0.multihead_attn.out_proj.weight (torch.Size([32, 32]))
 -> clip_head.image_encoder.transformer.resblocks.9.adaptermlp.mhsa_layers3.0.multihead_attn.out_proj.bias (torch.Size([32]))
 -> clip_head.image_encoder.transformer.resblocks.9.adaptermlp.mhsa_layers3.0.linear1.weight (torch.Size([64, 32]))
 -> clip_head.image_encoder.transformer.resblocks.9.adaptermlp.mhsa_layers3.0.linear1.bias (torch.Size([64]))
 -> clip_head.image_encoder.transformer.resblocks.9.adaptermlp.mhsa_layers3.0.linear2.weight (torch.Size([32, 64]))
 -> clip_head.image_encoder.transformer.resblocks.9.adaptermlp.mhsa_layers3.0.linear2.bias (torch.Size([32]))
 -> clip_head.image_encoder.transformer.resblocks.9.adaptermlp.mhsa_layers3.0.norm2.weight (torch.Size([32]))
 -> clip_head.image_encoder.transformer.resblocks.9.adaptermlp.mhsa_layers3.0.norm2.bias (torch.Size([32]))
 -> clip_head.image_encoder.transformer.resblocks.9.adaptermlp.mhsa_layers3.0.norm3.weight (torch.Size([32]))
 -> clip_head.image_encoder.transformer.resblocks.9.adaptermlp.mhsa_layers3.0.norm3.bias (torch.Size([32]))
 -> clip_head.image_encoder.transformer.resblocks.9.adaptermlp.ln.weight (torch.Size([32]))
 -> clip_head.image_encoder.transformer.resblocks.9.adaptermlp.ln.bias (torch.Size([32]))
 -> clip_head.image_encoder.transformer.resblocks.9.adaptermlp.ln2.weight (torch.Size([32]))
 -> clip_head.image_encoder.transformer.resblocks.9.adaptermlp.ln2.bias (torch.Size([32]))
 -> clip_head.image_encoder.transformer.resblocks.9.adaptermlp.ln3.weight (torch.Size([32]))
 -> clip_head.image_encoder.transformer.resblocks.9.adaptermlp.ln3.bias (torch.Size([32]))
 -> clip_head.image_encoder.transformer.resblocks.9.adaptermlp.prompt.weight (torch.Size([10, 32]))
 -> clip_head.image_encoder.transformer.resblocks.9.adaptermlp.down_proj4.weight (torch.Size([32, 32, 3, 3]))
 -> clip_head.image_encoder.transformer.resblocks.9.adaptermlp.down_proj4.bias (torch.Size([32]))
 -> clip_head.image_encoder.transformer.resblocks.9.adaptermlp.down_proj5.weight (torch.Size([32, 32, 5, 5]))
 -> clip_head.image_encoder.transformer.resblocks.9.adaptermlp.down_proj5.bias (torch.Size([32]))
 -> clip_head.image_encoder.transformer.resblocks.10.adaptermlp.scale (torch.Size([768]))
 -> clip_head.image_encoder.transformer.resblocks.10.adaptermlp.scale2 (torch.Size([768]))
 -> clip_head.image_encoder.transformer.resblocks.10.adaptermlp.down_proj.weight (torch.Size([32, 768]))
 -> clip_head.image_encoder.transformer.resblocks.10.adaptermlp.down_proj.bias (torch.Size([32]))
 -> clip_head.image_encoder.transformer.resblocks.10.adaptermlp.down_proj2.weight (torch.Size([32, 768]))
 -> clip_head.image_encoder.transformer.resblocks.10.adaptermlp.down_proj2.bias (torch.Size([32]))
 -> clip_head.image_encoder.transformer.resblocks.10.adaptermlp.up_proj.weight (torch.Size([768, 64]))
 -> clip_head.image_encoder.transformer.resblocks.10.adaptermlp.up_proj.bias (torch.Size([768]))
 -> clip_head.image_encoder.transformer.resblocks.10.adaptermlp.up_proj2.weight (torch.Size([768, 32]))
 -> clip_head.image_encoder.transformer.resblocks.10.adaptermlp.up_proj2.bias (torch.Size([768]))
 -> clip_head.image_encoder.transformer.resblocks.10.adaptermlp.down_proj3.weight (torch.Size([32, 768]))
 -> clip_head.image_encoder.transformer.resblocks.10.adaptermlp.down_proj3.bias (torch.Size([32]))
 -> clip_head.image_encoder.transformer.resblocks.10.adaptermlp.down_proj6.weight (torch.Size([32, 32]))
 -> clip_head.image_encoder.transformer.resblocks.10.adaptermlp.down_proj6.bias (torch.Size([32]))
 -> clip_head.image_encoder.transformer.resblocks.10.adaptermlp.mhsa_layers.0.multihead_attn.in_proj_weight (torch.Size([96, 32]))
 -> clip_head.image_encoder.transformer.resblocks.10.adaptermlp.mhsa_layers.0.multihead_attn.in_proj_bias (torch.Size([96]))
 -> clip_head.image_encoder.transformer.resblocks.10.adaptermlp.mhsa_layers.0.multihead_attn.out_proj.weight (torch.Size([32, 32]))
 -> clip_head.image_encoder.transformer.resblocks.10.adaptermlp.mhsa_layers.0.multihead_attn.out_proj.bias (torch.Size([32]))
 -> clip_head.image_encoder.transformer.resblocks.10.adaptermlp.mhsa_layers.0.linear1.weight (torch.Size([64, 32]))
 -> clip_head.image_encoder.transformer.resblocks.10.adaptermlp.mhsa_layers.0.linear1.bias (torch.Size([64]))
 -> clip_head.image_encoder.transformer.resblocks.10.adaptermlp.mhsa_layers.0.linear2.weight (torch.Size([32, 64]))
 -> clip_head.image_encoder.transformer.resblocks.10.adaptermlp.mhsa_layers.0.linear2.bias (torch.Size([32]))
 -> clip_head.image_encoder.transformer.resblocks.10.adaptermlp.mhsa_layers.0.norm2.weight (torch.Size([32]))
 -> clip_head.image_encoder.transformer.resblocks.10.adaptermlp.mhsa_layers.0.norm2.bias (torch.Size([32]))
 -> clip_head.image_encoder.transformer.resblocks.10.adaptermlp.mhsa_layers.0.norm3.weight (torch.Size([32]))
 -> clip_head.image_encoder.transformer.resblocks.10.adaptermlp.mhsa_layers.0.norm3.bias (torch.Size([32]))
 -> clip_head.image_encoder.transformer.resblocks.10.adaptermlp.mhsa_layers2.0.multihead_attn.in_proj_weight (torch.Size([96, 32]))
 -> clip_head.image_encoder.transformer.resblocks.10.adaptermlp.mhsa_layers2.0.multihead_attn.in_proj_bias (torch.Size([96]))
 -> clip_head.image_encoder.transformer.resblocks.10.adaptermlp.mhsa_layers2.0.multihead_attn.out_proj.weight (torch.Size([32, 32]))
 -> clip_head.image_encoder.transformer.resblocks.10.adaptermlp.mhsa_layers2.0.multihead_attn.out_proj.bias (torch.Size([32]))
 -> clip_head.image_encoder.transformer.resblocks.10.adaptermlp.mhsa_layers2.0.linear1.weight (torch.Size([64, 32]))
 -> clip_head.image_encoder.transformer.resblocks.10.adaptermlp.mhsa_layers2.0.linear1.bias (torch.Size([64]))
 -> clip_head.image_encoder.transformer.resblocks.10.adaptermlp.mhsa_layers2.0.linear2.weight (torch.Size([32, 64]))
 -> clip_head.image_encoder.transformer.resblocks.10.adaptermlp.mhsa_layers2.0.linear2.bias (torch.Size([32]))
 -> clip_head.image_encoder.transformer.resblocks.10.adaptermlp.mhsa_layers2.0.norm2.weight (torch.Size([32]))
 -> clip_head.image_encoder.transformer.resblocks.10.adaptermlp.mhsa_layers2.0.norm2.bias (torch.Size([32]))
 -> clip_head.image_encoder.transformer.resblocks.10.adaptermlp.mhsa_layers2.0.norm3.weight (torch.Size([32]))
 -> clip_head.image_encoder.transformer.resblocks.10.adaptermlp.mhsa_layers2.0.norm3.bias (torch.Size([32]))
 -> clip_head.image_encoder.transformer.resblocks.10.adaptermlp.mhsa_layers3.0.multihead_attn.in_proj_weight (torch.Size([96, 32]))
 -> clip_head.image_encoder.transformer.resblocks.10.adaptermlp.mhsa_layers3.0.multihead_attn.in_proj_bias (torch.Size([96]))
 -> clip_head.image_encoder.transformer.resblocks.10.adaptermlp.mhsa_layers3.0.multihead_attn.out_proj.weight (torch.Size([32, 32]))
 -> clip_head.image_encoder.transformer.resblocks.10.adaptermlp.mhsa_layers3.0.multihead_attn.out_proj.bias (torch.Size([32]))
 -> clip_head.image_encoder.transformer.resblocks.10.adaptermlp.mhsa_layers3.0.linear1.weight (torch.Size([64, 32]))
 -> clip_head.image_encoder.transformer.resblocks.10.adaptermlp.mhsa_layers3.0.linear1.bias (torch.Size([64]))
 -> clip_head.image_encoder.transformer.resblocks.10.adaptermlp.mhsa_layers3.0.linear2.weight (torch.Size([32, 64]))
 -> clip_head.image_encoder.transformer.resblocks.10.adaptermlp.mhsa_layers3.0.linear2.bias (torch.Size([32]))
 -> clip_head.image_encoder.transformer.resblocks.10.adaptermlp.mhsa_layers3.0.norm2.weight (torch.Size([32]))
 -> clip_head.image_encoder.transformer.resblocks.10.adaptermlp.mhsa_layers3.0.norm2.bias (torch.Size([32]))
 -> clip_head.image_encoder.transformer.resblocks.10.adaptermlp.mhsa_layers3.0.norm3.weight (torch.Size([32]))
 -> clip_head.image_encoder.transformer.resblocks.10.adaptermlp.mhsa_layers3.0.norm3.bias (torch.Size([32]))
 -> clip_head.image_encoder.transformer.resblocks.10.adaptermlp.ln.weight (torch.Size([32]))
 -> clip_head.image_encoder.transformer.resblocks.10.adaptermlp.ln.bias (torch.Size([32]))
 -> clip_head.image_encoder.transformer.resblocks.10.adaptermlp.ln2.weight (torch.Size([32]))
 -> clip_head.image_encoder.transformer.resblocks.10.adaptermlp.ln2.bias (torch.Size([32]))
 -> clip_head.image_encoder.transformer.resblocks.10.adaptermlp.ln3.weight (torch.Size([32]))
 -> clip_head.image_encoder.transformer.resblocks.10.adaptermlp.ln3.bias (torch.Size([32]))
 -> clip_head.image_encoder.transformer.resblocks.10.adaptermlp.prompt.weight (torch.Size([10, 32]))
 -> clip_head.image_encoder.transformer.resblocks.10.adaptermlp.down_proj4.weight (torch.Size([32, 32, 3, 3]))
 -> clip_head.image_encoder.transformer.resblocks.10.adaptermlp.down_proj4.bias (torch.Size([32]))
 -> clip_head.image_encoder.transformer.resblocks.10.adaptermlp.down_proj5.weight (torch.Size([32, 32, 5, 5]))
 -> clip_head.image_encoder.transformer.resblocks.10.adaptermlp.down_proj5.bias (torch.Size([32]))
 -> clip_head.image_encoder.transformer.resblocks.11.adaptermlp.scale (torch.Size([768]))
 -> clip_head.image_encoder.transformer.resblocks.11.adaptermlp.scale2 (torch.Size([768]))
 -> clip_head.image_encoder.transformer.resblocks.11.adaptermlp.down_proj.weight (torch.Size([32, 768]))
 -> clip_head.image_encoder.transformer.resblocks.11.adaptermlp.down_proj.bias (torch.Size([32]))
 -> clip_head.image_encoder.transformer.resblocks.11.adaptermlp.down_proj2.weight (torch.Size([32, 768]))
 -> clip_head.image_encoder.transformer.resblocks.11.adaptermlp.down_proj2.bias (torch.Size([32]))
 -> clip_head.image_encoder.transformer.resblocks.11.adaptermlp.up_proj.weight (torch.Size([768, 64]))
 -> clip_head.image_encoder.transformer.resblocks.11.adaptermlp.up_proj.bias (torch.Size([768]))
 -> clip_head.image_encoder.transformer.resblocks.11.adaptermlp.up_proj2.weight (torch.Size([768, 32]))
 -> clip_head.image_encoder.transformer.resblocks.11.adaptermlp.up_proj2.bias (torch.Size([768]))
 -> clip_head.image_encoder.transformer.resblocks.11.adaptermlp.down_proj3.weight (torch.Size([32, 768]))
 -> clip_head.image_encoder.transformer.resblocks.11.adaptermlp.down_proj3.bias (torch.Size([32]))
 -> clip_head.image_encoder.transformer.resblocks.11.adaptermlp.down_proj6.weight (torch.Size([32, 32]))
 -> clip_head.image_encoder.transformer.resblocks.11.adaptermlp.down_proj6.bias (torch.Size([32]))
 -> clip_head.image_encoder.transformer.resblocks.11.adaptermlp.mhsa_layers.0.multihead_attn.in_proj_weight (torch.Size([96, 32]))
 -> clip_head.image_encoder.transformer.resblocks.11.adaptermlp.mhsa_layers.0.multihead_attn.in_proj_bias (torch.Size([96]))
 -> clip_head.image_encoder.transformer.resblocks.11.adaptermlp.mhsa_layers.0.multihead_attn.out_proj.weight (torch.Size([32, 32]))
 -> clip_head.image_encoder.transformer.resblocks.11.adaptermlp.mhsa_layers.0.multihead_attn.out_proj.bias (torch.Size([32]))
 -> clip_head.image_encoder.transformer.resblocks.11.adaptermlp.mhsa_layers.0.linear1.weight (torch.Size([64, 32]))
 -> clip_head.image_encoder.transformer.resblocks.11.adaptermlp.mhsa_layers.0.linear1.bias (torch.Size([64]))
 -> clip_head.image_encoder.transformer.resblocks.11.adaptermlp.mhsa_layers.0.linear2.weight (torch.Size([32, 64]))
 -> clip_head.image_encoder.transformer.resblocks.11.adaptermlp.mhsa_layers.0.linear2.bias (torch.Size([32]))
 -> clip_head.image_encoder.transformer.resblocks.11.adaptermlp.mhsa_layers.0.norm2.weight (torch.Size([32]))
 -> clip_head.image_encoder.transformer.resblocks.11.adaptermlp.mhsa_layers.0.norm2.bias (torch.Size([32]))
 -> clip_head.image_encoder.transformer.resblocks.11.adaptermlp.mhsa_layers.0.norm3.weight (torch.Size([32]))
 -> clip_head.image_encoder.transformer.resblocks.11.adaptermlp.mhsa_layers.0.norm3.bias (torch.Size([32]))
 -> clip_head.image_encoder.transformer.resblocks.11.adaptermlp.mhsa_layers2.0.multihead_attn.in_proj_weight (torch.Size([96, 32]))
 -> clip_head.image_encoder.transformer.resblocks.11.adaptermlp.mhsa_layers2.0.multihead_attn.in_proj_bias (torch.Size([96]))
 -> clip_head.image_encoder.transformer.resblocks.11.adaptermlp.mhsa_layers2.0.multihead_attn.out_proj.weight (torch.Size([32, 32]))
 -> clip_head.image_encoder.transformer.resblocks.11.adaptermlp.mhsa_layers2.0.multihead_attn.out_proj.bias (torch.Size([32]))
 -> clip_head.image_encoder.transformer.resblocks.11.adaptermlp.mhsa_layers2.0.linear1.weight (torch.Size([64, 32]))
 -> clip_head.image_encoder.transformer.resblocks.11.adaptermlp.mhsa_layers2.0.linear1.bias (torch.Size([64]))
 -> clip_head.image_encoder.transformer.resblocks.11.adaptermlp.mhsa_layers2.0.linear2.weight (torch.Size([32, 64]))
 -> clip_head.image_encoder.transformer.resblocks.11.adaptermlp.mhsa_layers2.0.linear2.bias (torch.Size([32]))
 -> clip_head.image_encoder.transformer.resblocks.11.adaptermlp.mhsa_layers2.0.norm2.weight (torch.Size([32]))
 -> clip_head.image_encoder.transformer.resblocks.11.adaptermlp.mhsa_layers2.0.norm2.bias (torch.Size([32]))
 -> clip_head.image_encoder.transformer.resblocks.11.adaptermlp.mhsa_layers2.0.norm3.weight (torch.Size([32]))
 -> clip_head.image_encoder.transformer.resblocks.11.adaptermlp.mhsa_layers2.0.norm3.bias (torch.Size([32]))
 -> clip_head.image_encoder.transformer.resblocks.11.adaptermlp.mhsa_layers3.0.multihead_attn.in_proj_weight (torch.Size([96, 32]))
 -> clip_head.image_encoder.transformer.resblocks.11.adaptermlp.mhsa_layers3.0.multihead_attn.in_proj_bias (torch.Size([96]))
 -> clip_head.image_encoder.transformer.resblocks.11.adaptermlp.mhsa_layers3.0.multihead_attn.out_proj.weight (torch.Size([32, 32]))
 -> clip_head.image_encoder.transformer.resblocks.11.adaptermlp.mhsa_layers3.0.multihead_attn.out_proj.bias (torch.Size([32]))
 -> clip_head.image_encoder.transformer.resblocks.11.adaptermlp.mhsa_layers3.0.linear1.weight (torch.Size([64, 32]))
 -> clip_head.image_encoder.transformer.resblocks.11.adaptermlp.mhsa_layers3.0.linear1.bias (torch.Size([64]))
 -> clip_head.image_encoder.transformer.resblocks.11.adaptermlp.mhsa_layers3.0.linear2.weight (torch.Size([32, 64]))
 -> clip_head.image_encoder.transformer.resblocks.11.adaptermlp.mhsa_layers3.0.linear2.bias (torch.Size([32]))
 -> clip_head.image_encoder.transformer.resblocks.11.adaptermlp.mhsa_layers3.0.norm2.weight (torch.Size([32]))
 -> clip_head.image_encoder.transformer.resblocks.11.adaptermlp.mhsa_layers3.0.norm2.bias (torch.Size([32]))
 -> clip_head.image_encoder.transformer.resblocks.11.adaptermlp.mhsa_layers3.0.norm3.weight (torch.Size([32]))
 -> clip_head.image_encoder.transformer.resblocks.11.adaptermlp.mhsa_layers3.0.norm3.bias (torch.Size([32]))
 -> clip_head.image_encoder.transformer.resblocks.11.adaptermlp.ln.weight (torch.Size([32]))
 -> clip_head.image_encoder.transformer.resblocks.11.adaptermlp.ln.bias (torch.Size([32]))
 -> clip_head.image_encoder.transformer.resblocks.11.adaptermlp.ln2.weight (torch.Size([32]))
 -> clip_head.image_encoder.transformer.resblocks.11.adaptermlp.ln2.bias (torch.Size([32]))
 -> clip_head.image_encoder.transformer.resblocks.11.adaptermlp.ln3.weight (torch.Size([32]))
 -> clip_head.image_encoder.transformer.resblocks.11.adaptermlp.ln3.bias (torch.Size([32]))
 -> clip_head.image_encoder.transformer.resblocks.11.adaptermlp.prompt.weight (torch.Size([10, 32]))
 -> clip_head.image_encoder.transformer.resblocks.11.adaptermlp.down_proj4.weight (torch.Size([32, 32, 3, 3]))
 -> clip_head.image_encoder.transformer.resblocks.11.adaptermlp.down_proj4.bias (torch.Size([32]))
 -> clip_head.image_encoder.transformer.resblocks.11.adaptermlp.down_proj5.weight (torch.Size([32, 32, 5, 5]))
 -> clip_head.image_encoder.transformer.resblocks.11.adaptermlp.down_proj5.bias (torch.Size([32]))
 -> priors_downproj.layers.0.weight (torch.Size([128, 517]))
 -> priors_downproj.layers.0.bias (torch.Size([128]))
 -> priors_downproj.layers.1.weight (torch.Size([128, 128]))
 -> priors_downproj.layers.1.bias (torch.Size([128]))
 -> priors_downproj.layers.2.weight (torch.Size([32, 128]))
 -> priors_downproj.layers.2.bias (torch.Size([32]))
 -> query_proj.layers.0.weight (torch.Size([128, 512]))
 -> query_proj.layers.0.bias (torch.Size([128]))
 -> query_proj.layers.1.weight (torch.Size([768, 128]))
 -> query_proj.layers.1.bias (torch.Size([768]))
Total Params: 168,668,343
Trainable Params: 2,822,561 (1.67%)
==============================

==> Iteration 500 | Interaction Loss: 1.7968
Epoch [1/20], Iter. [0500/4444], Loss: 2.2124, Time/iter[Data/Train/Total]: [0.005s/1.952s/1.957s], Window[Data/Train]: [2.53s/974.02s], Remain: 2:08:38.420321
==> Iteration 1000 | Interaction Loss: 1.3041
Epoch [1/20], Iter. [1000/4444], Loss: 1.5674, Time/iter[Data/Train/Total]: [0.002s/1.902s/1.904s], Window[Data/Train]: [1.03s/950.88s], Remain: 1:49:16.747103
==> Iteration 1500 | Interaction Loss: 1.6231
Epoch [1/20], Iter. [1500/4444], Loss: 1.4701, Time/iter[Data/Train/Total]: [0.002s/1.881s/1.882s], Window[Data/Train]: [0.97s/940.27s], Remain: 1:32:22.058292
==> Iteration 2000 | Interaction Loss: 1.0467
Epoch [1/20], Iter. [2000/4444], Loss: 1.4581, Time/iter[Data/Train/Total]: [0.002s/1.883s/1.885s], Window[Data/Train]: [0.99s/941.71s], Remain: 1:16:47.940823
==> Iteration 2500 | Interaction Loss: 1.6069
Epoch [1/20], Iter. [2500/4444], Loss: 1.4006, Time/iter[Data/Train/Total]: [0.002s/1.951s/1.953s], Window[Data/Train]: [1.08s/975.38s], Remain: 1:03:16.441638
==> Iteration 3000 | Interaction Loss: 1.1036
Epoch [1/20], Iter. [3000/4444], Loss: 1.3713, Time/iter[Data/Train/Total]: [0.002s/1.864s/1.866s], Window[Data/Train]: [1.01s/931.93s], Remain: 0:44:54.327572
==> Iteration 3500 | Interaction Loss: 1.3465
Epoch [1/20], Iter. [3500/4444], Loss: 1.3425, Time/iter[Data/Train/Total]: [0.002s/1.930s/1.932s], Window[Data/Train]: [1.01s/965.20s], Remain: 0:30:24.203488
==> Iteration 4000 | Interaction Loss: 1.2977
Epoch [1/20], Iter. [4000/4444], Loss: 1.3617, Time/iter[Data/Train/Total]: [0.002s/2.000s/2.002s], Window[Data/Train]: [1.08s/999.90s], Remain: 0:14:48.873851
Evaluating raw model output:   0%|          | 0/1194 [00:00<?, ?it/s]Evaluating raw model output:   0%|          | 1/1194 [00:07<2:28:18,  7.46s/it]Evaluating raw model output:   0%|          | 2/1194 [00:09<1:24:10,  4.24s/it]Evaluating raw model output:   0%|          | 3/1194 [00:11<1:00:17,  3.04s/it]Evaluating raw model output:   0%|          | 4/1194 [00:12<44:13,  2.23s/it]  Evaluating raw model output:   0%|          | 5/1194 [00:13<40:22,  2.04s/it]Evaluating raw model output:   1%|          | 6/1194 [00:15<40:40,  2.05s/it]Evaluating raw model output:   1%|          | 7/1194 [00:17<37:23,  1.89s/it]Evaluating raw model output:   1%|          | 8/1194 [00:18<33:43,  1.71s/it]Evaluating raw model output:   1%|          | 9/1194 [00:19<26:40,  1.35s/it]Evaluating raw model output:   1%|          | 10/1194 [00:19<21:47,  1.10s/it]Evaluating raw model output:   1%|          | 11/1194 [00:21<25:58,  1.32s/it]Evaluating raw model output:   1%|          | 12/1194 [00:22<23:25,  1.19s/it]Evaluating raw model output:   1%|          | 13/1194 [00:23<22:43,  1.15s/it]Evaluating raw model output:   1%|          | 14/1194 [00:25<26:32,  1.35s/it]Evaluating raw model output:   1%|▏         | 15/1194 [00:26<24:05,  1.23s/it]Evaluating raw model output:   1%|▏         | 16/1194 [00:27<26:08,  1.33s/it]Evaluating raw model output:   1%|▏         | 17/1194 [00:29<27:00,  1.38s/it]Evaluating raw model output:   2%|▏         | 18/1194 [00:30<27:41,  1.41s/it]Evaluating raw model output:   2%|▏         | 19/1194 [00:32<31:01,  1.58s/it]Evaluating raw model output:   2%|▏         | 20/1194 [00:34<29:49,  1.52s/it]Evaluating raw model output:   2%|▏         | 21/1194 [00:35<25:28,  1.30s/it]Evaluating raw model output:   2%|▏         | 22/1194 [00:35<20:59,  1.07s/it]Evaluating raw model output:   2%|▏         | 23/1194 [00:36<18:12,  1.07it/s]Evaluating raw model output:   2%|▏         | 24/1194 [00:36<16:07,  1.21it/s]Evaluating raw model output:   2%|▏         | 25/1194 [00:38<20:33,  1.06s/it]Evaluating raw model output:   2%|▏         | 26/1194 [00:38<17:50,  1.09it/s]Evaluating raw model output:   2%|▏         | 27/1194 [00:40<22:22,  1.15s/it]Evaluating raw model output:   2%|▏         | 28/1194 [00:42<24:07,  1.24s/it]Evaluating raw model output:   2%|▏         | 29/1194 [00:42<21:09,  1.09s/it]Evaluating raw model output:   3%|▎         | 30/1194 [00:43<18:52,  1.03it/s]Evaluating raw model output:   3%|▎         | 31/1194 [00:44<21:16,  1.10s/it]Evaluating raw model output:   3%|▎         | 32/1194 [00:46<24:48,  1.28s/it]Evaluating raw model output:   3%|▎         | 33/1194 [00:47<24:04,  1.24s/it]Evaluating raw model output:   3%|▎         | 34/1194 [00:48<20:34,  1.06s/it]Evaluating raw model output:   3%|▎         | 35/1194 [00:49<22:42,  1.18s/it]Evaluating raw model output:   3%|▎         | 36/1194 [00:51<25:24,  1.32s/it]Evaluating raw model output:   3%|▎         | 37/1194 [00:52<20:53,  1.08s/it]Evaluating raw model output:   3%|▎         | 38/1194 [00:52<18:57,  1.02it/s]Evaluating raw model output:   3%|▎         | 39/1194 [00:53<18:22,  1.05it/s]Evaluating raw model output:   3%|▎         | 40/1194 [00:56<30:04,  1.56s/it]Evaluating raw model output:   3%|▎         | 41/1194 [00:58<30:15,  1.57s/it]Evaluating raw model output:   4%|▎         | 42/1194 [01:00<31:51,  1.66s/it]Evaluating raw model output:   4%|▎         | 43/1194 [01:01<30:39,  1.60s/it]Evaluating raw model output:   4%|▎         | 44/1194 [01:02<25:50,  1.35s/it]Evaluating raw model output:   4%|▍         | 45/1194 [01:03<21:54,  1.14s/it]Evaluating raw model output:   4%|▍         | 46/1194 [01:04<23:45,  1.24s/it]Evaluating raw model output:   4%|▍         | 47/1194 [01:05<20:37,  1.08s/it]Evaluating raw model output:   4%|▍         | 48/1194 [01:05<18:32,  1.03it/s]Evaluating raw model output:   4%|▍         | 49/1194 [01:07<23:55,  1.25s/it]Evaluating raw model output:   4%|▍         | 50/1194 [01:08<20:29,  1.08s/it]Evaluating raw model output:   4%|▍         | 51/1194 [01:09<18:16,  1.04it/s]Evaluating raw model output:   4%|▍         | 52/1194 [01:09<16:40,  1.14it/s]Evaluating raw model output:   4%|▍         | 53/1194 [01:11<20:50,  1.10s/it]Evaluating raw model output:   5%|▍         | 54/1194 [01:12<20:26,  1.08s/it]Evaluating raw model output:   5%|▍         | 55/1194 [01:13<17:55,  1.06it/s]Evaluating raw model output:   5%|▍         | 56/1194 [01:14<17:44,  1.07it/s]Evaluating raw model output:   5%|▍         | 57/1194 [01:15<20:53,  1.10s/it]Evaluating raw model output:   5%|▍         | 58/1194 [01:16<22:51,  1.21s/it]Evaluating raw model output:   5%|▍         | 59/1194 [01:17<19:46,  1.05s/it]Evaluating raw model output:   5%|▌         | 60/1194 [01:19<24:06,  1.28s/it]Evaluating raw model output:   5%|▌         | 61/1194 [01:20<22:57,  1.22s/it]Evaluating raw model output:   5%|▌         | 62/1194 [01:21<19:12,  1.02s/it]Evaluating raw model output:   5%|▌         | 63/1194 [01:22<18:45,  1.01it/s]Evaluating raw model output:   5%|▌         | 64/1194 [01:22<16:37,  1.13it/s]Evaluating raw model output:   5%|▌         | 65/1194 [01:24<21:02,  1.12s/it]Evaluating raw model output:   6%|▌         | 66/1194 [01:25<23:33,  1.25s/it]Evaluating raw model output:   6%|▌         | 67/1194 [01:26<19:39,  1.05s/it]Evaluating raw model output:   6%|▌         | 68/1194 [01:27<21:58,  1.17s/it]Evaluating raw model output:   6%|▌         | 69/1194 [01:28<18:46,  1.00s/it]Evaluating raw model output:   6%|▌         | 70/1194 [01:29<16:28,  1.14it/s]Evaluating raw model output:   6%|▌         | 71/1194 [01:30<18:16,  1.02it/s]Evaluating raw model output:   6%|▌         | 72/1194 [01:30<16:11,  1.15it/s]Evaluating raw model output:   6%|▌         | 73/1194 [01:31<14:31,  1.29it/s]Evaluating raw model output:   6%|▌         | 74/1194 [01:32<13:25,  1.39it/s]Evaluating raw model output:   6%|▋         | 75/1194 [01:33<16:55,  1.10it/s]Evaluating raw model output:   6%|▋         | 76/1194 [01:34<15:21,  1.21it/s]Evaluating raw model output:   6%|▋         | 77/1194 [01:35<17:57,  1.04it/s]Evaluating raw model output:   7%|▋         | 78/1194 [01:36<18:08,  1.02it/s]Evaluating raw model output:   7%|▋         | 79/1194 [01:38<23:06,  1.24s/it]Evaluating raw model output:   7%|▋         | 80/1194 [01:39<21:51,  1.18s/it]Evaluating raw model output:   7%|▋         | 81/1194 [01:40<21:06,  1.14s/it]Evaluating raw model output:   7%|▋         | 82/1194 [01:42<25:02,  1.35s/it]Evaluating raw model output:   7%|▋         | 83/1194 [01:43<23:07,  1.25s/it]Evaluating raw model output:   7%|▋         | 84/1194 [01:44<23:58,  1.30s/it]Evaluating raw model output:   7%|▋         | 85/1194 [01:45<24:05,  1.30s/it]Evaluating raw model output:   7%|▋         | 86/1194 [01:47<23:07,  1.25s/it]Evaluating raw model output:   7%|▋         | 87/1194 [01:47<20:10,  1.09s/it]Evaluating raw model output:   7%|▋         | 88/1194 [01:48<19:28,  1.06s/it]Evaluating raw model output:   7%|▋         | 89/1194 [01:50<23:02,  1.25s/it]Evaluating raw model output:   8%|▊         | 90/1194 [01:50<19:19,  1.05s/it]Evaluating raw model output:   8%|▊         | 91/1194 [01:51<16:43,  1.10it/s]Evaluating raw model output:   8%|▊         | 92/1194 [01:52<19:10,  1.04s/it]Evaluating raw model output:   8%|▊         | 93/1194 [01:53<18:50,  1.03s/it]Evaluating raw model output:   8%|▊         | 94/1194 [01:55<20:13,  1.10s/it]Evaluating raw model output:   8%|▊         | 95/1194 [01:55<17:38,  1.04it/s]Evaluating raw model output:   8%|▊         | 96/1194 [01:57<21:14,  1.16s/it]Evaluating raw model output:   8%|▊         | 97/1194 [01:58<22:16,  1.22s/it]Evaluating raw model output:   8%|▊         | 98/1194 [01:59<18:55,  1.04s/it]Evaluating raw model output:   8%|▊         | 99/1194 [01:59<16:22,  1.11it/s]Evaluating raw model output:   8%|▊         | 100/1194 [02:00<15:34,  1.17it/s]Evaluating raw model output:   8%|▊         | 101/1194 [02:02<18:42,  1.03s/it]Evaluating raw model output:   9%|▊         | 102/1194 [02:03<18:21,  1.01s/it]Evaluating raw model output:   9%|▊         | 103/1194 [02:04<22:27,  1.24s/it]Evaluating raw model output:   9%|▊         | 104/1194 [02:06<22:25,  1.23s/it]Evaluating raw model output:   9%|▉         | 105/1194 [02:08<27:51,  1.53s/it]Evaluating raw model output:   9%|▉         | 106/1194 [02:09<27:06,  1.49s/it]Evaluating raw model output:   9%|▉         | 107/1194 [02:10<24:51,  1.37s/it]Evaluating raw model output:   9%|▉         | 108/1194 [02:12<25:41,  1.42s/it]Evaluating raw model output:   9%|▉         | 109/1194 [02:13<23:26,  1.30s/it]Evaluating raw model output:   9%|▉         | 110/1194 [02:14<23:10,  1.28s/it]Evaluating raw model output:   9%|▉         | 111/1194 [02:15<22:36,  1.25s/it]Evaluating raw model output:   9%|▉         | 112/1194 [02:16<19:40,  1.09s/it]Evaluating raw model output:   9%|▉         | 113/1194 [02:17<19:17,  1.07s/it]Evaluating raw model output:  10%|▉         | 114/1194 [02:18<16:27,  1.09it/s]Evaluating raw model output:  10%|▉         | 115/1194 [02:18<14:23,  1.25it/s]Evaluating raw model output:  10%|▉         | 116/1194 [02:19<12:57,  1.39it/s]Evaluating raw model output:  10%|▉         | 117/1194 [02:20<17:30,  1.03it/s]Evaluating raw model output:  10%|▉         | 118/1194 [02:21<17:35,  1.02it/s]Evaluating raw model output:  10%|▉         | 119/1194 [02:22<18:22,  1.03s/it]Evaluating raw model output:  10%|█         | 120/1194 [02:24<20:13,  1.13s/it]Evaluating raw model output:  10%|█         | 121/1194 [02:25<23:18,  1.30s/it]Evaluating raw model output:  10%|█         | 122/1194 [02:26<19:36,  1.10s/it]Evaluating raw model output:  10%|█         | 123/1194 [02:27<19:06,  1.07s/it]Evaluating raw model output:  10%|█         | 124/1194 [02:28<20:37,  1.16s/it]Evaluating raw model output:  10%|█         | 125/1194 [02:30<22:26,  1.26s/it]Evaluating raw model output:  11%|█         | 126/1194 [02:31<23:29,  1.32s/it]Evaluating raw model output:  11%|█         | 127/1194 [02:32<19:36,  1.10s/it]Evaluating raw model output:  11%|█         | 128/1194 [02:34<22:28,  1.27s/it]Evaluating raw model output:  11%|█         | 129/1194 [02:34<18:53,  1.06s/it]Evaluating raw model output:  11%|█         | 130/1194 [02:35<16:16,  1.09it/s]Evaluating raw model output:  11%|█         | 131/1194 [02:35<14:52,  1.19it/s]Evaluating raw model output:  11%|█         | 132/1194 [02:36<13:35,  1.30it/s]Evaluating raw model output:  11%|█         | 133/1194 [02:37<14:49,  1.19it/s]Evaluating raw model output:  11%|█         | 134/1194 [02:38<17:39,  1.00it/s]Evaluating raw model output:  11%|█▏        | 135/1194 [02:39<15:30,  1.14it/s]Evaluating raw model output:  11%|█▏        | 136/1194 [02:41<20:04,  1.14s/it]Evaluating raw model output:  11%|█▏        | 137/1194 [02:41<17:13,  1.02it/s]Evaluating raw model output:  12%|█▏        | 138/1194 [02:43<18:12,  1.03s/it]Evaluating raw model output:  12%|█▏        | 139/1194 [02:44<17:48,  1.01s/it]Evaluating raw model output:  12%|█▏        | 140/1194 [02:44<16:08,  1.09it/s]Evaluating raw model output:  12%|█▏        | 141/1194 [02:45<14:10,  1.24it/s]Evaluating raw model output:  12%|█▏        | 142/1194 [02:46<18:08,  1.04s/it]Evaluating raw model output:  12%|█▏        | 143/1194 [02:47<18:06,  1.03s/it]Evaluating raw model output:  12%|█▏        | 144/1194 [02:48<18:13,  1.04s/it]Evaluating raw model output:  12%|█▏        | 145/1194 [02:50<20:53,  1.20s/it]Evaluating raw model output:  12%|█▏        | 146/1194 [02:51<17:55,  1.03s/it]Evaluating raw model output:  12%|█▏        | 147/1194 [02:52<19:22,  1.11s/it]Evaluating raw model output:  12%|█▏        | 148/1194 [02:53<18:09,  1.04s/it]Evaluating raw model output:  12%|█▏        | 149/1194 [02:53<16:05,  1.08it/s]Evaluating raw model output:  13%|█▎        | 150/1194 [02:55<21:55,  1.26s/it]Evaluating raw model output:  13%|█▎        | 151/1194 [02:57<21:08,  1.22s/it]Evaluating raw model output:  13%|█▎        | 152/1194 [02:58<20:37,  1.19s/it]Evaluating raw model output:  13%|█▎        | 153/1194 [03:00<24:24,  1.41s/it]Evaluating raw model output:  13%|█▎        | 154/1194 [03:01<24:51,  1.43s/it]Evaluating raw model output:  13%|█▎        | 155/1194 [03:02<20:35,  1.19s/it]Evaluating raw model output:  13%|█▎        | 156/1194 [03:02<17:35,  1.02s/it]Evaluating raw model output:  13%|█▎        | 157/1194 [03:05<23:39,  1.37s/it]Evaluating raw model output:  13%|█▎        | 158/1194 [03:06<22:11,  1.28s/it]Evaluating raw model output:  13%|█▎        | 159/1194 [03:07<23:20,  1.35s/it]Evaluating raw model output:  13%|█▎        | 160/1194 [03:08<20:06,  1.17s/it]Evaluating raw model output:  13%|█▎        | 161/1194 [03:09<19:21,  1.12s/it]Evaluating raw model output:  14%|█▎        | 162/1194 [03:10<19:34,  1.14s/it]Evaluating raw model output:  14%|█▎        | 163/1194 [03:12<21:13,  1.24s/it]Evaluating raw model output:  14%|█▎        | 164/1194 [03:13<20:11,  1.18s/it]Evaluating raw model output:  14%|█▍        | 165/1194 [03:14<20:04,  1.17s/it]Evaluating raw model output:  14%|█▍        | 166/1194 [03:15<19:31,  1.14s/it]Evaluating raw model output:  14%|█▍        | 167/1194 [03:17<23:02,  1.35s/it]Evaluating raw model output:  14%|█▍        | 168/1194 [03:18<23:22,  1.37s/it]Evaluating raw model output:  14%|█▍        | 169/1194 [03:20<27:49,  1.63s/it]Evaluating raw model output:  14%|█▍        | 170/1194 [03:22<29:06,  1.71s/it]Evaluating raw model output:  14%|█▍        | 171/1194 [03:25<32:18,  1.89s/it]Evaluating raw model output:  14%|█▍        | 172/1194 [03:26<27:54,  1.64s/it]Evaluating raw model output:  14%|█▍        | 173/1194 [03:27<26:43,  1.57s/it]Evaluating raw model output:  15%|█▍        | 174/1194 [03:28<25:39,  1.51s/it]Evaluating raw model output:  15%|█▍        | 175/1194 [03:29<21:34,  1.27s/it]Evaluating raw model output:  15%|█▍        | 176/1194 [03:30<18:44,  1.11s/it]Evaluating raw model output:  15%|█▍        | 177/1194 [03:30<16:15,  1.04it/s]Evaluating raw model output:  15%|█▍        | 178/1194 [03:32<19:36,  1.16s/it]Evaluating raw model output:  15%|█▍        | 179/1194 [03:33<20:21,  1.20s/it]Evaluating raw model output:  15%|█▌        | 180/1194 [03:34<17:30,  1.04s/it]Evaluating raw model output:  15%|█▌        | 181/1194 [03:35<18:13,  1.08s/it]Evaluating raw model output:  15%|█▌        | 182/1194 [03:36<15:54,  1.06it/s]Evaluating raw model output:  15%|█▌        | 183/1194 [03:36<14:13,  1.18it/s]Evaluating raw model output:  15%|█▌        | 184/1194 [03:38<18:44,  1.11s/it]Evaluating raw model output:  15%|█▌        | 185/1194 [03:39<16:03,  1.05it/s]Evaluating raw model output:  16%|█▌        | 186/1194 [03:40<15:08,  1.11it/s]Evaluating raw model output:  16%|█▌        | 187/1194 [03:40<13:38,  1.23it/s]Evaluating raw model output:  16%|█▌        | 188/1194 [03:41<12:23,  1.35it/s]Evaluating raw model output:  16%|█▌        | 189/1194 [03:42<17:18,  1.03s/it]Evaluating raw model output:  16%|█▌        | 190/1194 [03:43<15:03,  1.11it/s]Evaluating raw model output:  16%|█▌        | 191/1194 [03:44<13:21,  1.25it/s]Evaluating raw model output:  16%|█▌        | 192/1194 [03:45<14:19,  1.17it/s]Evaluating raw model output:  16%|█▌        | 193/1194 [03:46<16:46,  1.01s/it]Evaluating raw model output:  16%|█▌        | 194/1194 [03:47<17:22,  1.04s/it]Evaluating raw model output:  16%|█▋        | 195/1194 [03:48<14:42,  1.13it/s]Evaluating raw model output:  16%|█▋        | 196/1194 [03:48<12:33,  1.32it/s]Evaluating raw model output:  16%|█▋        | 197/1194 [03:50<17:27,  1.05s/it]Evaluating raw model output:  17%|█▋        | 198/1194 [03:50<14:47,  1.12it/s]Evaluating raw model output:  17%|█▋        | 199/1194 [03:52<19:07,  1.15s/it]Evaluating raw model output:  17%|█▋        | 200/1194 [03:53<20:19,  1.23s/it]Evaluating raw model output:  17%|█▋        | 201/1194 [03:55<20:28,  1.24s/it]Evaluating raw model output:  17%|█▋        | 202/1194 [03:55<17:16,  1.04s/it]Evaluating raw model output:  17%|█▋        | 203/1194 [03:56<15:36,  1.06it/s]Evaluating raw model output:  17%|█▋        | 204/1194 [03:58<18:35,  1.13s/it]Evaluating raw model output:  17%|█▋        | 205/1194 [03:58<16:41,  1.01s/it]Evaluating raw model output:  17%|█▋        | 206/1194 [03:59<14:45,  1.12it/s]Evaluating raw model output:  17%|█▋        | 207/1194 [04:00<16:20,  1.01it/s]Evaluating raw model output:  17%|█▋        | 208/1194 [04:01<14:36,  1.13it/s]Evaluating raw model output:  18%|█▊        | 209/1194 [04:03<19:25,  1.18s/it]Evaluating raw model output:  18%|█▊        | 210/1194 [04:04<21:51,  1.33s/it]Evaluating raw model output:  18%|█▊        | 211/1194 [04:05<20:24,  1.25s/it]Evaluating raw model output:  18%|█▊        | 212/1194 [04:06<19:39,  1.20s/it]Evaluating raw model output:  18%|█▊        | 213/1194 [04:08<18:57,  1.16s/it]Evaluating raw model output:  18%|█▊        | 214/1194 [04:09<22:19,  1.37s/it]Evaluating raw model output:  18%|█▊        | 215/1194 [04:10<20:38,  1.26s/it]Evaluating raw model output:  18%|█▊        | 216/1194 [04:11<19:08,  1.17s/it]Evaluating raw model output:  18%|█▊        | 217/1194 [04:12<16:45,  1.03s/it]Evaluating raw model output:  18%|█▊        | 218/1194 [04:13<18:41,  1.15s/it]Evaluating raw model output:  18%|█▊        | 219/1194 [04:14<15:59,  1.02it/s]Evaluating raw model output:  18%|█▊        | 220/1194 [04:15<13:59,  1.16it/s]Evaluating raw model output:  19%|█▊        | 221/1194 [04:16<14:35,  1.11it/s]Evaluating raw model output:  19%|█▊        | 222/1194 [04:16<13:08,  1.23it/s]Evaluating raw model output:  19%|█▊        | 223/1194 [04:17<12:05,  1.34it/s]Evaluating raw model output:  19%|█▉        | 224/1194 [04:18<13:16,  1.22it/s]Evaluating raw model output:  19%|█▉        | 225/1194 [04:19<15:40,  1.03it/s]Evaluating raw model output:  19%|█▉        | 226/1194 [04:20<15:52,  1.02it/s]Evaluating raw model output:  19%|█▉        | 227/1194 [04:21<16:13,  1.01s/it]Evaluating raw model output:  19%|█▉        | 228/1194 [04:22<14:14,  1.13it/s]Evaluating raw model output:  19%|█▉        | 229/1194 [04:23<13:12,  1.22it/s]Evaluating raw model output:  19%|█▉        | 230/1194 [04:23<12:09,  1.32it/s]Evaluating raw model output:  19%|█▉        | 231/1194 [04:24<11:30,  1.40it/s]Evaluating raw model output:  19%|█▉        | 232/1194 [04:24<10:54,  1.47it/s]Evaluating raw model output:  20%|█▉        | 233/1194 [04:25<11:19,  1.41it/s]Evaluating raw model output:  20%|█▉        | 234/1194 [04:26<10:54,  1.47it/s]Evaluating raw model output:  20%|█▉        | 235/1194 [04:26<10:20,  1.55it/s]Evaluating raw model output:  20%|█▉        | 236/1194 [04:27<10:21,  1.54it/s]Evaluating raw model output:  20%|█▉        | 237/1194 [04:28<09:55,  1.61it/s]Evaluating raw model output:  20%|█▉        | 238/1194 [04:28<09:57,  1.60it/s]Evaluating raw model output:  20%|██        | 239/1194 [04:29<09:54,  1.61it/s]Evaluating raw model output:  20%|██        | 240/1194 [04:29<09:56,  1.60it/s]Evaluating raw model output:  20%|██        | 241/1194 [04:30<09:56,  1.60it/s]Evaluating raw model output:  20%|██        | 242/1194 [04:31<09:41,  1.64it/s]Evaluating raw model output:  20%|██        | 243/1194 [04:31<09:57,  1.59it/s]Evaluating raw model output:  20%|██        | 244/1194 [04:32<12:08,  1.30it/s]Evaluating raw model output:  21%|██        | 245/1194 [04:33<11:24,  1.39it/s]Evaluating raw model output:  21%|██        | 246/1194 [04:34<10:55,  1.45it/s]Evaluating raw model output:  21%|██        | 247/1194 [04:35<12:36,  1.25it/s]Evaluating raw model output:  21%|██        | 248/1194 [04:36<14:55,  1.06it/s]Evaluating raw model output:  21%|██        | 249/1194 [04:37<13:28,  1.17it/s]Evaluating raw model output:  21%|██        | 250/1194 [04:37<12:21,  1.27it/s]Evaluating raw model output:  21%|██        | 251/1194 [04:38<14:47,  1.06it/s]Evaluating raw model output:  21%|██        | 252/1194 [04:39<13:42,  1.14it/s]Evaluating raw model output:  21%|██        | 253/1194 [04:40<12:44,  1.23it/s]Evaluating raw model output:  21%|██▏       | 254/1194 [04:42<18:03,  1.15s/it]Evaluating raw model output:  21%|██▏       | 255/1194 [04:42<15:31,  1.01it/s]Evaluating raw model output:  21%|██▏       | 256/1194 [04:44<16:57,  1.08s/it]Evaluating raw model output:  22%|██▏       | 257/1194 [04:45<17:11,  1.10s/it]Evaluating raw model output:  22%|██▏       | 258/1194 [04:47<20:22,  1.31s/it]Evaluating raw model output:  22%|██▏       | 259/1194 [04:48<22:43,  1.46s/it]Evaluating raw model output:  22%|██▏       | 260/1194 [04:50<24:10,  1.55s/it]Evaluating raw model output:  22%|██▏       | 261/1194 [04:52<24:32,  1.58s/it]Evaluating raw model output:  22%|██▏       | 262/1194 [04:54<27:40,  1.78s/it]Evaluating raw model output:  22%|██▏       | 263/1194 [04:55<23:20,  1.50s/it]Evaluating raw model output:  22%|██▏       | 264/1194 [04:56<18:57,  1.22s/it]Evaluating raw model output:  22%|██▏       | 265/1194 [04:57<17:35,  1.14s/it]Evaluating raw model output:  22%|██▏       | 266/1194 [04:57<15:07,  1.02it/s]Evaluating raw model output:  22%|██▏       | 267/1194 [04:58<13:24,  1.15it/s]Evaluating raw model output:  22%|██▏       | 268/1194 [04:59<14:36,  1.06it/s]Evaluating raw model output:  23%|██▎       | 269/1194 [04:59<13:06,  1.18it/s]Evaluating raw model output:  23%|██▎       | 270/1194 [05:00<12:08,  1.27it/s]Evaluating raw model output:  23%|██▎       | 271/1194 [05:01<11:53,  1.29it/s]Evaluating raw model output:  23%|██▎       | 272/1194 [05:02<13:08,  1.17it/s]Evaluating raw model output:  23%|██▎       | 273/1194 [05:03<12:57,  1.18it/s]Evaluating raw model output:  23%|██▎       | 274/1194 [05:04<14:21,  1.07it/s]Evaluating raw model output:  23%|██▎       | 275/1194 [05:04<12:49,  1.19it/s]Evaluating raw model output:  23%|██▎       | 276/1194 [05:06<15:30,  1.01s/it]Evaluating raw model output:  23%|██▎       | 277/1194 [05:07<17:12,  1.13s/it]Evaluating raw model output:  23%|██▎       | 278/1194 [05:08<14:56,  1.02it/s]Evaluating raw model output:  23%|██▎       | 279/1194 [05:09<13:08,  1.16it/s]Evaluating raw model output:  23%|██▎       | 280/1194 [05:09<12:46,  1.19it/s]Evaluating raw model output:  24%|██▎       | 281/1194 [05:10<11:48,  1.29it/s]Evaluating raw model output:  24%|██▎       | 282/1194 [05:11<11:12,  1.36it/s]Evaluating raw model output:  24%|██▎       | 283/1194 [05:11<10:58,  1.38it/s]Evaluating raw model output:  24%|██▍       | 284/1194 [05:12<10:52,  1.39it/s]Evaluating raw model output:  24%|██▍       | 285/1194 [05:13<10:31,  1.44it/s]Evaluating raw model output:  24%|██▍       | 286/1194 [05:14<12:48,  1.18it/s]Evaluating raw model output:  24%|██▍       | 287/1194 [05:15<14:22,  1.05it/s]Evaluating raw model output:  24%|██▍       | 288/1194 [05:16<12:39,  1.19it/s]Evaluating raw model output:  24%|██▍       | 289/1194 [05:16<10:55,  1.38it/s]Evaluating raw model output:  24%|██▍       | 290/1194 [05:17<10:29,  1.44it/s]Evaluating raw model output:  24%|██▍       | 291/1194 [05:17<10:04,  1.49it/s]Evaluating raw model output:  24%|██▍       | 292/1194 [05:18<09:32,  1.57it/s]Evaluating raw model output:  25%|██▍       | 293/1194 [05:18<09:16,  1.62it/s]Evaluating raw model output:  25%|██▍       | 294/1194 [05:19<09:15,  1.62it/s]Evaluating raw model output:  25%|██▍       | 295/1194 [05:20<09:16,  1.62it/s]Evaluating raw model output:  25%|██▍       | 296/1194 [05:21<11:28,  1.30it/s]Evaluating raw model output:  25%|██▍       | 297/1194 [05:21<10:30,  1.42it/s]Evaluating raw model output:  25%|██▍       | 298/1194 [05:22<09:58,  1.50it/s]Evaluating raw model output:  25%|██▌       | 299/1194 [05:23<09:41,  1.54it/s]Evaluating raw model output:  25%|██▌       | 300/1194 [05:24<11:27,  1.30it/s]Evaluating raw model output:  25%|██▌       | 301/1194 [05:25<15:18,  1.03s/it]Evaluating raw model output:  25%|██▌       | 302/1194 [05:26<13:39,  1.09it/s]Evaluating raw model output:  25%|██▌       | 303/1194 [05:27<12:31,  1.19it/s]Evaluating raw model output:  25%|██▌       | 304/1194 [05:28<16:32,  1.11s/it]Evaluating raw model output:  26%|██▌       | 305/1194 [05:29<16:56,  1.14s/it]Evaluating raw model output:  26%|██▌       | 306/1194 [05:31<16:59,  1.15s/it]Evaluating raw model output:  26%|██▌       | 307/1194 [05:32<18:47,  1.27s/it]Evaluating raw model output:  26%|██▌       | 308/1194 [05:33<18:52,  1.28s/it]Evaluating raw model output:  26%|██▌       | 309/1194 [05:35<17:44,  1.20s/it]Evaluating raw model output:  26%|██▌       | 310/1194 [05:36<17:45,  1.21s/it]Evaluating raw model output:  26%|██▌       | 311/1194 [05:37<17:28,  1.19s/it]Evaluating raw model output:  26%|██▌       | 312/1194 [05:39<23:22,  1.59s/it]Evaluating raw model output:  26%|██▌       | 313/1194 [05:41<21:55,  1.49s/it]Evaluating raw model output:  26%|██▋       | 314/1194 [05:42<22:57,  1.57s/it]Evaluating raw model output:  26%|██▋       | 315/1194 [05:44<21:11,  1.45s/it]Evaluating raw model output:  26%|██▋       | 316/1194 [05:45<19:38,  1.34s/it]Evaluating raw model output:  27%|██▋       | 317/1194 [05:46<21:25,  1.47s/it]Evaluating raw model output:  27%|██▋       | 318/1194 [05:49<25:36,  1.75s/it]Evaluating raw model output:  27%|██▋       | 319/1194 [05:50<23:15,  1.59s/it]Evaluating raw model output:  27%|██▋       | 320/1194 [05:51<19:23,  1.33s/it]Evaluating raw model output:  27%|██▋       | 321/1194 [05:52<18:29,  1.27s/it]Evaluating raw model output:  27%|██▋       | 322/1194 [05:54<20:45,  1.43s/it]Evaluating raw model output:  27%|██▋       | 323/1194 [05:54<17:50,  1.23s/it]Evaluating raw model output:  27%|██▋       | 324/1194 [05:56<18:27,  1.27s/it]Evaluating raw model output:  27%|██▋       | 325/1194 [05:57<19:44,  1.36s/it]Evaluating raw model output:  27%|██▋       | 326/1194 [05:58<17:12,  1.19s/it]Evaluating raw model output:  27%|██▋       | 327/1194 [05:59<17:01,  1.18s/it]Evaluating raw model output:  27%|██▋       | 328/1194 [06:01<19:01,  1.32s/it]Evaluating raw model output:  28%|██▊       | 329/1194 [06:02<17:47,  1.23s/it]Evaluating raw model output:  28%|██▊       | 330/1194 [06:03<17:32,  1.22s/it]Evaluating raw model output:  28%|██▊       | 331/1194 [06:04<17:07,  1.19s/it]Evaluating raw model output:  28%|██▊       | 332/1194 [06:05<16:33,  1.15s/it]Evaluating raw model output:  28%|██▊       | 333/1194 [06:06<15:45,  1.10s/it]Evaluating raw model output:  28%|██▊       | 334/1194 [06:07<13:46,  1.04it/s]Evaluating raw model output:  28%|██▊       | 335/1194 [06:08<12:16,  1.17it/s]Evaluating raw model output:  28%|██▊       | 336/1194 [06:08<11:21,  1.26it/s]Evaluating raw model output:  28%|██▊       | 337/1194 [06:10<13:12,  1.08it/s]Evaluating raw model output:  28%|██▊       | 338/1194 [06:10<12:00,  1.19it/s]Evaluating raw model output:  28%|██▊       | 339/1194 [06:11<10:56,  1.30it/s]Evaluating raw model output:  28%|██▊       | 340/1194 [06:11<10:17,  1.38it/s]Evaluating raw model output:  29%|██▊       | 341/1194 [06:13<12:54,  1.10it/s]Evaluating raw model output:  29%|██▊       | 342/1194 [06:15<17:53,  1.26s/it]Evaluating raw model output:  29%|██▊       | 343/1194 [06:16<17:30,  1.23s/it]Evaluating raw model output:  29%|██▉       | 344/1194 [06:17<16:49,  1.19s/it]Evaluating raw model output:  29%|██▉       | 345/1194 [06:19<21:05,  1.49s/it]Evaluating raw model output:  29%|██▉       | 346/1194 [06:20<18:02,  1.28s/it]Evaluating raw model output:  29%|██▉       | 347/1194 [06:21<15:03,  1.07s/it]Evaluating raw model output:  29%|██▉       | 348/1194 [06:21<13:24,  1.05it/s]Evaluating raw model output:  29%|██▉       | 349/1194 [06:22<11:55,  1.18it/s]Evaluating raw model output:  29%|██▉       | 350/1194 [06:24<16:33,  1.18s/it]Evaluating raw model output:  29%|██▉       | 351/1194 [06:25<17:02,  1.21s/it]Evaluating raw model output:  29%|██▉       | 352/1194 [06:26<16:20,  1.17s/it]Evaluating raw model output:  30%|██▉       | 353/1194 [06:27<16:09,  1.15s/it]Evaluating raw model output:  30%|██▉       | 354/1194 [06:28<15:48,  1.13s/it]Evaluating raw model output:  30%|██▉       | 355/1194 [06:29<15:20,  1.10s/it]Evaluating raw model output:  30%|██▉       | 356/1194 [06:30<14:01,  1.00s/it]Evaluating raw model output:  30%|██▉       | 357/1194 [06:33<20:10,  1.45s/it]Evaluating raw model output:  30%|██▉       | 358/1194 [06:34<18:56,  1.36s/it]Evaluating raw model output:  30%|███       | 359/1194 [06:35<18:37,  1.34s/it]Evaluating raw model output:  30%|███       | 360/1194 [06:36<17:27,  1.26s/it]Evaluating raw model output:  30%|███       | 361/1194 [06:37<17:29,  1.26s/it]Evaluating raw model output:  30%|███       | 362/1194 [06:39<16:36,  1.20s/it]Evaluating raw model output:  30%|███       | 363/1194 [06:39<14:30,  1.05s/it]Evaluating raw model output:  30%|███       | 364/1194 [06:40<12:44,  1.09it/s]Evaluating raw model output:  31%|███       | 365/1194 [06:40<11:12,  1.23it/s]Evaluating raw model output:  31%|███       | 366/1194 [06:42<12:29,  1.10it/s]Evaluating raw model output:  31%|███       | 367/1194 [06:43<15:35,  1.13s/it]Evaluating raw model output:  31%|███       | 368/1194 [06:44<15:34,  1.13s/it]Evaluating raw model output:  31%|███       | 369/1194 [06:45<15:23,  1.12s/it]Evaluating raw model output:  31%|███       | 370/1194 [06:46<13:54,  1.01s/it]Evaluating raw model output:  31%|███       | 371/1194 [06:47<14:54,  1.09s/it]Evaluating raw model output:  31%|███       | 372/1194 [06:48<12:53,  1.06it/s]Evaluating raw model output:  31%|███       | 373/1194 [06:49<11:29,  1.19it/s]Evaluating raw model output:  31%|███▏      | 374/1194 [06:50<14:22,  1.05s/it]Evaluating raw model output:  31%|███▏      | 375/1194 [06:51<12:34,  1.09it/s]Evaluating raw model output:  31%|███▏      | 376/1194 [06:51<10:57,  1.24it/s]Evaluating raw model output:  32%|███▏      | 377/1194 [06:52<09:47,  1.39it/s]Evaluating raw model output:  32%|███▏      | 378/1194 [06:52<08:55,  1.53it/s]Evaluating raw model output:  32%|███▏      | 379/1194 [06:53<08:26,  1.61it/s]Evaluating raw model output:  32%|███▏      | 380/1194 [06:54<09:25,  1.44it/s]Evaluating raw model output:  32%|███▏      | 381/1194 [06:55<10:22,  1.31it/s]Evaluating raw model output:  32%|███▏      | 382/1194 [06:56<14:12,  1.05s/it]Evaluating raw model output:  32%|███▏      | 383/1194 [06:58<17:36,  1.30s/it]Evaluating raw model output:  32%|███▏      | 384/1194 [07:00<17:15,  1.28s/it]Evaluating raw model output:  32%|███▏      | 385/1194 [07:00<15:51,  1.18s/it]Evaluating raw model output:  32%|███▏      | 386/1194 [07:02<15:56,  1.18s/it]Evaluating raw model output:  32%|███▏      | 387/1194 [07:02<14:20,  1.07s/it]Evaluating raw model output:  32%|███▏      | 388/1194 [07:03<13:36,  1.01s/it]Evaluating raw model output:  33%|███▎      | 389/1194 [07:04<11:55,  1.12it/s]Evaluating raw model output:  33%|███▎      | 390/1194 [07:06<14:47,  1.10s/it]Evaluating raw model output:  33%|███▎      | 391/1194 [07:06<13:54,  1.04s/it]Evaluating raw model output:  33%|███▎      | 392/1194 [07:07<12:23,  1.08it/s]Evaluating raw model output:  33%|███▎      | 393/1194 [07:08<11:14,  1.19it/s]Evaluating raw model output:  33%|███▎      | 394/1194 [07:09<13:38,  1.02s/it]Evaluating raw model output:  33%|███▎      | 395/1194 [07:10<12:03,  1.10it/s]Evaluating raw model output:  33%|███▎      | 396/1194 [07:11<13:07,  1.01it/s]Evaluating raw model output:  33%|███▎      | 397/1194 [07:12<13:34,  1.02s/it]Evaluating raw model output:  33%|███▎      | 398/1194 [07:13<11:50,  1.12it/s]Evaluating raw model output:  33%|███▎      | 399/1194 [07:13<11:15,  1.18it/s]Evaluating raw model output:  34%|███▎      | 400/1194 [07:14<10:32,  1.26it/s]Evaluating raw model output:  34%|███▎      | 401/1194 [07:15<09:53,  1.34it/s]Evaluating raw model output:  34%|███▎      | 402/1194 [07:15<09:30,  1.39it/s]Evaluating raw model output:  34%|███▍      | 403/1194 [07:16<09:28,  1.39it/s]Evaluating raw model output:  34%|███▍      | 404/1194 [07:17<09:38,  1.37it/s]Evaluating raw model output:  34%|███▍      | 405/1194 [07:18<09:25,  1.39it/s]Evaluating raw model output:  34%|███▍      | 406/1194 [07:20<15:12,  1.16s/it]Evaluating raw model output:  34%|███▍      | 407/1194 [07:21<16:57,  1.29s/it]Evaluating raw model output:  34%|███▍      | 408/1194 [07:22<16:17,  1.24s/it]Evaluating raw model output:  34%|███▍      | 409/1194 [07:24<18:58,  1.45s/it]Evaluating raw model output:  34%|███▍      | 410/1194 [07:25<17:13,  1.32s/it]Evaluating raw model output:  34%|███▍      | 411/1194 [07:27<16:15,  1.25s/it]Evaluating raw model output:  35%|███▍      | 412/1194 [07:27<15:05,  1.16s/it]Evaluating raw model output:  35%|███▍      | 413/1194 [07:29<14:47,  1.14s/it]Evaluating raw model output:  35%|███▍      | 414/1194 [07:29<12:57,  1.00it/s]Evaluating raw model output:  35%|███▍      | 415/1194 [07:30<11:40,  1.11it/s]Evaluating raw model output:  35%|███▍      | 416/1194 [07:31<10:55,  1.19it/s]Evaluating raw model output:  35%|███▍      | 417/1194 [07:31<10:09,  1.27it/s]Evaluating raw model output:  35%|███▌      | 418/1194 [07:32<09:39,  1.34it/s]Evaluating raw model output:  35%|███▌      | 419/1194 [07:33<09:24,  1.37it/s]Evaluating raw model output:  35%|███▌      | 420/1194 [07:34<12:08,  1.06it/s]Evaluating raw model output:  35%|███▌      | 421/1194 [07:36<14:35,  1.13s/it]Evaluating raw model output:  35%|███▌      | 422/1194 [07:36<12:43,  1.01it/s]Evaluating raw model output:  35%|███▌      | 423/1194 [07:37<11:36,  1.11it/s]Evaluating raw model output:  36%|███▌      | 424/1194 [07:38<10:42,  1.20it/s]Evaluating raw model output:  36%|███▌      | 425/1194 [07:38<10:13,  1.25it/s]Evaluating raw model output:  36%|███▌      | 426/1194 [07:39<09:58,  1.28it/s]Evaluating raw model output:  36%|███▌      | 427/1194 [07:40<09:33,  1.34it/s]Evaluating raw model output:  36%|███▌      | 428/1194 [07:41<10:44,  1.19it/s]Evaluating raw model output:  36%|███▌      | 429/1194 [07:42<13:02,  1.02s/it]Evaluating raw model output:  36%|███▌      | 430/1194 [07:43<11:46,  1.08it/s]Evaluating raw model output:  36%|███▌      | 431/1194 [07:44<10:52,  1.17it/s]Evaluating raw model output:  36%|███▌      | 432/1194 [07:44<10:03,  1.26it/s]Evaluating raw model output:  36%|███▋      | 433/1194 [07:45<11:34,  1.10it/s]Evaluating raw model output:  36%|███▋      | 434/1194 [07:47<14:33,  1.15s/it]Evaluating raw model output:  36%|███▋      | 435/1194 [07:48<14:17,  1.13s/it]Evaluating raw model output:  37%|███▋      | 436/1194 [07:50<14:54,  1.18s/it]Evaluating raw model output:  37%|███▋      | 437/1194 [07:50<12:57,  1.03s/it]Evaluating raw model output:  37%|███▋      | 438/1194 [07:51<11:32,  1.09it/s]Evaluating raw model output:  37%|███▋      | 439/1194 [07:52<10:28,  1.20it/s]Evaluating raw model output:  37%|███▋      | 440/1194 [07:52<09:47,  1.28it/s]Evaluating raw model output:  37%|███▋      | 441/1194 [07:53<09:17,  1.35it/s]Evaluating raw model output:  37%|███▋      | 442/1194 [07:53<08:49,  1.42it/s]Evaluating raw model output:  37%|███▋      | 443/1194 [07:54<09:15,  1.35it/s]Evaluating raw model output:  37%|███▋      | 444/1194 [07:55<08:48,  1.42it/s]Evaluating raw model output:  37%|███▋      | 445/1194 [07:56<08:43,  1.43it/s]Evaluating raw model output:  37%|███▋      | 446/1194 [07:56<08:28,  1.47it/s]Evaluating raw model output:  37%|███▋      | 447/1194 [07:57<08:15,  1.51it/s]Evaluating raw model output:  38%|███▊      | 448/1194 [07:58<08:11,  1.52it/s]Evaluating raw model output:  38%|███▊      | 449/1194 [07:58<08:08,  1.53it/s]Evaluating raw model output:  38%|███▊      | 450/1194 [07:59<08:07,  1.53it/s]Evaluating raw model output:  38%|███▊      | 451/1194 [07:59<08:01,  1.54it/s]Evaluating raw model output:  38%|███▊      | 452/1194 [08:00<07:43,  1.60it/s]Evaluating raw model output:  38%|███▊      | 453/1194 [08:01<10:36,  1.16it/s]Evaluating raw model output:  38%|███▊      | 454/1194 [08:03<13:21,  1.08s/it]Evaluating raw model output:  38%|███▊      | 455/1194 [08:04<13:27,  1.09s/it]Evaluating raw model output:  38%|███▊      | 456/1194 [08:05<13:42,  1.11s/it]Evaluating raw model output:  38%|███▊      | 457/1194 [08:06<13:55,  1.13s/it]Evaluating raw model output:  38%|███▊      | 458/1194 [08:08<13:43,  1.12s/it]Evaluating raw model output:  38%|███▊      | 459/1194 [08:09<13:38,  1.11s/it]Evaluating raw model output:  39%|███▊      | 460/1194 [08:10<14:10,  1.16s/it]Evaluating raw model output:  39%|███▊      | 461/1194 [08:11<12:55,  1.06s/it]Evaluating raw model output:  39%|███▊      | 462/1194 [08:11<11:19,  1.08it/s]Evaluating raw model output:  39%|███▉      | 463/1194 [08:12<11:32,  1.06it/s]Evaluating raw model output:  39%|███▉      | 464/1194 [08:14<13:38,  1.12s/it]Evaluating raw model output:  39%|███▉      | 465/1194 [08:15<12:46,  1.05s/it]Evaluating raw model output:  39%|███▉      | 466/1194 [08:15<11:05,  1.09it/s]Evaluating raw model output:  39%|███▉      | 467/1194 [08:16<09:54,  1.22it/s]Evaluating raw model output:  39%|███▉      | 468/1194 [08:17<10:42,  1.13it/s]Evaluating raw model output:  39%|███▉      | 469/1194 [08:18<09:53,  1.22it/s]Evaluating raw model output:  39%|███▉      | 470/1194 [08:18<09:12,  1.31it/s]Evaluating raw model output:  39%|███▉      | 471/1194 [08:19<08:38,  1.40it/s]Evaluating raw model output:  40%|███▉      | 472/1194 [08:21<12:20,  1.03s/it]Evaluating raw model output:  40%|███▉      | 473/1194 [08:21<10:37,  1.13it/s]Evaluating raw model output:  40%|███▉      | 474/1194 [08:22<09:38,  1.25it/s]Evaluating raw model output:  40%|███▉      | 475/1194 [08:22<09:07,  1.31it/s]Evaluating raw model output:  40%|███▉      | 476/1194 [08:24<12:28,  1.04s/it]Evaluating raw model output:  40%|███▉      | 477/1194 [08:25<11:17,  1.06it/s]Evaluating raw model output:  40%|████      | 478/1194 [08:26<12:39,  1.06s/it]Evaluating raw model output:  40%|████      | 479/1194 [08:27<11:17,  1.05it/s]Evaluating raw model output:  40%|████      | 480/1194 [08:28<12:21,  1.04s/it]Evaluating raw model output:  40%|████      | 481/1194 [08:30<14:48,  1.25s/it]Evaluating raw model output:  40%|████      | 482/1194 [08:30<12:13,  1.03s/it]Evaluating raw model output:  40%|████      | 483/1194 [08:31<10:29,  1.13it/s]Evaluating raw model output:  41%|████      | 484/1194 [08:32<09:18,  1.27it/s]Evaluating raw model output:  41%|████      | 485/1194 [08:32<08:29,  1.39it/s]Evaluating raw model output:  41%|████      | 486/1194 [08:33<10:32,  1.12it/s]Evaluating raw model output:  41%|████      | 487/1194 [08:35<12:05,  1.03s/it]Evaluating raw model output:  41%|████      | 488/1194 [08:35<10:25,  1.13it/s]Evaluating raw model output:  41%|████      | 489/1194 [08:36<09:39,  1.22it/s]Evaluating raw model output:  41%|████      | 490/1194 [08:37<08:58,  1.31it/s]Evaluating raw model output:  41%|████      | 491/1194 [08:38<09:35,  1.22it/s]Evaluating raw model output:  41%|████      | 492/1194 [08:38<08:50,  1.32it/s]Evaluating raw model output:  41%|████▏     | 493/1194 [08:39<08:16,  1.41it/s]Evaluating raw model output:  41%|████▏     | 494/1194 [08:39<08:22,  1.39it/s]Evaluating raw model output:  41%|████▏     | 495/1194 [08:40<08:06,  1.44it/s]Evaluating raw model output:  42%|████▏     | 496/1194 [08:41<07:53,  1.47it/s]Evaluating raw model output:  42%|████▏     | 497/1194 [08:41<07:40,  1.51it/s]Evaluating raw model output:  42%|████▏     | 498/1194 [08:42<07:32,  1.54it/s]Evaluating raw model output:  42%|████▏     | 499/1194 [08:43<07:23,  1.57it/s]Evaluating raw model output:  42%|████▏     | 500/1194 [08:43<07:24,  1.56it/s]Evaluating raw model output:  42%|████▏     | 501/1194 [08:44<07:21,  1.57it/s]Evaluating raw model output:  42%|████▏     | 502/1194 [08:46<12:50,  1.11s/it]Evaluating raw model output:  42%|████▏     | 503/1194 [08:47<12:52,  1.12s/it]Evaluating raw model output:  42%|████▏     | 504/1194 [08:48<12:33,  1.09s/it]Evaluating raw model output:  42%|████▏     | 505/1194 [08:49<12:33,  1.09s/it]Evaluating raw model output:  42%|████▏     | 506/1194 [08:50<12:36,  1.10s/it]Evaluating raw model output:  42%|████▏     | 507/1194 [08:52<13:52,  1.21s/it]Evaluating raw model output:  43%|████▎     | 508/1194 [08:53<12:52,  1.13s/it]Evaluating raw model output:  43%|████▎     | 509/1194 [08:53<11:03,  1.03it/s]Evaluating raw model output:  43%|████▎     | 510/1194 [08:55<13:37,  1.19s/it]Evaluating raw model output:  43%|████▎     | 511/1194 [08:57<15:04,  1.32s/it]Evaluating raw model output:  43%|████▎     | 512/1194 [08:58<12:47,  1.12s/it]Evaluating raw model output:  43%|████▎     | 513/1194 [08:58<11:51,  1.04s/it]Evaluating raw model output:  43%|████▎     | 514/1194 [08:59<10:28,  1.08it/s]Evaluating raw model output:  43%|████▎     | 515/1194 [09:00<11:36,  1.03s/it]Evaluating raw model output:  43%|████▎     | 516/1194 [09:01<11:16,  1.00it/s]Evaluating raw model output:  43%|████▎     | 517/1194 [09:02<09:47,  1.15it/s]Evaluating raw model output:  43%|████▎     | 518/1194 [09:03<10:32,  1.07it/s]Evaluating raw model output:  43%|████▎     | 519/1194 [09:03<09:30,  1.18it/s]Evaluating raw model output:  44%|████▎     | 520/1194 [09:04<08:41,  1.29it/s]Evaluating raw model output:  44%|████▎     | 521/1194 [09:05<08:11,  1.37it/s]Evaluating raw model output:  44%|████▎     | 522/1194 [09:05<07:46,  1.44it/s]Evaluating raw model output:  44%|████▍     | 523/1194 [09:06<07:29,  1.49it/s]Evaluating raw model output:  44%|████▍     | 524/1194 [09:07<07:21,  1.52it/s]Evaluating raw model output:  44%|████▍     | 525/1194 [09:07<07:12,  1.55it/s]Evaluating raw model output:  44%|████▍     | 526/1194 [09:09<09:24,  1.18it/s]Evaluating raw model output:  44%|████▍     | 527/1194 [09:09<08:29,  1.31it/s]Evaluating raw model output:  44%|████▍     | 528/1194 [09:11<11:12,  1.01s/it]Evaluating raw model output:  44%|████▍     | 529/1194 [09:12<12:00,  1.08s/it]Evaluating raw model output:  44%|████▍     | 530/1194 [09:13<10:25,  1.06it/s]Evaluating raw model output:  44%|████▍     | 531/1194 [09:14<11:38,  1.05s/it]Evaluating raw model output:  45%|████▍     | 532/1194 [09:14<09:59,  1.10it/s]Evaluating raw model output:  45%|████▍     | 533/1194 [09:15<09:05,  1.21it/s]Evaluating raw model output:  45%|████▍     | 534/1194 [09:16<08:23,  1.31it/s]Evaluating raw model output:  45%|████▍     | 535/1194 [09:16<08:15,  1.33it/s]Evaluating raw model output:  45%|████▍     | 536/1194 [09:18<09:52,  1.11it/s]Evaluating raw model output:  45%|████▍     | 537/1194 [09:18<08:58,  1.22it/s]Evaluating raw model output:  45%|████▌     | 538/1194 [09:19<08:03,  1.36it/s]Evaluating raw model output:  45%|████▌     | 539/1194 [09:19<07:39,  1.42it/s]Evaluating raw model output:  45%|████▌     | 540/1194 [09:20<07:45,  1.41it/s]Evaluating raw model output:  45%|████▌     | 541/1194 [09:21<07:22,  1.48it/s]Evaluating raw model output:  45%|████▌     | 542/1194 [09:21<07:15,  1.50it/s]Evaluating raw model output:  45%|████▌     | 543/1194 [09:22<07:05,  1.53it/s]Evaluating raw model output:  46%|████▌     | 544/1194 [09:23<08:47,  1.23it/s]Evaluating raw model output:  46%|████▌     | 545/1194 [09:25<11:19,  1.05s/it]Evaluating raw model output:  46%|████▌     | 546/1194 [09:26<10:20,  1.04it/s]Evaluating raw model output:  46%|████▌     | 547/1194 [09:27<10:45,  1.00it/s]Evaluating raw model output:  46%|████▌     | 548/1194 [09:28<10:52,  1.01s/it]Evaluating raw model output:  46%|████▌     | 549/1194 [09:29<11:07,  1.04s/it]Evaluating raw model output:  46%|████▌     | 550/1194 [09:30<11:24,  1.06s/it]Evaluating raw model output:  46%|████▌     | 551/1194 [09:31<11:15,  1.05s/it]Evaluating raw model output:  46%|████▌     | 552/1194 [09:32<11:26,  1.07s/it]Evaluating raw model output:  46%|████▋     | 553/1194 [09:34<13:08,  1.23s/it]Evaluating raw model output:  46%|████▋     | 554/1194 [09:35<13:05,  1.23s/it]Evaluating raw model output:  46%|████▋     | 555/1194 [09:37<14:34,  1.37s/it]Evaluating raw model output:  47%|████▋     | 556/1194 [09:37<12:03,  1.13s/it]Evaluating raw model output:  47%|████▋     | 557/1194 [09:38<11:15,  1.06s/it]Evaluating raw model output:  47%|████▋     | 558/1194 [09:39<09:50,  1.08it/s]Evaluating raw model output:  47%|████▋     | 559/1194 [09:40<10:07,  1.05it/s]Evaluating raw model output:  47%|████▋     | 560/1194 [09:40<09:04,  1.16it/s]Evaluating raw model output:  47%|████▋     | 561/1194 [09:41<08:48,  1.20it/s]Evaluating raw model output:  47%|████▋     | 562/1194 [09:42<08:08,  1.29it/s]Evaluating raw model output:  47%|████▋     | 563/1194 [09:42<07:54,  1.33it/s]Evaluating raw model output:  47%|████▋     | 564/1194 [09:43<07:33,  1.39it/s]Evaluating raw model output:  47%|████▋     | 565/1194 [09:44<07:19,  1.43it/s]Evaluating raw model output:  47%|████▋     | 566/1194 [09:44<07:07,  1.47it/s]Evaluating raw model output:  47%|████▋     | 567/1194 [09:45<07:11,  1.45it/s]Evaluating raw model output:  48%|████▊     | 568/1194 [09:46<06:56,  1.50it/s]Evaluating raw model output:  48%|████▊     | 569/1194 [09:46<06:53,  1.51it/s]Evaluating raw model output:  48%|████▊     | 570/1194 [09:47<07:05,  1.47it/s]Evaluating raw model output:  48%|████▊     | 571/1194 [09:48<06:56,  1.50it/s]Evaluating raw model output:  48%|████▊     | 572/1194 [09:49<08:40,  1.20it/s]Evaluating raw model output:  48%|████▊     | 573/1194 [09:50<07:54,  1.31it/s]Evaluating raw model output:  48%|████▊     | 574/1194 [09:51<08:51,  1.17it/s]Evaluating raw model output:  48%|████▊     | 575/1194 [09:51<08:07,  1.27it/s]Evaluating raw model output:  48%|████▊     | 576/1194 [09:52<07:46,  1.32it/s]Evaluating raw model output:  48%|████▊     | 577/1194 [09:53<07:45,  1.32it/s]Evaluating raw model output:  48%|████▊     | 578/1194 [09:53<07:26,  1.38it/s]Evaluating raw model output:  48%|████▊     | 579/1194 [09:54<06:58,  1.47it/s]Evaluating raw model output:  49%|████▊     | 580/1194 [09:55<09:16,  1.10it/s]Evaluating raw model output:  49%|████▊     | 581/1194 [09:56<08:22,  1.22it/s]Evaluating raw model output:  49%|████▊     | 582/1194 [09:57<10:20,  1.01s/it]Evaluating raw model output:  49%|████▉     | 583/1194 [09:58<09:08,  1.11it/s]Evaluating raw model output:  49%|████▉     | 584/1194 [09:59<08:18,  1.22it/s]Evaluating raw model output:  49%|████▉     | 585/1194 [09:59<07:42,  1.32it/s]Evaluating raw model output:  49%|████▉     | 586/1194 [10:00<07:58,  1.27it/s]Evaluating raw model output:  49%|████▉     | 587/1194 [10:01<07:37,  1.33it/s]Evaluating raw model output:  49%|████▉     | 588/1194 [10:01<07:21,  1.37it/s]Evaluating raw model output:  49%|████▉     | 589/1194 [10:02<07:03,  1.43it/s]Evaluating raw model output:  49%|████▉     | 590/1194 [10:03<06:42,  1.50it/s]Evaluating raw model output:  49%|████▉     | 591/1194 [10:03<06:28,  1.55it/s]Evaluating raw model output:  50%|████▉     | 592/1194 [10:04<06:00,  1.67it/s]Evaluating raw model output:  50%|████▉     | 593/1194 [10:04<05:54,  1.70it/s]Evaluating raw model output:  50%|████▉     | 594/1194 [10:05<06:45,  1.48it/s]Evaluating raw model output:  50%|████▉     | 595/1194 [10:06<06:22,  1.57it/s]Evaluating raw model output:  50%|████▉     | 596/1194 [10:06<06:07,  1.63it/s]Evaluating raw model output:  50%|█████     | 597/1194 [10:07<06:20,  1.57it/s]Evaluating raw model output:  50%|█████     | 598/1194 [10:08<06:36,  1.50it/s]Evaluating raw model output:  50%|█████     | 599/1194 [10:08<06:31,  1.52it/s]Evaluating raw model output:  50%|█████     | 600/1194 [10:10<09:23,  1.05it/s]Evaluating raw model output:  50%|█████     | 601/1194 [10:11<09:50,  1.00it/s]Evaluating raw model output:  50%|█████     | 602/1194 [10:12<10:07,  1.03s/it]Evaluating raw model output:  51%|█████     | 603/1194 [10:13<10:23,  1.06s/it]Evaluating raw model output:  51%|█████     | 604/1194 [10:15<11:41,  1.19s/it]Evaluating raw model output:  51%|█████     | 605/1194 [10:16<11:29,  1.17s/it]Evaluating raw model output:  51%|█████     | 606/1194 [10:17<11:36,  1.18s/it]Evaluating raw model output:  51%|█████     | 607/1194 [10:19<12:43,  1.30s/it]Evaluating raw model output:  51%|█████     | 608/1194 [10:19<10:49,  1.11s/it]Evaluating raw model output:  51%|█████     | 609/1194 [10:20<09:15,  1.05it/s]Evaluating raw model output:  51%|█████     | 610/1194 [10:21<08:17,  1.17it/s]Evaluating raw model output:  51%|█████     | 611/1194 [10:21<07:40,  1.27it/s]Evaluating raw model output:  51%|█████▏    | 612/1194 [10:22<07:05,  1.37it/s]Evaluating raw model output:  51%|█████▏    | 613/1194 [10:23<06:53,  1.41it/s]Evaluating raw model output:  51%|█████▏    | 614/1194 [10:23<06:45,  1.43it/s]Evaluating raw model output:  52%|█████▏    | 615/1194 [10:24<06:24,  1.51it/s]Evaluating raw model output:  52%|█████▏    | 616/1194 [10:25<06:33,  1.47it/s]Evaluating raw model output:  52%|█████▏    | 617/1194 [10:25<06:44,  1.43it/s]Evaluating raw model output:  52%|█████▏    | 618/1194 [10:26<06:33,  1.47it/s]Evaluating raw model output:  52%|█████▏    | 619/1194 [10:27<06:25,  1.49it/s]Evaluating raw model output:  52%|█████▏    | 620/1194 [10:27<06:15,  1.53it/s]Evaluating raw model output:  52%|█████▏    | 621/1194 [10:28<06:07,  1.56it/s]Evaluating raw model output:  52%|█████▏    | 622/1194 [10:28<06:03,  1.58it/s]Evaluating raw model output:  52%|█████▏    | 623/1194 [10:29<06:00,  1.58it/s]Evaluating raw model output:  52%|█████▏    | 624/1194 [10:30<06:05,  1.56it/s]Evaluating raw model output:  52%|█████▏    | 625/1194 [10:30<05:55,  1.60it/s]Evaluating raw model output:  52%|█████▏    | 626/1194 [10:32<08:40,  1.09it/s]Evaluating raw model output:  53%|█████▎    | 627/1194 [10:32<07:46,  1.22it/s]Evaluating raw model output:  53%|█████▎    | 628/1194 [10:33<07:32,  1.25it/s]Evaluating raw model output:  53%|█████▎    | 629/1194 [10:34<07:00,  1.34it/s]Evaluating raw model output:  53%|█████▎    | 630/1194 [10:34<06:29,  1.45it/s]Evaluating raw model output:  53%|█████▎    | 631/1194 [10:35<06:16,  1.49it/s]Evaluating raw model output:  53%|█████▎    | 632/1194 [10:36<06:05,  1.54it/s]Evaluating raw model output:  53%|█████▎    | 633/1194 [10:36<06:02,  1.55it/s]Evaluating raw model output:  53%|█████▎    | 634/1194 [10:37<05:58,  1.56it/s]Evaluating raw model output:  53%|█████▎    | 635/1194 [10:38<05:54,  1.58it/s]Evaluating raw model output:  53%|█████▎    | 636/1194 [10:38<05:47,  1.60it/s]Evaluating raw model output:  53%|█████▎    | 637/1194 [10:39<05:52,  1.58it/s]Evaluating raw model output:  53%|█████▎    | 638/1194 [10:39<05:56,  1.56it/s]Evaluating raw model output:  54%|█████▎    | 639/1194 [10:40<06:05,  1.52it/s]Evaluating raw model output:  54%|█████▎    | 640/1194 [10:41<08:02,  1.15it/s]Evaluating raw model output:  54%|█████▎    | 641/1194 [10:42<07:17,  1.26it/s]Evaluating raw model output:  54%|█████▍    | 642/1194 [10:43<06:47,  1.35it/s]Evaluating raw model output:  54%|█████▍    | 643/1194 [10:44<08:39,  1.06it/s]Evaluating raw model output:  54%|█████▍    | 644/1194 [10:45<07:41,  1.19it/s]Evaluating raw model output:  54%|█████▍    | 645/1194 [10:45<07:02,  1.30it/s]Evaluating raw model output:  54%|█████▍    | 646/1194 [10:46<07:41,  1.19it/s]Evaluating raw model output:  54%|█████▍    | 647/1194 [10:47<08:13,  1.11it/s]Evaluating raw model output:  54%|█████▍    | 648/1194 [10:48<07:26,  1.22it/s]Evaluating raw model output:  54%|█████▍    | 649/1194 [10:49<06:45,  1.34it/s]Evaluating raw model output:  54%|█████▍    | 650/1194 [10:49<06:20,  1.43it/s]Evaluating raw model output:  55%|█████▍    | 651/1194 [10:50<07:19,  1.24it/s]Evaluating raw model output:  55%|█████▍    | 652/1194 [10:51<06:53,  1.31it/s]Evaluating raw model output:  55%|█████▍    | 653/1194 [10:52<07:27,  1.21it/s]Evaluating raw model output:  55%|█████▍    | 654/1194 [10:54<09:57,  1.11s/it]Evaluating raw model output:  55%|█████▍    | 655/1194 [10:55<10:10,  1.13s/it]Evaluating raw model output:  55%|█████▍    | 656/1194 [10:56<09:46,  1.09s/it]Evaluating raw model output:  55%|█████▌    | 657/1194 [10:57<09:40,  1.08s/it]Evaluating raw model output:  55%|█████▌    | 658/1194 [10:59<11:23,  1.28s/it]Evaluating raw model output:  55%|█████▌    | 659/1194 [11:00<10:52,  1.22s/it]Evaluating raw model output:  55%|█████▌    | 660/1194 [11:01<11:25,  1.28s/it]Evaluating raw model output:  55%|█████▌    | 661/1194 [11:02<09:42,  1.09s/it]Evaluating raw model output:  55%|█████▌    | 662/1194 [11:02<08:35,  1.03it/s]Evaluating raw model output:  56%|█████▌    | 663/1194 [11:03<08:33,  1.03it/s]Evaluating raw model output:  56%|█████▌    | 664/1194 [11:04<07:41,  1.15it/s]Evaluating raw model output:  56%|█████▌    | 665/1194 [11:05<07:15,  1.22it/s]Evaluating raw model output:  56%|█████▌    | 666/1194 [11:06<07:04,  1.25it/s]Evaluating raw model output:  56%|█████▌    | 667/1194 [11:06<07:27,  1.18it/s]Evaluating raw model output:  56%|█████▌    | 668/1194 [11:07<06:52,  1.28it/s]Evaluating raw model output:  56%|█████▌    | 669/1194 [11:08<06:29,  1.35it/s]Evaluating raw model output:  56%|█████▌    | 670/1194 [11:08<06:01,  1.45it/s]Evaluating raw model output:  56%|█████▌    | 671/1194 [11:09<05:52,  1.48it/s]Evaluating raw model output:  56%|█████▋    | 672/1194 [11:10<05:43,  1.52it/s]Evaluating raw model output:  56%|█████▋    | 673/1194 [11:10<05:36,  1.55it/s]Evaluating raw model output:  56%|█████▋    | 674/1194 [11:11<05:30,  1.57it/s]Evaluating raw model output:  57%|█████▋    | 675/1194 [11:11<05:18,  1.63it/s]Evaluating raw model output:  57%|█████▋    | 676/1194 [11:12<05:23,  1.60it/s]Evaluating raw model output:  57%|█████▋    | 677/1194 [11:13<06:41,  1.29it/s]Evaluating raw model output:  57%|█████▋    | 678/1194 [11:14<06:22,  1.35it/s]Evaluating raw model output:  57%|█████▋    | 679/1194 [11:15<07:00,  1.23it/s]Evaluating raw model output:  57%|█████▋    | 680/1194 [11:15<06:29,  1.32it/s]Evaluating raw model output:  57%|█████▋    | 681/1194 [11:16<05:59,  1.43it/s]Evaluating raw model output:  57%|█████▋    | 682/1194 [11:17<05:52,  1.45it/s]Evaluating raw model output:  57%|█████▋    | 683/1194 [11:17<05:36,  1.52it/s]Evaluating raw model output:  57%|█████▋    | 684/1194 [11:18<06:29,  1.31it/s]Evaluating raw model output:  57%|█████▋    | 685/1194 [11:19<06:20,  1.34it/s]Evaluating raw model output:  57%|█████▋    | 686/1194 [11:20<06:00,  1.41it/s]Evaluating raw model output:  58%|█████▊    | 687/1194 [11:21<07:20,  1.15it/s]Evaluating raw model output:  58%|█████▊    | 688/1194 [11:21<06:37,  1.27it/s]Evaluating raw model output:  58%|█████▊    | 689/1194 [11:22<06:13,  1.35it/s]Evaluating raw model output:  58%|█████▊    | 690/1194 [11:23<05:53,  1.43it/s]Evaluating raw model output:  58%|█████▊    | 691/1194 [11:23<06:06,  1.37it/s]Evaluating raw model output:  58%|█████▊    | 692/1194 [11:25<07:31,  1.11it/s]Evaluating raw model output:  58%|█████▊    | 693/1194 [11:25<06:45,  1.23it/s]Evaluating raw model output:  58%|█████▊    | 694/1194 [11:26<06:19,  1.32it/s]Evaluating raw model output:  58%|█████▊    | 695/1194 [11:27<06:02,  1.38it/s]Evaluating raw model output:  58%|█████▊    | 696/1194 [11:28<06:47,  1.22it/s]Evaluating raw model output:  58%|█████▊    | 697/1194 [11:28<06:17,  1.31it/s]Evaluating raw model output:  58%|█████▊    | 698/1194 [11:29<07:19,  1.13it/s]Evaluating raw model output:  59%|█████▊    | 699/1194 [11:30<06:39,  1.24it/s]Evaluating raw model output:  59%|█████▊    | 700/1194 [11:31<06:12,  1.33it/s]Evaluating raw model output:  59%|█████▊    | 701/1194 [11:31<05:51,  1.40it/s]Evaluating raw model output:  59%|█████▉    | 702/1194 [11:32<06:03,  1.35it/s]Evaluating raw model output:  59%|█████▉    | 703/1194 [11:34<09:28,  1.16s/it]Evaluating raw model output:  59%|█████▉    | 704/1194 [11:36<12:02,  1.47s/it]Evaluating raw model output:  59%|█████▉    | 705/1194 [11:38<10:56,  1.34s/it]Evaluating raw model output:  59%|█████▉    | 706/1194 [11:38<09:51,  1.21s/it]Evaluating raw model output:  59%|█████▉    | 707/1194 [11:40<11:28,  1.41s/it]Evaluating raw model output:  59%|█████▉    | 708/1194 [11:41<09:56,  1.23s/it]Evaluating raw model output:  59%|█████▉    | 709/1194 [11:42<09:31,  1.18s/it]Evaluating raw model output:  59%|█████▉    | 710/1194 [11:43<08:44,  1.08s/it]Evaluating raw model output:  60%|█████▉    | 711/1194 [11:44<08:38,  1.07s/it]Evaluating raw model output:  60%|█████▉    | 712/1194 [11:45<07:32,  1.06it/s]Evaluating raw model output:  60%|█████▉    | 713/1194 [11:45<06:47,  1.18it/s]Evaluating raw model output:  60%|█████▉    | 714/1194 [11:46<06:16,  1.27it/s]Evaluating raw model output:  60%|█████▉    | 715/1194 [11:47<05:56,  1.34it/s]Evaluating raw model output:  60%|█████▉    | 716/1194 [11:47<05:39,  1.41it/s]Evaluating raw model output:  60%|██████    | 717/1194 [11:48<05:49,  1.36it/s]Evaluating raw model output:  60%|██████    | 718/1194 [11:49<05:32,  1.43it/s]Evaluating raw model output:  60%|██████    | 719/1194 [11:51<08:15,  1.04s/it]Evaluating raw model output:  60%|██████    | 720/1194 [11:51<07:13,  1.09it/s]Evaluating raw model output:  60%|██████    | 721/1194 [11:52<06:36,  1.19it/s]Evaluating raw model output:  60%|██████    | 722/1194 [11:52<06:07,  1.28it/s]Evaluating raw model output:  61%|██████    | 723/1194 [11:54<07:20,  1.07it/s]Evaluating raw model output:  61%|██████    | 724/1194 [11:54<06:44,  1.16it/s]Evaluating raw model output:  61%|██████    | 725/1194 [11:55<06:08,  1.27it/s]Evaluating raw model output:  61%|██████    | 726/1194 [11:56<05:43,  1.36it/s]Evaluating raw model output:  61%|██████    | 727/1194 [11:56<05:41,  1.37it/s]Evaluating raw model output:  61%|██████    | 728/1194 [11:57<06:06,  1.27it/s]Evaluating raw model output:  61%|██████    | 729/1194 [11:58<05:41,  1.36it/s]Evaluating raw model output:  61%|██████    | 730/1194 [11:59<05:22,  1.44it/s]Evaluating raw model output:  61%|██████    | 731/1194 [11:59<05:16,  1.46it/s]Evaluating raw model output:  61%|██████▏   | 732/1194 [12:00<05:07,  1.50it/s]Evaluating raw model output:  61%|██████▏   | 733/1194 [12:01<07:10,  1.07it/s]Evaluating raw model output:  61%|██████▏   | 734/1194 [12:02<06:25,  1.19it/s]Evaluating raw model output:  62%|██████▏   | 735/1194 [12:03<05:53,  1.30it/s]Evaluating raw model output:  62%|██████▏   | 736/1194 [12:03<05:30,  1.39it/s]Evaluating raw model output:  62%|██████▏   | 737/1194 [12:04<05:17,  1.44it/s]Evaluating raw model output:  62%|██████▏   | 738/1194 [12:04<05:05,  1.50it/s]Evaluating raw model output:  62%|██████▏   | 739/1194 [12:05<04:54,  1.54it/s]Evaluating raw model output:  62%|██████▏   | 740/1194 [12:06<05:04,  1.49it/s]Evaluating raw model output:  62%|██████▏   | 741/1194 [12:07<05:43,  1.32it/s]Evaluating raw model output:  62%|██████▏   | 742/1194 [12:08<06:54,  1.09it/s]Evaluating raw model output:  62%|██████▏   | 743/1194 [12:10<08:15,  1.10s/it]Evaluating raw model output:  62%|██████▏   | 744/1194 [12:10<07:12,  1.04it/s]Evaluating raw model output:  62%|██████▏   | 745/1194 [12:11<06:38,  1.13it/s]Evaluating raw model output:  62%|██████▏   | 746/1194 [12:12<06:07,  1.22it/s]Evaluating raw model output:  63%|██████▎   | 747/1194 [12:12<05:36,  1.33it/s]Evaluating raw model output:  63%|██████▎   | 748/1194 [12:13<05:19,  1.40it/s]Evaluating raw model output:  63%|██████▎   | 749/1194 [12:13<05:06,  1.45it/s]Evaluating raw model output:  63%|██████▎   | 750/1194 [12:14<04:58,  1.49it/s]Evaluating raw model output:  63%|██████▎   | 751/1194 [12:15<05:47,  1.27it/s]Evaluating raw model output:  63%|██████▎   | 752/1194 [12:16<06:20,  1.16it/s]Evaluating raw model output:  63%|██████▎   | 753/1194 [12:17<06:45,  1.09it/s]Evaluating raw model output:  63%|██████▎   | 754/1194 [12:18<07:14,  1.01it/s]Evaluating raw model output:  63%|██████▎   | 755/1194 [12:19<07:31,  1.03s/it]Evaluating raw model output:  63%|██████▎   | 756/1194 [12:21<07:52,  1.08s/it]Evaluating raw model output:  63%|██████▎   | 757/1194 [12:22<08:02,  1.10s/it]Evaluating raw model output:  63%|██████▎   | 758/1194 [12:23<08:00,  1.10s/it]Evaluating raw model output:  64%|██████▎   | 759/1194 [12:24<08:01,  1.11s/it]Evaluating raw model output:  64%|██████▎   | 760/1194 [12:25<07:32,  1.04s/it]Evaluating raw model output:  64%|██████▎   | 761/1194 [12:26<07:59,  1.11s/it]Evaluating raw model output:  64%|██████▍   | 762/1194 [12:28<09:22,  1.30s/it]Evaluating raw model output:  64%|██████▍   | 763/1194 [12:29<08:08,  1.13s/it]Evaluating raw model output:  64%|██████▍   | 764/1194 [12:29<07:07,  1.01it/s]Evaluating raw model output:  64%|██████▍   | 765/1194 [12:30<06:20,  1.13it/s]Evaluating raw model output:  64%|██████▍   | 766/1194 [12:31<05:45,  1.24it/s]Evaluating raw model output:  64%|██████▍   | 767/1194 [12:31<05:20,  1.33it/s]Evaluating raw model output:  64%|██████▍   | 768/1194 [12:32<05:01,  1.41it/s]Evaluating raw model output:  64%|██████▍   | 769/1194 [12:32<04:52,  1.45it/s]Evaluating raw model output:  64%|██████▍   | 770/1194 [12:33<04:44,  1.49it/s]Evaluating raw model output:  65%|██████▍   | 771/1194 [12:34<04:44,  1.49it/s]Evaluating raw model output:  65%|██████▍   | 772/1194 [12:34<04:35,  1.53it/s]Evaluating raw model output:  65%|██████▍   | 773/1194 [12:36<05:39,  1.24it/s]Evaluating raw model output:  65%|██████▍   | 774/1194 [12:37<06:38,  1.05it/s]Evaluating raw model output:  65%|██████▍   | 775/1194 [12:37<05:48,  1.20it/s]Evaluating raw model output:  65%|██████▍   | 776/1194 [12:38<05:20,  1.30it/s]Evaluating raw model output:  65%|██████▌   | 777/1194 [12:39<06:45,  1.03it/s]Evaluating raw model output:  65%|██████▌   | 778/1194 [12:41<07:19,  1.06s/it]Evaluating raw model output:  65%|██████▌   | 779/1194 [12:41<06:24,  1.08it/s]Evaluating raw model output:  65%|██████▌   | 780/1194 [12:42<05:43,  1.21it/s]Evaluating raw model output:  65%|██████▌   | 781/1194 [12:43<05:25,  1.27it/s]Evaluating raw model output:  65%|██████▌   | 782/1194 [12:44<05:57,  1.15it/s]Evaluating raw model output:  66%|██████▌   | 783/1194 [12:44<05:41,  1.21it/s]Evaluating raw model output:  66%|██████▌   | 784/1194 [12:45<05:13,  1.31it/s]Evaluating raw model output:  66%|██████▌   | 785/1194 [12:46<04:47,  1.42it/s]Evaluating raw model output:  66%|██████▌   | 786/1194 [12:46<04:31,  1.50it/s]Evaluating raw model output:  66%|██████▌   | 787/1194 [12:47<04:22,  1.55it/s]Evaluating raw model output:  66%|██████▌   | 788/1194 [12:47<04:12,  1.61it/s]Evaluating raw model output:  66%|██████▌   | 789/1194 [12:48<04:05,  1.65it/s]Evaluating raw model output:  66%|██████▌   | 790/1194 [12:48<04:04,  1.65it/s]Evaluating raw model output:  66%|██████▌   | 791/1194 [12:49<04:04,  1.65it/s]Evaluating raw model output:  66%|██████▋   | 792/1194 [12:50<03:57,  1.69it/s]Evaluating raw model output:  66%|██████▋   | 793/1194 [12:50<03:53,  1.72it/s]Evaluating raw model output:  66%|██████▋   | 794/1194 [12:51<04:00,  1.66it/s]Evaluating raw model output:  67%|██████▋   | 795/1194 [12:52<04:09,  1.60it/s]Evaluating raw model output:  67%|██████▋   | 796/1194 [12:53<04:54,  1.35it/s]Evaluating raw model output:  67%|██████▋   | 797/1194 [12:53<04:50,  1.37it/s]Evaluating raw model output:  67%|██████▋   | 798/1194 [12:54<04:27,  1.48it/s]Evaluating raw model output:  67%|██████▋   | 799/1194 [12:54<04:22,  1.50it/s]Evaluating raw model output:  67%|██████▋   | 800/1194 [12:55<04:30,  1.46it/s]Evaluating raw model output:  67%|██████▋   | 801/1194 [12:56<04:24,  1.49it/s]Evaluating raw model output:  67%|██████▋   | 802/1194 [12:57<04:59,  1.31it/s]Evaluating raw model output:  67%|██████▋   | 803/1194 [12:57<04:39,  1.40it/s]Evaluating raw model output:  67%|██████▋   | 804/1194 [12:58<04:19,  1.50it/s]Evaluating raw model output:  67%|██████▋   | 805/1194 [12:59<04:16,  1.52it/s]Evaluating raw model output:  68%|██████▊   | 806/1194 [12:59<04:12,  1.54it/s]Evaluating raw model output:  68%|██████▊   | 807/1194 [13:00<04:10,  1.55it/s]Evaluating raw model output:  68%|██████▊   | 808/1194 [13:00<04:02,  1.59it/s]Evaluating raw model output:  68%|██████▊   | 809/1194 [13:01<04:49,  1.33it/s]Evaluating raw model output:  68%|██████▊   | 810/1194 [13:02<04:30,  1.42it/s]Evaluating raw model output:  68%|██████▊   | 811/1194 [13:03<04:57,  1.29it/s]Evaluating raw model output:  68%|██████▊   | 812/1194 [13:04<05:30,  1.15it/s]Evaluating raw model output:  68%|██████▊   | 813/1194 [13:05<05:46,  1.10it/s]Evaluating raw model output:  68%|██████▊   | 814/1194 [13:06<06:03,  1.04it/s]Evaluating raw model output:  68%|██████▊   | 815/1194 [13:08<07:21,  1.16s/it]Evaluating raw model output:  68%|██████▊   | 816/1194 [13:09<06:58,  1.11s/it]Evaluating raw model output:  68%|██████▊   | 817/1194 [13:10<06:22,  1.02s/it]Evaluating raw model output:  69%|██████▊   | 818/1194 [13:10<05:57,  1.05it/s]Evaluating raw model output:  69%|██████▊   | 819/1194 [13:12<07:37,  1.22s/it]Evaluating raw model output:  69%|██████▊   | 820/1194 [13:14<08:26,  1.35s/it]Evaluating raw model output:  69%|██████▉   | 821/1194 [13:15<06:59,  1.12s/it]Evaluating raw model output:  69%|██████▉   | 822/1194 [13:16<07:12,  1.16s/it]Evaluating raw model output:  69%|██████▉   | 823/1194 [13:16<06:15,  1.01s/it]Evaluating raw model output:  69%|██████▉   | 824/1194 [13:17<05:30,  1.12it/s]Evaluating raw model output:  69%|██████▉   | 825/1194 [13:18<04:57,  1.24it/s]Evaluating raw model output:  69%|██████▉   | 826/1194 [13:18<04:36,  1.33it/s]Evaluating raw model output:  69%|██████▉   | 827/1194 [13:19<04:21,  1.40it/s]Evaluating raw model output:  69%|██████▉   | 828/1194 [13:19<04:06,  1.48it/s]Evaluating raw model output:  69%|██████▉   | 829/1194 [13:20<03:59,  1.52it/s]Evaluating raw model output:  70%|██████▉   | 830/1194 [13:21<05:02,  1.20it/s]Evaluating raw model output:  70%|██████▉   | 831/1194 [13:22<05:36,  1.08it/s]Evaluating raw model output:  70%|██████▉   | 832/1194 [13:23<04:55,  1.22it/s]Evaluating raw model output:  70%|██████▉   | 833/1194 [13:24<04:32,  1.33it/s]Evaluating raw model output:  70%|██████▉   | 834/1194 [13:24<04:16,  1.40it/s]Evaluating raw model output:  70%|██████▉   | 835/1194 [13:25<05:09,  1.16it/s]Evaluating raw model output:  70%|███████   | 836/1194 [13:26<04:42,  1.27it/s]Evaluating raw model output:  70%|███████   | 837/1194 [13:27<04:20,  1.37it/s]Evaluating raw model output:  70%|███████   | 838/1194 [13:28<05:30,  1.08it/s]Evaluating raw model output:  70%|███████   | 839/1194 [13:29<05:34,  1.06it/s]Evaluating raw model output:  70%|███████   | 840/1194 [13:30<04:54,  1.20it/s]Evaluating raw model output:  70%|███████   | 841/1194 [13:30<04:28,  1.31it/s]Evaluating raw model output:  71%|███████   | 842/1194 [13:31<04:04,  1.44it/s]Evaluating raw model output:  71%|███████   | 843/1194 [13:31<03:50,  1.52it/s]Evaluating raw model output:  71%|███████   | 844/1194 [13:32<03:44,  1.56it/s]Evaluating raw model output:  71%|███████   | 845/1194 [13:33<03:42,  1.57it/s]Evaluating raw model output:  71%|███████   | 846/1194 [13:34<04:30,  1.29it/s]Evaluating raw model output:  71%|███████   | 847/1194 [13:35<04:50,  1.19it/s]Evaluating raw model output:  71%|███████   | 848/1194 [13:35<04:26,  1.30it/s]Evaluating raw model output:  71%|███████   | 849/1194 [13:36<04:32,  1.27it/s]Evaluating raw model output:  71%|███████   | 850/1194 [13:37<04:14,  1.35it/s]Evaluating raw model output:  71%|███████▏  | 851/1194 [13:37<03:59,  1.43it/s]Evaluating raw model output:  71%|███████▏  | 852/1194 [13:38<04:01,  1.42it/s]Evaluating raw model output:  71%|███████▏  | 853/1194 [13:39<04:05,  1.39it/s]Evaluating raw model output:  72%|███████▏  | 854/1194 [13:39<03:52,  1.46it/s]Evaluating raw model output:  72%|███████▏  | 855/1194 [13:40<04:00,  1.41it/s]Evaluating raw model output:  72%|███████▏  | 856/1194 [13:41<04:31,  1.25it/s]Evaluating raw model output:  72%|███████▏  | 857/1194 [13:42<04:12,  1.34it/s]Evaluating raw model output:  72%|███████▏  | 858/1194 [13:42<03:56,  1.42it/s]Evaluating raw model output:  72%|███████▏  | 859/1194 [13:43<03:40,  1.52it/s]Evaluating raw model output:  72%|███████▏  | 860/1194 [13:44<03:37,  1.54it/s]Evaluating raw model output:  72%|███████▏  | 861/1194 [13:44<03:25,  1.62it/s]Evaluating raw model output:  72%|███████▏  | 862/1194 [13:45<03:23,  1.63it/s]Evaluating raw model output:  72%|███████▏  | 863/1194 [13:45<03:22,  1.64it/s]Evaluating raw model output:  72%|███████▏  | 864/1194 [13:47<04:19,  1.27it/s]Evaluating raw model output:  72%|███████▏  | 865/1194 [13:48<05:36,  1.02s/it]Evaluating raw model output:  73%|███████▎  | 866/1194 [13:49<05:44,  1.05s/it]W0903 11:53:33.408000 61796 site-packages/torch/distributed/elastic/agent/server/api.py:723] Received 1 death signal, shutting down workers
W0903 11:53:33.412000 61796 site-packages/torch/distributed/elastic/multiprocessing/api.py:900] Sending process 61829 closing signal SIGHUP
Traceback (most recent call last):
  File "/root/miniconda3/bin/torchrun", line 8, in <module>
    sys.exit(main())
             ^^^^^^
  File "/root/miniconda3/lib/python3.12/site-packages/torch/distributed/elastic/multiprocessing/errors/__init__.py", line 357, in wrapper
    return f(*args, **kwargs)
           ^^^^^^^^^^^^^^^^^^
  File "/root/miniconda3/lib/python3.12/site-packages/torch/distributed/run.py", line 901, in main
    run(args)
  File "/root/miniconda3/lib/python3.12/site-packages/torch/distributed/run.py", line 892, in run
    elastic_launch(
  File "/root/miniconda3/lib/python3.12/site-packages/torch/distributed/launcher/api.py", line 143, in __call__
    return launch_agent(self._config, self._entrypoint, list(args))
           ^^^^^^^^^^^^^^^^^^^^^^^^^^^^^^^^^^^^^^^^^^^^^^^^^^^^^^^^
  File "/root/miniconda3/lib/python3.12/site-packages/torch/distributed/launcher/api.py", line 268, in launch_agent
    result = agent.run()
             ^^^^^^^^^^^
  File "/root/miniconda3/lib/python3.12/site-packages/torch/distributed/elastic/metrics/api.py", line 138, in wrapper
    result = f(*args, **kwargs)
             ^^^^^^^^^^^^^^^^^^
  File "/root/miniconda3/lib/python3.12/site-packages/torch/distributed/elastic/agent/server/api.py", line 715, in run
    result = self._invoke_run(role)
             ^^^^^^^^^^^^^^^^^^^^^^
  File "/root/miniconda3/lib/python3.12/site-packages/torch/distributed/elastic/agent/server/api.py", line 879, in _invoke_run
    time.sleep(monitor_interval)
  File "/root/miniconda3/lib/python3.12/site-packages/torch/distributed/elastic/multiprocessing/api.py", line 84, in _terminate_process_handler
    raise SignalException(f"Process {os.getpid()} got signal: {sigval}", sigval=sigval)
torch.distributed.elastic.multiprocessing.api.SignalException: Process 61796 got signal: 1
Namespace(weight_decay=0.0001, lr_drop=10, disable_lr_scheduler=False, unseen_lr_threshold_schedule=False, unseen_lr_threshold=37.0, unseen_lr_threshold_factor=0.1, clip_max_norm=0.1, backbone='resnet50', dilation=False, amp=True, position_embedding='sine', repr_dim=512, hidden_dim=256, enc_layers=6, dec_layers=6, dim_feedforward=2048, dropout=0.1, nheads=8, num_queries=100, pre_norm=False, aux_loss=True, set_cost_class=1, set_cost_bbox=5, set_cost_giou=2, bbox_loss_coef=5, giou_loss_coef=2, eos_coef=0.1, cache=False, box_score_thresh=0.2, fg_iou_thresh=0.5, min_instances=3, max_instances=15, clip_visual_layers_vit=24, clip_visual_output_dim_vit=768, clip_visual_input_resolution_vit=336, clip_visual_width_vit=1024, clip_visual_patch_size_vit=14, clip_text_transformer_width_vit=768, clip_text_transformer_heads_vit=12, clip_text_transformer_layers_vit=12, clip_text_context_length_vit=77, feat_mask_type=0, repeat_factor_sampling=False, dataset_file='coco', d_detr=False, lr_backbone=2e-05, masks=False, with_box_refine=False, two_stage=False, frozen_weights=None, position_embedding_scale=6.283185307179586, num_feature_levels=4, dec_n_points=4, enc_n_points=4, mask_loss_coef=1, dice_loss_coef=1, cls_loss_coef=2, focal_alpha=0.25, lr_head=0.001, lr_vit=0.001, lr_text_adapter=0.0005, lr_obj_cond_adapter=0.0005, lr_scene_gate=0.001, override_resume_scene_gate_lr=False, zs=True, zs_type='unseen_verb', dataset='hicodet', partitions=['train2015', 'test2015'], num_classes=117, data_root='./hicodet', hico_image_root='/root/Lain/hico_20160224_det', epochs=20, batch_size=8, test_batch_size=8, num_workers=8, prefetch_factor=4, eval=False, eval_scene_gate_off_only=False, eval_result_json='', hoi_error_analysis=False, clip_dir_vit='/root/Lain/checkpoints/ViT-B-16.pt', pretrained='/root/Lain/checkpoints/detr-r50-hicodet.pth', resume='', init_from='', output_dir='/root/autodl-tmp/Lain/reviewer_revision/14_uv_lain_matched_seed66/checkpoints', keep_last_checkpoints=1, keep_epoch_checkpoints=[5, 10, 15, 20], keep_best_unseen_checkpoint=True, use_hotoken=True, use_prior=True, use_exp=True, alpha=0.5, gamma=0.2, hyper_lambda=2.8, use_insadapter=True, adapter_num_layers=1, adapt_dim=32, adapter_alpha=1.0, adapter_pos='all', adapter_scalar='learnable_scalar', use_text_adapter=False, lora_rank=2, lora_alpha=8, text_adapter_dim=64, adapter_residual_scale=0.05, adapter_dropout=0.1, train_text_adapter_only=False, reset_text_adapter_on_load=False, text_lr_contribution_schedule=False, text_lr_contribution_threshold_low=0.05, text_lr_contribution_threshold_high=0.1, text_lr_after_low_threshold=5e-05, text_lr_after_high_threshold=1e-05, use_obj_cond_adapter=False, obj_cond_rank=4, train_obj_cond_adapter_only=False, train_object_and_scene_gate_only=False, reset_obj_cond_adapter_on_load=False, use_prompt=True, N_CTX=36, CSC=False, CTX_INIT='', CLASS_TOKEN_POSITION='end', use_scene_gate=False, scene_gate_type='pair', scene_gate_version='v5', scene_gate_hidden_dim=128, scene_gate_rank=16, scene_gate_dropout=0.1, scene_gate_alpha=0.1, scene_gate_activation='tanh', scene_gate_init_std=0.0, scene_gate_disable_centering=False, scene_gate_post_l2_norm=False, scene_gate_start_epoch=1, train_scene_gate_only=False, reset_scene_gate_on_load=False, scene_gate_lr_contribution_schedule=False, scene_gate_lr_contribution_threshold=0.1, scene_gate_lr_after_threshold=1e-05, scene_gate_diagnostics=False, scene_gate_compare_off=False, adapter_contribution_diagnostics=False, contribution_epochs=[5, 10, 20], skip_object_adapter_contribution=False, joint_best_rollback_policy=False, joint_rollback_initial_best_unseen=-1.0, joint_rollback_significant_delta=0.03, joint_rollback_small_lr_factor=0.5, joint_rollback_bad_lr_factor=0.2, joint_rollback_patience=2, lain_object_staged_retry_policy=False, staged_object_start_epoch=6, staged_lr_trigger_unseen=37.5, staged_pre_trigger_max_drop=0.15, staged_post_trigger_max_drop=0.05, staged_rollback_lr_factor=0.5, staged_resume_existing_run=False, job_id=1985, vis=False, debug=False, seed=66, device='cuda', fast_cuda=True, port='7894', print_interval=500, world_size=1, use_semantic_adapter=False)
WORLD_SIZE 1
wandb: [wandb.login()] Loaded credentials for https://api.wandb.ai from /root/.netrc.
wandb: Currently logged in as: saaatkj (saaatkj-null) to https://api.wandb.ai. Use `wandb login --relogin` to force relogin
wandb: setting up run 3axpo56y
wandb: Tracking run with wandb version 0.28.1
wandb: Run data is saved locally in /root/autodl-tmp/Lain/reviewer_revision/14_uv_lain_matched_seed66/wandb/wandb/run-20260903_133740-3axpo56y
wandb: Run `wandb offline` to turn off syncing.
wandb: Syncing run 14_uv_lain_matched_seed66
wandb:  View project at https://wandb.ai/saaatkj-null/LAIN
wandb:  View run at https://wandb.ai/saaatkj-null/LAIN/runs/3axpo56y
--------------------------------------------------
Config: Use Semantic Adapter: False
Config: Use Text Adapter: False | dim=64 | lr=0.0005
Config: Use ObjCond Adapter: False | rank=4 | lr=0.0005
Config: Use SceneGate: False | version=v5 | type=pair
Config: Adapter Dimension: 32
--------------------------------------------------
[INFO] HICO image root (train2015): /root/Lain/hico_20160224_det/images/train2015
datasets/zs_unseen_verb_train2015_idx.pkl is loaded
[INFO] HICO image root (test2015): /root/Lain/hico_20160224_det/images/test2015
[INFO]: num_classes 117
Load weights for the object detector from /root/Lain/checkpoints/detr-r50-hicodet.pth
[INFO] missing_keys: []
[INFO] unexpected_keys: []
Initializing a generic context
Initial context: "X X X X X X X X X X X X X X X X X X X X X X X X X X X X X X X X X X X X"
Number of context words (tokens): 36
=> Rank 0: start from a randomly initialised model

==============================
TRAINABLE PARAMETERS:
 -> logit_scale_text (torch.Size([]))
 -> clip_head.prompt_learner.ctx (torch.Size([36, 512]))
 -> clip_head.image_encoder.transformer.resblocks.0.adaptermlp.scale (torch.Size([768]))
 -> clip_head.image_encoder.transformer.resblocks.0.adaptermlp.scale2 (torch.Size([768]))
 -> clip_head.image_encoder.transformer.resblocks.0.adaptermlp.down_proj.weight (torch.Size([32, 768]))
 -> clip_head.image_encoder.transformer.resblocks.0.adaptermlp.down_proj.bias (torch.Size([32]))
 -> clip_head.image_encoder.transformer.resblocks.0.adaptermlp.down_proj2.weight (torch.Size([32, 768]))
 -> clip_head.image_encoder.transformer.resblocks.0.adaptermlp.down_proj2.bias (torch.Size([32]))
 -> clip_head.image_encoder.transformer.resblocks.0.adaptermlp.up_proj.weight (torch.Size([768, 64]))
 -> clip_head.image_encoder.transformer.resblocks.0.adaptermlp.up_proj.bias (torch.Size([768]))
 -> clip_head.image_encoder.transformer.resblocks.0.adaptermlp.up_proj2.weight (torch.Size([768, 32]))
 -> clip_head.image_encoder.transformer.resblocks.0.adaptermlp.up_proj2.bias (torch.Size([768]))
 -> clip_head.image_encoder.transformer.resblocks.0.adaptermlp.down_proj3.weight (torch.Size([32, 768]))
 -> clip_head.image_encoder.transformer.resblocks.0.adaptermlp.down_proj3.bias (torch.Size([32]))
 -> clip_head.image_encoder.transformer.resblocks.0.adaptermlp.down_proj6.weight (torch.Size([32, 32]))
 -> clip_head.image_encoder.transformer.resblocks.0.adaptermlp.down_proj6.bias (torch.Size([32]))
 -> clip_head.image_encoder.transformer.resblocks.0.adaptermlp.mhsa_layers.0.multihead_attn.in_proj_weight (torch.Size([96, 32]))
 -> clip_head.image_encoder.transformer.resblocks.0.adaptermlp.mhsa_layers.0.multihead_attn.in_proj_bias (torch.Size([96]))
 -> clip_head.image_encoder.transformer.resblocks.0.adaptermlp.mhsa_layers.0.multihead_attn.out_proj.weight (torch.Size([32, 32]))
 -> clip_head.image_encoder.transformer.resblocks.0.adaptermlp.mhsa_layers.0.multihead_attn.out_proj.bias (torch.Size([32]))
 -> clip_head.image_encoder.transformer.resblocks.0.adaptermlp.mhsa_layers.0.linear1.weight (torch.Size([64, 32]))
 -> clip_head.image_encoder.transformer.resblocks.0.adaptermlp.mhsa_layers.0.linear1.bias (torch.Size([64]))
 -> clip_head.image_encoder.transformer.resblocks.0.adaptermlp.mhsa_layers.0.linear2.weight (torch.Size([32, 64]))
 -> clip_head.image_encoder.transformer.resblocks.0.adaptermlp.mhsa_layers.0.linear2.bias (torch.Size([32]))
 -> clip_head.image_encoder.transformer.resblocks.0.adaptermlp.mhsa_layers.0.norm2.weight (torch.Size([32]))
 -> clip_head.image_encoder.transformer.resblocks.0.adaptermlp.mhsa_layers.0.norm2.bias (torch.Size([32]))
 -> clip_head.image_encoder.transformer.resblocks.0.adaptermlp.mhsa_layers.0.norm3.weight (torch.Size([32]))
 -> clip_head.image_encoder.transformer.resblocks.0.adaptermlp.mhsa_layers.0.norm3.bias (torch.Size([32]))
 -> clip_head.image_encoder.transformer.resblocks.0.adaptermlp.mhsa_layers2.0.multihead_attn.in_proj_weight (torch.Size([96, 32]))
 -> clip_head.image_encoder.transformer.resblocks.0.adaptermlp.mhsa_layers2.0.multihead_attn.in_proj_bias (torch.Size([96]))
 -> clip_head.image_encoder.transformer.resblocks.0.adaptermlp.mhsa_layers2.0.multihead_attn.out_proj.weight (torch.Size([32, 32]))
 -> clip_head.image_encoder.transformer.resblocks.0.adaptermlp.mhsa_layers2.0.multihead_attn.out_proj.bias (torch.Size([32]))
 -> clip_head.image_encoder.transformer.resblocks.0.adaptermlp.mhsa_layers2.0.linear1.weight (torch.Size([64, 32]))
 -> clip_head.image_encoder.transformer.resblocks.0.adaptermlp.mhsa_layers2.0.linear1.bias (torch.Size([64]))
 -> clip_head.image_encoder.transformer.resblocks.0.adaptermlp.mhsa_layers2.0.linear2.weight (torch.Size([32, 64]))
 -> clip_head.image_encoder.transformer.resblocks.0.adaptermlp.mhsa_layers2.0.linear2.bias (torch.Size([32]))
 -> clip_head.image_encoder.transformer.resblocks.0.adaptermlp.mhsa_layers2.0.norm2.weight (torch.Size([32]))
 -> clip_head.image_encoder.transformer.resblocks.0.adaptermlp.mhsa_layers2.0.norm2.bias (torch.Size([32]))
 -> clip_head.image_encoder.transformer.resblocks.0.adaptermlp.mhsa_layers2.0.norm3.weight (torch.Size([32]))
 -> clip_head.image_encoder.transformer.resblocks.0.adaptermlp.mhsa_layers2.0.norm3.bias (torch.Size([32]))
 -> clip_head.image_encoder.transformer.resblocks.0.adaptermlp.mhsa_layers3.0.multihead_attn.in_proj_weight (torch.Size([96, 32]))
 -> clip_head.image_encoder.transformer.resblocks.0.adaptermlp.mhsa_layers3.0.multihead_attn.in_proj_bias (torch.Size([96]))
 -> clip_head.image_encoder.transformer.resblocks.0.adaptermlp.mhsa_layers3.0.multihead_attn.out_proj.weight (torch.Size([32, 32]))
 -> clip_head.image_encoder.transformer.resblocks.0.adaptermlp.mhsa_layers3.0.multihead_attn.out_proj.bias (torch.Size([32]))
 -> clip_head.image_encoder.transformer.resblocks.0.adaptermlp.mhsa_layers3.0.linear1.weight (torch.Size([64, 32]))
 -> clip_head.image_encoder.transformer.resblocks.0.adaptermlp.mhsa_layers3.0.linear1.bias (torch.Size([64]))
 -> clip_head.image_encoder.transformer.resblocks.0.adaptermlp.mhsa_layers3.0.linear2.weight (torch.Size([32, 64]))
 -> clip_head.image_encoder.transformer.resblocks.0.adaptermlp.mhsa_layers3.0.linear2.bias (torch.Size([32]))
 -> clip_head.image_encoder.transformer.resblocks.0.adaptermlp.mhsa_layers3.0.norm2.weight (torch.Size([32]))
 -> clip_head.image_encoder.transformer.resblocks.0.adaptermlp.mhsa_layers3.0.norm2.bias (torch.Size([32]))
 -> clip_head.image_encoder.transformer.resblocks.0.adaptermlp.mhsa_layers3.0.norm3.weight (torch.Size([32]))
 -> clip_head.image_encoder.transformer.resblocks.0.adaptermlp.mhsa_layers3.0.norm3.bias (torch.Size([32]))
 -> clip_head.image_encoder.transformer.resblocks.0.adaptermlp.ln.weight (torch.Size([32]))
 -> clip_head.image_encoder.transformer.resblocks.0.adaptermlp.ln.bias (torch.Size([32]))
 -> clip_head.image_encoder.transformer.resblocks.0.adaptermlp.ln2.weight (torch.Size([32]))
 -> clip_head.image_encoder.transformer.resblocks.0.adaptermlp.ln2.bias (torch.Size([32]))
 -> clip_head.image_encoder.transformer.resblocks.0.adaptermlp.ln3.weight (torch.Size([32]))
 -> clip_head.image_encoder.transformer.resblocks.0.adaptermlp.ln3.bias (torch.Size([32]))
 -> clip_head.image_encoder.transformer.resblocks.0.adaptermlp.prompt.weight (torch.Size([10, 32]))
 -> clip_head.image_encoder.transformer.resblocks.0.adaptermlp.down_proj4.weight (torch.Size([32, 32, 3, 3]))
 -> clip_head.image_encoder.transformer.resblocks.0.adaptermlp.down_proj4.bias (torch.Size([32]))
 -> clip_head.image_encoder.transformer.resblocks.0.adaptermlp.down_proj5.weight (torch.Size([32, 32, 5, 5]))
 -> clip_head.image_encoder.transformer.resblocks.0.adaptermlp.down_proj5.bias (torch.Size([32]))
 -> clip_head.image_encoder.transformer.resblocks.1.adaptermlp.scale (torch.Size([768]))
 -> clip_head.image_encoder.transformer.resblocks.1.adaptermlp.scale2 (torch.Size([768]))
 -> clip_head.image_encoder.transformer.resblocks.1.adaptermlp.down_proj.weight (torch.Size([32, 768]))
 -> clip_head.image_encoder.transformer.resblocks.1.adaptermlp.down_proj.bias (torch.Size([32]))
 -> clip_head.image_encoder.transformer.resblocks.1.adaptermlp.down_proj2.weight (torch.Size([32, 768]))
 -> clip_head.image_encoder.transformer.resblocks.1.adaptermlp.down_proj2.bias (torch.Size([32]))
 -> clip_head.image_encoder.transformer.resblocks.1.adaptermlp.up_proj.weight (torch.Size([768, 64]))
 -> clip_head.image_encoder.transformer.resblocks.1.adaptermlp.up_proj.bias (torch.Size([768]))
 -> clip_head.image_encoder.transformer.resblocks.1.adaptermlp.up_proj2.weight (torch.Size([768, 32]))
 -> clip_head.image_encoder.transformer.resblocks.1.adaptermlp.up_proj2.bias (torch.Size([768]))
 -> clip_head.image_encoder.transformer.resblocks.1.adaptermlp.down_proj3.weight (torch.Size([32, 768]))
 -> clip_head.image_encoder.transformer.resblocks.1.adaptermlp.down_proj3.bias (torch.Size([32]))
 -> clip_head.image_encoder.transformer.resblocks.1.adaptermlp.down_proj6.weight (torch.Size([32, 32]))
 -> clip_head.image_encoder.transformer.resblocks.1.adaptermlp.down_proj6.bias (torch.Size([32]))
 -> clip_head.image_encoder.transformer.resblocks.1.adaptermlp.mhsa_layers.0.multihead_attn.in_proj_weight (torch.Size([96, 32]))
 -> clip_head.image_encoder.transformer.resblocks.1.adaptermlp.mhsa_layers.0.multihead_attn.in_proj_bias (torch.Size([96]))
 -> clip_head.image_encoder.transformer.resblocks.1.adaptermlp.mhsa_layers.0.multihead_attn.out_proj.weight (torch.Size([32, 32]))
 -> clip_head.image_encoder.transformer.resblocks.1.adaptermlp.mhsa_layers.0.multihead_attn.out_proj.bias (torch.Size([32]))
 -> clip_head.image_encoder.transformer.resblocks.1.adaptermlp.mhsa_layers.0.linear1.weight (torch.Size([64, 32]))
 -> clip_head.image_encoder.transformer.resblocks.1.adaptermlp.mhsa_layers.0.linear1.bias (torch.Size([64]))
 -> clip_head.image_encoder.transformer.resblocks.1.adaptermlp.mhsa_layers.0.linear2.weight (torch.Size([32, 64]))
 -> clip_head.image_encoder.transformer.resblocks.1.adaptermlp.mhsa_layers.0.linear2.bias (torch.Size([32]))
 -> clip_head.image_encoder.transformer.resblocks.1.adaptermlp.mhsa_layers.0.norm2.weight (torch.Size([32]))
 -> clip_head.image_encoder.transformer.resblocks.1.adaptermlp.mhsa_layers.0.norm2.bias (torch.Size([32]))
 -> clip_head.image_encoder.transformer.resblocks.1.adaptermlp.mhsa_layers.0.norm3.weight (torch.Size([32]))
 -> clip_head.image_encoder.transformer.resblocks.1.adaptermlp.mhsa_layers.0.norm3.bias (torch.Size([32]))
 -> clip_head.image_encoder.transformer.resblocks.1.adaptermlp.mhsa_layers2.0.multihead_attn.in_proj_weight (torch.Size([96, 32]))
 -> clip_head.image_encoder.transformer.resblocks.1.adaptermlp.mhsa_layers2.0.multihead_attn.in_proj_bias (torch.Size([96]))
 -> clip_head.image_encoder.transformer.resblocks.1.adaptermlp.mhsa_layers2.0.multihead_attn.out_proj.weight (torch.Size([32, 32]))
 -> clip_head.image_encoder.transformer.resblocks.1.adaptermlp.mhsa_layers2.0.multihead_attn.out_proj.bias (torch.Size([32]))
 -> clip_head.image_encoder.transformer.resblocks.1.adaptermlp.mhsa_layers2.0.linear1.weight (torch.Size([64, 32]))
 -> clip_head.image_encoder.transformer.resblocks.1.adaptermlp.mhsa_layers2.0.linear1.bias (torch.Size([64]))
 -> clip_head.image_encoder.transformer.resblocks.1.adaptermlp.mhsa_layers2.0.linear2.weight (torch.Size([32, 64]))
 -> clip_head.image_encoder.transformer.resblocks.1.adaptermlp.mhsa_layers2.0.linear2.bias (torch.Size([32]))
 -> clip_head.image_encoder.transformer.resblocks.1.adaptermlp.mhsa_layers2.0.norm2.weight (torch.Size([32]))
 -> clip_head.image_encoder.transformer.resblocks.1.adaptermlp.mhsa_layers2.0.norm2.bias (torch.Size([32]))
 -> clip_head.image_encoder.transformer.resblocks.1.adaptermlp.mhsa_layers2.0.norm3.weight (torch.Size([32]))
 -> clip_head.image_encoder.transformer.resblocks.1.adaptermlp.mhsa_layers2.0.norm3.bias (torch.Size([32]))
 -> clip_head.image_encoder.transformer.resblocks.1.adaptermlp.mhsa_layers3.0.multihead_attn.in_proj_weight (torch.Size([96, 32]))
 -> clip_head.image_encoder.transformer.resblocks.1.adaptermlp.mhsa_layers3.0.multihead_attn.in_proj_bias (torch.Size([96]))
 -> clip_head.image_encoder.transformer.resblocks.1.adaptermlp.mhsa_layers3.0.multihead_attn.out_proj.weight (torch.Size([32, 32]))
 -> clip_head.image_encoder.transformer.resblocks.1.adaptermlp.mhsa_layers3.0.multihead_attn.out_proj.bias (torch.Size([32]))
 -> clip_head.image_encoder.transformer.resblocks.1.adaptermlp.mhsa_layers3.0.linear1.weight (torch.Size([64, 32]))
 -> clip_head.image_encoder.transformer.resblocks.1.adaptermlp.mhsa_layers3.0.linear1.bias (torch.Size([64]))
 -> clip_head.image_encoder.transformer.resblocks.1.adaptermlp.mhsa_layers3.0.linear2.weight (torch.Size([32, 64]))
 -> clip_head.image_encoder.transformer.resblocks.1.adaptermlp.mhsa_layers3.0.linear2.bias (torch.Size([32]))
 -> clip_head.image_encoder.transformer.resblocks.1.adaptermlp.mhsa_layers3.0.norm2.weight (torch.Size([32]))
 -> clip_head.image_encoder.transformer.resblocks.1.adaptermlp.mhsa_layers3.0.norm2.bias (torch.Size([32]))
 -> clip_head.image_encoder.transformer.resblocks.1.adaptermlp.mhsa_layers3.0.norm3.weight (torch.Size([32]))
 -> clip_head.image_encoder.transformer.resblocks.1.adaptermlp.mhsa_layers3.0.norm3.bias (torch.Size([32]))
 -> clip_head.image_encoder.transformer.resblocks.1.adaptermlp.ln.weight (torch.Size([32]))
 -> clip_head.image_encoder.transformer.resblocks.1.adaptermlp.ln.bias (torch.Size([32]))
 -> clip_head.image_encoder.transformer.resblocks.1.adaptermlp.ln2.weight (torch.Size([32]))
 -> clip_head.image_encoder.transformer.resblocks.1.adaptermlp.ln2.bias (torch.Size([32]))
 -> clip_head.image_encoder.transformer.resblocks.1.adaptermlp.ln3.weight (torch.Size([32]))
 -> clip_head.image_encoder.transformer.resblocks.1.adaptermlp.ln3.bias (torch.Size([32]))
 -> clip_head.image_encoder.transformer.resblocks.1.adaptermlp.prompt.weight (torch.Size([10, 32]))
 -> clip_head.image_encoder.transformer.resblocks.1.adaptermlp.down_proj4.weight (torch.Size([32, 32, 3, 3]))
 -> clip_head.image_encoder.transformer.resblocks.1.adaptermlp.down_proj4.bias (torch.Size([32]))
 -> clip_head.image_encoder.transformer.resblocks.1.adaptermlp.down_proj5.weight (torch.Size([32, 32, 5, 5]))
 -> clip_head.image_encoder.transformer.resblocks.1.adaptermlp.down_proj5.bias (torch.Size([32]))
 -> clip_head.image_encoder.transformer.resblocks.2.adaptermlp.scale (torch.Size([768]))
 -> clip_head.image_encoder.transformer.resblocks.2.adaptermlp.scale2 (torch.Size([768]))
 -> clip_head.image_encoder.transformer.resblocks.2.adaptermlp.down_proj.weight (torch.Size([32, 768]))
 -> clip_head.image_encoder.transformer.resblocks.2.adaptermlp.down_proj.bias (torch.Size([32]))
 -> clip_head.image_encoder.transformer.resblocks.2.adaptermlp.down_proj2.weight (torch.Size([32, 768]))
 -> clip_head.image_encoder.transformer.resblocks.2.adaptermlp.down_proj2.bias (torch.Size([32]))
 -> clip_head.image_encoder.transformer.resblocks.2.adaptermlp.up_proj.weight (torch.Size([768, 64]))
 -> clip_head.image_encoder.transformer.resblocks.2.adaptermlp.up_proj.bias (torch.Size([768]))
 -> clip_head.image_encoder.transformer.resblocks.2.adaptermlp.up_proj2.weight (torch.Size([768, 32]))
 -> clip_head.image_encoder.transformer.resblocks.2.adaptermlp.up_proj2.bias (torch.Size([768]))
 -> clip_head.image_encoder.transformer.resblocks.2.adaptermlp.down_proj3.weight (torch.Size([32, 768]))
 -> clip_head.image_encoder.transformer.resblocks.2.adaptermlp.down_proj3.bias (torch.Size([32]))
 -> clip_head.image_encoder.transformer.resblocks.2.adaptermlp.down_proj6.weight (torch.Size([32, 32]))
 -> clip_head.image_encoder.transformer.resblocks.2.adaptermlp.down_proj6.bias (torch.Size([32]))
 -> clip_head.image_encoder.transformer.resblocks.2.adaptermlp.mhsa_layers.0.multihead_attn.in_proj_weight (torch.Size([96, 32]))
 -> clip_head.image_encoder.transformer.resblocks.2.adaptermlp.mhsa_layers.0.multihead_attn.in_proj_bias (torch.Size([96]))
 -> clip_head.image_encoder.transformer.resblocks.2.adaptermlp.mhsa_layers.0.multihead_attn.out_proj.weight (torch.Size([32, 32]))
 -> clip_head.image_encoder.transformer.resblocks.2.adaptermlp.mhsa_layers.0.multihead_attn.out_proj.bias (torch.Size([32]))
 -> clip_head.image_encoder.transformer.resblocks.2.adaptermlp.mhsa_layers.0.linear1.weight (torch.Size([64, 32]))
 -> clip_head.image_encoder.transformer.resblocks.2.adaptermlp.mhsa_layers.0.linear1.bias (torch.Size([64]))
 -> clip_head.image_encoder.transformer.resblocks.2.adaptermlp.mhsa_layers.0.linear2.weight (torch.Size([32, 64]))
 -> clip_head.image_encoder.transformer.resblocks.2.adaptermlp.mhsa_layers.0.linear2.bias (torch.Size([32]))
 -> clip_head.image_encoder.transformer.resblocks.2.adaptermlp.mhsa_layers.0.norm2.weight (torch.Size([32]))
 -> clip_head.image_encoder.transformer.resblocks.2.adaptermlp.mhsa_layers.0.norm2.bias (torch.Size([32]))
 -> clip_head.image_encoder.transformer.resblocks.2.adaptermlp.mhsa_layers.0.norm3.weight (torch.Size([32]))
 -> clip_head.image_encoder.transformer.resblocks.2.adaptermlp.mhsa_layers.0.norm3.bias (torch.Size([32]))
 -> clip_head.image_encoder.transformer.resblocks.2.adaptermlp.mhsa_layers2.0.multihead_attn.in_proj_weight (torch.Size([96, 32]))
 -> clip_head.image_encoder.transformer.resblocks.2.adaptermlp.mhsa_layers2.0.multihead_attn.in_proj_bias (torch.Size([96]))
 -> clip_head.image_encoder.transformer.resblocks.2.adaptermlp.mhsa_layers2.0.multihead_attn.out_proj.weight (torch.Size([32, 32]))
 -> clip_head.image_encoder.transformer.resblocks.2.adaptermlp.mhsa_layers2.0.multihead_attn.out_proj.bias (torch.Size([32]))
 -> clip_head.image_encoder.transformer.resblocks.2.adaptermlp.mhsa_layers2.0.linear1.weight (torch.Size([64, 32]))
 -> clip_head.image_encoder.transformer.resblocks.2.adaptermlp.mhsa_layers2.0.linear1.bias (torch.Size([64]))
 -> clip_head.image_encoder.transformer.resblocks.2.adaptermlp.mhsa_layers2.0.linear2.weight (torch.Size([32, 64]))
 -> clip_head.image_encoder.transformer.resblocks.2.adaptermlp.mhsa_layers2.0.linear2.bias (torch.Size([32]))
 -> clip_head.image_encoder.transformer.resblocks.2.adaptermlp.mhsa_layers2.0.norm2.weight (torch.Size([32]))
 -> clip_head.image_encoder.transformer.resblocks.2.adaptermlp.mhsa_layers2.0.norm2.bias (torch.Size([32]))
 -> clip_head.image_encoder.transformer.resblocks.2.adaptermlp.mhsa_layers2.0.norm3.weight (torch.Size([32]))
 -> clip_head.image_encoder.transformer.resblocks.2.adaptermlp.mhsa_layers2.0.norm3.bias (torch.Size([32]))
 -> clip_head.image_encoder.transformer.resblocks.2.adaptermlp.mhsa_layers3.0.multihead_attn.in_proj_weight (torch.Size([96, 32]))
 -> clip_head.image_encoder.transformer.resblocks.2.adaptermlp.mhsa_layers3.0.multihead_attn.in_proj_bias (torch.Size([96]))
 -> clip_head.image_encoder.transformer.resblocks.2.adaptermlp.mhsa_layers3.0.multihead_attn.out_proj.weight (torch.Size([32, 32]))
 -> clip_head.image_encoder.transformer.resblocks.2.adaptermlp.mhsa_layers3.0.multihead_attn.out_proj.bias (torch.Size([32]))
 -> clip_head.image_encoder.transformer.resblocks.2.adaptermlp.mhsa_layers3.0.linear1.weight (torch.Size([64, 32]))
 -> clip_head.image_encoder.transformer.resblocks.2.adaptermlp.mhsa_layers3.0.linear1.bias (torch.Size([64]))
 -> clip_head.image_encoder.transformer.resblocks.2.adaptermlp.mhsa_layers3.0.linear2.weight (torch.Size([32, 64]))
 -> clip_head.image_encoder.transformer.resblocks.2.adaptermlp.mhsa_layers3.0.linear2.bias (torch.Size([32]))
 -> clip_head.image_encoder.transformer.resblocks.2.adaptermlp.mhsa_layers3.0.norm2.weight (torch.Size([32]))
 -> clip_head.image_encoder.transformer.resblocks.2.adaptermlp.mhsa_layers3.0.norm2.bias (torch.Size([32]))
 -> clip_head.image_encoder.transformer.resblocks.2.adaptermlp.mhsa_layers3.0.norm3.weight (torch.Size([32]))
 -> clip_head.image_encoder.transformer.resblocks.2.adaptermlp.mhsa_layers3.0.norm3.bias (torch.Size([32]))
 -> clip_head.image_encoder.transformer.resblocks.2.adaptermlp.ln.weight (torch.Size([32]))
 -> clip_head.image_encoder.transformer.resblocks.2.adaptermlp.ln.bias (torch.Size([32]))
 -> clip_head.image_encoder.transformer.resblocks.2.adaptermlp.ln2.weight (torch.Size([32]))
 -> clip_head.image_encoder.transformer.resblocks.2.adaptermlp.ln2.bias (torch.Size([32]))
 -> clip_head.image_encoder.transformer.resblocks.2.adaptermlp.ln3.weight (torch.Size([32]))
 -> clip_head.image_encoder.transformer.resblocks.2.adaptermlp.ln3.bias (torch.Size([32]))
 -> clip_head.image_encoder.transformer.resblocks.2.adaptermlp.prompt.weight (torch.Size([10, 32]))
 -> clip_head.image_encoder.transformer.resblocks.2.adaptermlp.down_proj4.weight (torch.Size([32, 32, 3, 3]))
 -> clip_head.image_encoder.transformer.resblocks.2.adaptermlp.down_proj4.bias (torch.Size([32]))
 -> clip_head.image_encoder.transformer.resblocks.2.adaptermlp.down_proj5.weight (torch.Size([32, 32, 5, 5]))
 -> clip_head.image_encoder.transformer.resblocks.2.adaptermlp.down_proj5.bias (torch.Size([32]))
 -> clip_head.image_encoder.transformer.resblocks.3.adaptermlp.scale (torch.Size([768]))
 -> clip_head.image_encoder.transformer.resblocks.3.adaptermlp.scale2 (torch.Size([768]))
 -> clip_head.image_encoder.transformer.resblocks.3.adaptermlp.down_proj.weight (torch.Size([32, 768]))
 -> clip_head.image_encoder.transformer.resblocks.3.adaptermlp.down_proj.bias (torch.Size([32]))
 -> clip_head.image_encoder.transformer.resblocks.3.adaptermlp.down_proj2.weight (torch.Size([32, 768]))
 -> clip_head.image_encoder.transformer.resblocks.3.adaptermlp.down_proj2.bias (torch.Size([32]))
 -> clip_head.image_encoder.transformer.resblocks.3.adaptermlp.up_proj.weight (torch.Size([768, 64]))
 -> clip_head.image_encoder.transformer.resblocks.3.adaptermlp.up_proj.bias (torch.Size([768]))
 -> clip_head.image_encoder.transformer.resblocks.3.adaptermlp.up_proj2.weight (torch.Size([768, 32]))
 -> clip_head.image_encoder.transformer.resblocks.3.adaptermlp.up_proj2.bias (torch.Size([768]))
 -> clip_head.image_encoder.transformer.resblocks.3.adaptermlp.down_proj3.weight (torch.Size([32, 768]))
 -> clip_head.image_encoder.transformer.resblocks.3.adaptermlp.down_proj3.bias (torch.Size([32]))
 -> clip_head.image_encoder.transformer.resblocks.3.adaptermlp.down_proj6.weight (torch.Size([32, 32]))
 -> clip_head.image_encoder.transformer.resblocks.3.adaptermlp.down_proj6.bias (torch.Size([32]))
 -> clip_head.image_encoder.transformer.resblocks.3.adaptermlp.mhsa_layers.0.multihead_attn.in_proj_weight (torch.Size([96, 32]))
 -> clip_head.image_encoder.transformer.resblocks.3.adaptermlp.mhsa_layers.0.multihead_attn.in_proj_bias (torch.Size([96]))
 -> clip_head.image_encoder.transformer.resblocks.3.adaptermlp.mhsa_layers.0.multihead_attn.out_proj.weight (torch.Size([32, 32]))
 -> clip_head.image_encoder.transformer.resblocks.3.adaptermlp.mhsa_layers.0.multihead_attn.out_proj.bias (torch.Size([32]))
 -> clip_head.image_encoder.transformer.resblocks.3.adaptermlp.mhsa_layers.0.linear1.weight (torch.Size([64, 32]))
 -> clip_head.image_encoder.transformer.resblocks.3.adaptermlp.mhsa_layers.0.linear1.bias (torch.Size([64]))
 -> clip_head.image_encoder.transformer.resblocks.3.adaptermlp.mhsa_layers.0.linear2.weight (torch.Size([32, 64]))
 -> clip_head.image_encoder.transformer.resblocks.3.adaptermlp.mhsa_layers.0.linear2.bias (torch.Size([32]))
 -> clip_head.image_encoder.transformer.resblocks.3.adaptermlp.mhsa_layers.0.norm2.weight (torch.Size([32]))
 -> clip_head.image_encoder.transformer.resblocks.3.adaptermlp.mhsa_layers.0.norm2.bias (torch.Size([32]))
 -> clip_head.image_encoder.transformer.resblocks.3.adaptermlp.mhsa_layers.0.norm3.weight (torch.Size([32]))
 -> clip_head.image_encoder.transformer.resblocks.3.adaptermlp.mhsa_layers.0.norm3.bias (torch.Size([32]))
 -> clip_head.image_encoder.transformer.resblocks.3.adaptermlp.mhsa_layers2.0.multihead_attn.in_proj_weight (torch.Size([96, 32]))
 -> clip_head.image_encoder.transformer.resblocks.3.adaptermlp.mhsa_layers2.0.multihead_attn.in_proj_bias (torch.Size([96]))
 -> clip_head.image_encoder.transformer.resblocks.3.adaptermlp.mhsa_layers2.0.multihead_attn.out_proj.weight (torch.Size([32, 32]))
 -> clip_head.image_encoder.transformer.resblocks.3.adaptermlp.mhsa_layers2.0.multihead_attn.out_proj.bias (torch.Size([32]))
 -> clip_head.image_encoder.transformer.resblocks.3.adaptermlp.mhsa_layers2.0.linear1.weight (torch.Size([64, 32]))
 -> clip_head.image_encoder.transformer.resblocks.3.adaptermlp.mhsa_layers2.0.linear1.bias (torch.Size([64]))
 -> clip_head.image_encoder.transformer.resblocks.3.adaptermlp.mhsa_layers2.0.linear2.weight (torch.Size([32, 64]))
 -> clip_head.image_encoder.transformer.resblocks.3.adaptermlp.mhsa_layers2.0.linear2.bias (torch.Size([32]))
 -> clip_head.image_encoder.transformer.resblocks.3.adaptermlp.mhsa_layers2.0.norm2.weight (torch.Size([32]))
 -> clip_head.image_encoder.transformer.resblocks.3.adaptermlp.mhsa_layers2.0.norm2.bias (torch.Size([32]))
 -> clip_head.image_encoder.transformer.resblocks.3.adaptermlp.mhsa_layers2.0.norm3.weight (torch.Size([32]))
 -> clip_head.image_encoder.transformer.resblocks.3.adaptermlp.mhsa_layers2.0.norm3.bias (torch.Size([32]))
 -> clip_head.image_encoder.transformer.resblocks.3.adaptermlp.mhsa_layers3.0.multihead_attn.in_proj_weight (torch.Size([96, 32]))
 -> clip_head.image_encoder.transformer.resblocks.3.adaptermlp.mhsa_layers3.0.multihead_attn.in_proj_bias (torch.Size([96]))
 -> clip_head.image_encoder.transformer.resblocks.3.adaptermlp.mhsa_layers3.0.multihead_attn.out_proj.weight (torch.Size([32, 32]))
 -> clip_head.image_encoder.transformer.resblocks.3.adaptermlp.mhsa_layers3.0.multihead_attn.out_proj.bias (torch.Size([32]))
 -> clip_head.image_encoder.transformer.resblocks.3.adaptermlp.mhsa_layers3.0.linear1.weight (torch.Size([64, 32]))
 -> clip_head.image_encoder.transformer.resblocks.3.adaptermlp.mhsa_layers3.0.linear1.bias (torch.Size([64]))
 -> clip_head.image_encoder.transformer.resblocks.3.adaptermlp.mhsa_layers3.0.linear2.weight (torch.Size([32, 64]))
 -> clip_head.image_encoder.transformer.resblocks.3.adaptermlp.mhsa_layers3.0.linear2.bias (torch.Size([32]))
 -> clip_head.image_encoder.transformer.resblocks.3.adaptermlp.mhsa_layers3.0.norm2.weight (torch.Size([32]))
 -> clip_head.image_encoder.transformer.resblocks.3.adaptermlp.mhsa_layers3.0.norm2.bias (torch.Size([32]))
 -> clip_head.image_encoder.transformer.resblocks.3.adaptermlp.mhsa_layers3.0.norm3.weight (torch.Size([32]))
 -> clip_head.image_encoder.transformer.resblocks.3.adaptermlp.mhsa_layers3.0.norm3.bias (torch.Size([32]))
 -> clip_head.image_encoder.transformer.resblocks.3.adaptermlp.ln.weight (torch.Size([32]))
 -> clip_head.image_encoder.transformer.resblocks.3.adaptermlp.ln.bias (torch.Size([32]))
 -> clip_head.image_encoder.transformer.resblocks.3.adaptermlp.ln2.weight (torch.Size([32]))
 -> clip_head.image_encoder.transformer.resblocks.3.adaptermlp.ln2.bias (torch.Size([32]))
 -> clip_head.image_encoder.transformer.resblocks.3.adaptermlp.ln3.weight (torch.Size([32]))
 -> clip_head.image_encoder.transformer.resblocks.3.adaptermlp.ln3.bias (torch.Size([32]))
 -> clip_head.image_encoder.transformer.resblocks.3.adaptermlp.prompt.weight (torch.Size([10, 32]))
 -> clip_head.image_encoder.transformer.resblocks.3.adaptermlp.down_proj4.weight (torch.Size([32, 32, 3, 3]))
 -> clip_head.image_encoder.transformer.resblocks.3.adaptermlp.down_proj4.bias (torch.Size([32]))
 -> clip_head.image_encoder.transformer.resblocks.3.adaptermlp.down_proj5.weight (torch.Size([32, 32, 5, 5]))
 -> clip_head.image_encoder.transformer.resblocks.3.adaptermlp.down_proj5.bias (torch.Size([32]))
 -> clip_head.image_encoder.transformer.resblocks.4.adaptermlp.scale (torch.Size([768]))
 -> clip_head.image_encoder.transformer.resblocks.4.adaptermlp.scale2 (torch.Size([768]))
 -> clip_head.image_encoder.transformer.resblocks.4.adaptermlp.down_proj.weight (torch.Size([32, 768]))
 -> clip_head.image_encoder.transformer.resblocks.4.adaptermlp.down_proj.bias (torch.Size([32]))
 -> clip_head.image_encoder.transformer.resblocks.4.adaptermlp.down_proj2.weight (torch.Size([32, 768]))
 -> clip_head.image_encoder.transformer.resblocks.4.adaptermlp.down_proj2.bias (torch.Size([32]))
 -> clip_head.image_encoder.transformer.resblocks.4.adaptermlp.up_proj.weight (torch.Size([768, 64]))
 -> clip_head.image_encoder.transformer.resblocks.4.adaptermlp.up_proj.bias (torch.Size([768]))
 -> clip_head.image_encoder.transformer.resblocks.4.adaptermlp.up_proj2.weight (torch.Size([768, 32]))
 -> clip_head.image_encoder.transformer.resblocks.4.adaptermlp.up_proj2.bias (torch.Size([768]))
 -> clip_head.image_encoder.transformer.resblocks.4.adaptermlp.down_proj3.weight (torch.Size([32, 768]))
 -> clip_head.image_encoder.transformer.resblocks.4.adaptermlp.down_proj3.bias (torch.Size([32]))
 -> clip_head.image_encoder.transformer.resblocks.4.adaptermlp.down_proj6.weight (torch.Size([32, 32]))
 -> clip_head.image_encoder.transformer.resblocks.4.adaptermlp.down_proj6.bias (torch.Size([32]))
 -> clip_head.image_encoder.transformer.resblocks.4.adaptermlp.mhsa_layers.0.multihead_attn.in_proj_weight (torch.Size([96, 32]))
 -> clip_head.image_encoder.transformer.resblocks.4.adaptermlp.mhsa_layers.0.multihead_attn.in_proj_bias (torch.Size([96]))
 -> clip_head.image_encoder.transformer.resblocks.4.adaptermlp.mhsa_layers.0.multihead_attn.out_proj.weight (torch.Size([32, 32]))
 -> clip_head.image_encoder.transformer.resblocks.4.adaptermlp.mhsa_layers.0.multihead_attn.out_proj.bias (torch.Size([32]))
 -> clip_head.image_encoder.transformer.resblocks.4.adaptermlp.mhsa_layers.0.linear1.weight (torch.Size([64, 32]))
 -> clip_head.image_encoder.transformer.resblocks.4.adaptermlp.mhsa_layers.0.linear1.bias (torch.Size([64]))
 -> clip_head.image_encoder.transformer.resblocks.4.adaptermlp.mhsa_layers.0.linear2.weight (torch.Size([32, 64]))
 -> clip_head.image_encoder.transformer.resblocks.4.adaptermlp.mhsa_layers.0.linear2.bias (torch.Size([32]))
 -> clip_head.image_encoder.transformer.resblocks.4.adaptermlp.mhsa_layers.0.norm2.weight (torch.Size([32]))
 -> clip_head.image_encoder.transformer.resblocks.4.adaptermlp.mhsa_layers.0.norm2.bias (torch.Size([32]))
 -> clip_head.image_encoder.transformer.resblocks.4.adaptermlp.mhsa_layers.0.norm3.weight (torch.Size([32]))
 -> clip_head.image_encoder.transformer.resblocks.4.adaptermlp.mhsa_layers.0.norm3.bias (torch.Size([32]))
 -> clip_head.image_encoder.transformer.resblocks.4.adaptermlp.mhsa_layers2.0.multihead_attn.in_proj_weight (torch.Size([96, 32]))
 -> clip_head.image_encoder.transformer.resblocks.4.adaptermlp.mhsa_layers2.0.multihead_attn.in_proj_bias (torch.Size([96]))
 -> clip_head.image_encoder.transformer.resblocks.4.adaptermlp.mhsa_layers2.0.multihead_attn.out_proj.weight (torch.Size([32, 32]))
 -> clip_head.image_encoder.transformer.resblocks.4.adaptermlp.mhsa_layers2.0.multihead_attn.out_proj.bias (torch.Size([32]))
 -> clip_head.image_encoder.transformer.resblocks.4.adaptermlp.mhsa_layers2.0.linear1.weight (torch.Size([64, 32]))
 -> clip_head.image_encoder.transformer.resblocks.4.adaptermlp.mhsa_layers2.0.linear1.bias (torch.Size([64]))
 -> clip_head.image_encoder.transformer.resblocks.4.adaptermlp.mhsa_layers2.0.linear2.weight (torch.Size([32, 64]))
 -> clip_head.image_encoder.transformer.resblocks.4.adaptermlp.mhsa_layers2.0.linear2.bias (torch.Size([32]))
 -> clip_head.image_encoder.transformer.resblocks.4.adaptermlp.mhsa_layers2.0.norm2.weight (torch.Size([32]))
 -> clip_head.image_encoder.transformer.resblocks.4.adaptermlp.mhsa_layers2.0.norm2.bias (torch.Size([32]))
 -> clip_head.image_encoder.transformer.resblocks.4.adaptermlp.mhsa_layers2.0.norm3.weight (torch.Size([32]))
 -> clip_head.image_encoder.transformer.resblocks.4.adaptermlp.mhsa_layers2.0.norm3.bias (torch.Size([32]))
 -> clip_head.image_encoder.transformer.resblocks.4.adaptermlp.mhsa_layers3.0.multihead_attn.in_proj_weight (torch.Size([96, 32]))
 -> clip_head.image_encoder.transformer.resblocks.4.adaptermlp.mhsa_layers3.0.multihead_attn.in_proj_bias (torch.Size([96]))
 -> clip_head.image_encoder.transformer.resblocks.4.adaptermlp.mhsa_layers3.0.multihead_attn.out_proj.weight (torch.Size([32, 32]))
 -> clip_head.image_encoder.transformer.resblocks.4.adaptermlp.mhsa_layers3.0.multihead_attn.out_proj.bias (torch.Size([32]))
 -> clip_head.image_encoder.transformer.resblocks.4.adaptermlp.mhsa_layers3.0.linear1.weight (torch.Size([64, 32]))
 -> clip_head.image_encoder.transformer.resblocks.4.adaptermlp.mhsa_layers3.0.linear1.bias (torch.Size([64]))
 -> clip_head.image_encoder.transformer.resblocks.4.adaptermlp.mhsa_layers3.0.linear2.weight (torch.Size([32, 64]))
 -> clip_head.image_encoder.transformer.resblocks.4.adaptermlp.mhsa_layers3.0.linear2.bias (torch.Size([32]))
 -> clip_head.image_encoder.transformer.resblocks.4.adaptermlp.mhsa_layers3.0.norm2.weight (torch.Size([32]))
 -> clip_head.image_encoder.transformer.resblocks.4.adaptermlp.mhsa_layers3.0.norm2.bias (torch.Size([32]))
 -> clip_head.image_encoder.transformer.resblocks.4.adaptermlp.mhsa_layers3.0.norm3.weight (torch.Size([32]))
 -> clip_head.image_encoder.transformer.resblocks.4.adaptermlp.mhsa_layers3.0.norm3.bias (torch.Size([32]))
 -> clip_head.image_encoder.transformer.resblocks.4.adaptermlp.ln.weight (torch.Size([32]))
 -> clip_head.image_encoder.transformer.resblocks.4.adaptermlp.ln.bias (torch.Size([32]))
 -> clip_head.image_encoder.transformer.resblocks.4.adaptermlp.ln2.weight (torch.Size([32]))
 -> clip_head.image_encoder.transformer.resblocks.4.adaptermlp.ln2.bias (torch.Size([32]))
 -> clip_head.image_encoder.transformer.resblocks.4.adaptermlp.ln3.weight (torch.Size([32]))
 -> clip_head.image_encoder.transformer.resblocks.4.adaptermlp.ln3.bias (torch.Size([32]))
 -> clip_head.image_encoder.transformer.resblocks.4.adaptermlp.prompt.weight (torch.Size([10, 32]))
 -> clip_head.image_encoder.transformer.resblocks.4.adaptermlp.down_proj4.weight (torch.Size([32, 32, 3, 3]))
 -> clip_head.image_encoder.transformer.resblocks.4.adaptermlp.down_proj4.bias (torch.Size([32]))
 -> clip_head.image_encoder.transformer.resblocks.4.adaptermlp.down_proj5.weight (torch.Size([32, 32, 5, 5]))
 -> clip_head.image_encoder.transformer.resblocks.4.adaptermlp.down_proj5.bias (torch.Size([32]))
 -> clip_head.image_encoder.transformer.resblocks.5.adaptermlp.scale (torch.Size([768]))
 -> clip_head.image_encoder.transformer.resblocks.5.adaptermlp.scale2 (torch.Size([768]))
 -> clip_head.image_encoder.transformer.resblocks.5.adaptermlp.down_proj.weight (torch.Size([32, 768]))
 -> clip_head.image_encoder.transformer.resblocks.5.adaptermlp.down_proj.bias (torch.Size([32]))
 -> clip_head.image_encoder.transformer.resblocks.5.adaptermlp.down_proj2.weight (torch.Size([32, 768]))
 -> clip_head.image_encoder.transformer.resblocks.5.adaptermlp.down_proj2.bias (torch.Size([32]))
 -> clip_head.image_encoder.transformer.resblocks.5.adaptermlp.up_proj.weight (torch.Size([768, 64]))
 -> clip_head.image_encoder.transformer.resblocks.5.adaptermlp.up_proj.bias (torch.Size([768]))
 -> clip_head.image_encoder.transformer.resblocks.5.adaptermlp.up_proj2.weight (torch.Size([768, 32]))
 -> clip_head.image_encoder.transformer.resblocks.5.adaptermlp.up_proj2.bias (torch.Size([768]))
 -> clip_head.image_encoder.transformer.resblocks.5.adaptermlp.down_proj3.weight (torch.Size([32, 768]))
 -> clip_head.image_encoder.transformer.resblocks.5.adaptermlp.down_proj3.bias (torch.Size([32]))
 -> clip_head.image_encoder.transformer.resblocks.5.adaptermlp.down_proj6.weight (torch.Size([32, 32]))
 -> clip_head.image_encoder.transformer.resblocks.5.adaptermlp.down_proj6.bias (torch.Size([32]))
 -> clip_head.image_encoder.transformer.resblocks.5.adaptermlp.mhsa_layers.0.multihead_attn.in_proj_weight (torch.Size([96, 32]))
 -> clip_head.image_encoder.transformer.resblocks.5.adaptermlp.mhsa_layers.0.multihead_attn.in_proj_bias (torch.Size([96]))
 -> clip_head.image_encoder.transformer.resblocks.5.adaptermlp.mhsa_layers.0.multihead_attn.out_proj.weight (torch.Size([32, 32]))
 -> clip_head.image_encoder.transformer.resblocks.5.adaptermlp.mhsa_layers.0.multihead_attn.out_proj.bias (torch.Size([32]))
 -> clip_head.image_encoder.transformer.resblocks.5.adaptermlp.mhsa_layers.0.linear1.weight (torch.Size([64, 32]))
 -> clip_head.image_encoder.transformer.resblocks.5.adaptermlp.mhsa_layers.0.linear1.bias (torch.Size([64]))
 -> clip_head.image_encoder.transformer.resblocks.5.adaptermlp.mhsa_layers.0.linear2.weight (torch.Size([32, 64]))
 -> clip_head.image_encoder.transformer.resblocks.5.adaptermlp.mhsa_layers.0.linear2.bias (torch.Size([32]))
 -> clip_head.image_encoder.transformer.resblocks.5.adaptermlp.mhsa_layers.0.norm2.weight (torch.Size([32]))
 -> clip_head.image_encoder.transformer.resblocks.5.adaptermlp.mhsa_layers.0.norm2.bias (torch.Size([32]))
 -> clip_head.image_encoder.transformer.resblocks.5.adaptermlp.mhsa_layers.0.norm3.weight (torch.Size([32]))
 -> clip_head.image_encoder.transformer.resblocks.5.adaptermlp.mhsa_layers.0.norm3.bias (torch.Size([32]))
 -> clip_head.image_encoder.transformer.resblocks.5.adaptermlp.mhsa_layers2.0.multihead_attn.in_proj_weight (torch.Size([96, 32]))
 -> clip_head.image_encoder.transformer.resblocks.5.adaptermlp.mhsa_layers2.0.multihead_attn.in_proj_bias (torch.Size([96]))
 -> clip_head.image_encoder.transformer.resblocks.5.adaptermlp.mhsa_layers2.0.multihead_attn.out_proj.weight (torch.Size([32, 32]))
 -> clip_head.image_encoder.transformer.resblocks.5.adaptermlp.mhsa_layers2.0.multihead_attn.out_proj.bias (torch.Size([32]))
 -> clip_head.image_encoder.transformer.resblocks.5.adaptermlp.mhsa_layers2.0.linear1.weight (torch.Size([64, 32]))
 -> clip_head.image_encoder.transformer.resblocks.5.adaptermlp.mhsa_layers2.0.linear1.bias (torch.Size([64]))
 -> clip_head.image_encoder.transformer.resblocks.5.adaptermlp.mhsa_layers2.0.linear2.weight (torch.Size([32, 64]))
 -> clip_head.image_encoder.transformer.resblocks.5.adaptermlp.mhsa_layers2.0.linear2.bias (torch.Size([32]))
 -> clip_head.image_encoder.transformer.resblocks.5.adaptermlp.mhsa_layers2.0.norm2.weight (torch.Size([32]))
 -> clip_head.image_encoder.transformer.resblocks.5.adaptermlp.mhsa_layers2.0.norm2.bias (torch.Size([32]))
 -> clip_head.image_encoder.transformer.resblocks.5.adaptermlp.mhsa_layers2.0.norm3.weight (torch.Size([32]))
 -> clip_head.image_encoder.transformer.resblocks.5.adaptermlp.mhsa_layers2.0.norm3.bias (torch.Size([32]))
 -> clip_head.image_encoder.transformer.resblocks.5.adaptermlp.mhsa_layers3.0.multihead_attn.in_proj_weight (torch.Size([96, 32]))
 -> clip_head.image_encoder.transformer.resblocks.5.adaptermlp.mhsa_layers3.0.multihead_attn.in_proj_bias (torch.Size([96]))
 -> clip_head.image_encoder.transformer.resblocks.5.adaptermlp.mhsa_layers3.0.multihead_attn.out_proj.weight (torch.Size([32, 32]))
 -> clip_head.image_encoder.transformer.resblocks.5.adaptermlp.mhsa_layers3.0.multihead_attn.out_proj.bias (torch.Size([32]))
 -> clip_head.image_encoder.transformer.resblocks.5.adaptermlp.mhsa_layers3.0.linear1.weight (torch.Size([64, 32]))
 -> clip_head.image_encoder.transformer.resblocks.5.adaptermlp.mhsa_layers3.0.linear1.bias (torch.Size([64]))
 -> clip_head.image_encoder.transformer.resblocks.5.adaptermlp.mhsa_layers3.0.linear2.weight (torch.Size([32, 64]))
 -> clip_head.image_encoder.transformer.resblocks.5.adaptermlp.mhsa_layers3.0.linear2.bias (torch.Size([32]))
 -> clip_head.image_encoder.transformer.resblocks.5.adaptermlp.mhsa_layers3.0.norm2.weight (torch.Size([32]))
 -> clip_head.image_encoder.transformer.resblocks.5.adaptermlp.mhsa_layers3.0.norm2.bias (torch.Size([32]))
 -> clip_head.image_encoder.transformer.resblocks.5.adaptermlp.mhsa_layers3.0.norm3.weight (torch.Size([32]))
 -> clip_head.image_encoder.transformer.resblocks.5.adaptermlp.mhsa_layers3.0.norm3.bias (torch.Size([32]))
 -> clip_head.image_encoder.transformer.resblocks.5.adaptermlp.ln.weight (torch.Size([32]))
 -> clip_head.image_encoder.transformer.resblocks.5.adaptermlp.ln.bias (torch.Size([32]))
 -> clip_head.image_encoder.transformer.resblocks.5.adaptermlp.ln2.weight (torch.Size([32]))
 -> clip_head.image_encoder.transformer.resblocks.5.adaptermlp.ln2.bias (torch.Size([32]))
 -> clip_head.image_encoder.transformer.resblocks.5.adaptermlp.ln3.weight (torch.Size([32]))
 -> clip_head.image_encoder.transformer.resblocks.5.adaptermlp.ln3.bias (torch.Size([32]))
 -> clip_head.image_encoder.transformer.resblocks.5.adaptermlp.prompt.weight (torch.Size([10, 32]))
 -> clip_head.image_encoder.transformer.resblocks.5.adaptermlp.down_proj4.weight (torch.Size([32, 32, 3, 3]))
 -> clip_head.image_encoder.transformer.resblocks.5.adaptermlp.down_proj4.bias (torch.Size([32]))
 -> clip_head.image_encoder.transformer.resblocks.5.adaptermlp.down_proj5.weight (torch.Size([32, 32, 5, 5]))
 -> clip_head.image_encoder.transformer.resblocks.5.adaptermlp.down_proj5.bias (torch.Size([32]))
 -> clip_head.image_encoder.transformer.resblocks.6.adaptermlp.scale (torch.Size([768]))
 -> clip_head.image_encoder.transformer.resblocks.6.adaptermlp.scale2 (torch.Size([768]))
 -> clip_head.image_encoder.transformer.resblocks.6.adaptermlp.down_proj.weight (torch.Size([32, 768]))
 -> clip_head.image_encoder.transformer.resblocks.6.adaptermlp.down_proj.bias (torch.Size([32]))
 -> clip_head.image_encoder.transformer.resblocks.6.adaptermlp.down_proj2.weight (torch.Size([32, 768]))
 -> clip_head.image_encoder.transformer.resblocks.6.adaptermlp.down_proj2.bias (torch.Size([32]))
 -> clip_head.image_encoder.transformer.resblocks.6.adaptermlp.up_proj.weight (torch.Size([768, 64]))
 -> clip_head.image_encoder.transformer.resblocks.6.adaptermlp.up_proj.bias (torch.Size([768]))
 -> clip_head.image_encoder.transformer.resblocks.6.adaptermlp.up_proj2.weight (torch.Size([768, 32]))
 -> clip_head.image_encoder.transformer.resblocks.6.adaptermlp.up_proj2.bias (torch.Size([768]))
 -> clip_head.image_encoder.transformer.resblocks.6.adaptermlp.down_proj3.weight (torch.Size([32, 768]))
 -> clip_head.image_encoder.transformer.resblocks.6.adaptermlp.down_proj3.bias (torch.Size([32]))
 -> clip_head.image_encoder.transformer.resblocks.6.adaptermlp.down_proj6.weight (torch.Size([32, 32]))
 -> clip_head.image_encoder.transformer.resblocks.6.adaptermlp.down_proj6.bias (torch.Size([32]))
 -> clip_head.image_encoder.transformer.resblocks.6.adaptermlp.mhsa_layers.0.multihead_attn.in_proj_weight (torch.Size([96, 32]))
 -> clip_head.image_encoder.transformer.resblocks.6.adaptermlp.mhsa_layers.0.multihead_attn.in_proj_bias (torch.Size([96]))
 -> clip_head.image_encoder.transformer.resblocks.6.adaptermlp.mhsa_layers.0.multihead_attn.out_proj.weight (torch.Size([32, 32]))
 -> clip_head.image_encoder.transformer.resblocks.6.adaptermlp.mhsa_layers.0.multihead_attn.out_proj.bias (torch.Size([32]))
 -> clip_head.image_encoder.transformer.resblocks.6.adaptermlp.mhsa_layers.0.linear1.weight (torch.Size([64, 32]))
 -> clip_head.image_encoder.transformer.resblocks.6.adaptermlp.mhsa_layers.0.linear1.bias (torch.Size([64]))
 -> clip_head.image_encoder.transformer.resblocks.6.adaptermlp.mhsa_layers.0.linear2.weight (torch.Size([32, 64]))
 -> clip_head.image_encoder.transformer.resblocks.6.adaptermlp.mhsa_layers.0.linear2.bias (torch.Size([32]))
 -> clip_head.image_encoder.transformer.resblocks.6.adaptermlp.mhsa_layers.0.norm2.weight (torch.Size([32]))
 -> clip_head.image_encoder.transformer.resblocks.6.adaptermlp.mhsa_layers.0.norm2.bias (torch.Size([32]))
 -> clip_head.image_encoder.transformer.resblocks.6.adaptermlp.mhsa_layers.0.norm3.weight (torch.Size([32]))
 -> clip_head.image_encoder.transformer.resblocks.6.adaptermlp.mhsa_layers.0.norm3.bias (torch.Size([32]))
 -> clip_head.image_encoder.transformer.resblocks.6.adaptermlp.mhsa_layers2.0.multihead_attn.in_proj_weight (torch.Size([96, 32]))
 -> clip_head.image_encoder.transformer.resblocks.6.adaptermlp.mhsa_layers2.0.multihead_attn.in_proj_bias (torch.Size([96]))
 -> clip_head.image_encoder.transformer.resblocks.6.adaptermlp.mhsa_layers2.0.multihead_attn.out_proj.weight (torch.Size([32, 32]))
 -> clip_head.image_encoder.transformer.resblocks.6.adaptermlp.mhsa_layers2.0.multihead_attn.out_proj.bias (torch.Size([32]))
 -> clip_head.image_encoder.transformer.resblocks.6.adaptermlp.mhsa_layers2.0.linear1.weight (torch.Size([64, 32]))
 -> clip_head.image_encoder.transformer.resblocks.6.adaptermlp.mhsa_layers2.0.linear1.bias (torch.Size([64]))
 -> clip_head.image_encoder.transformer.resblocks.6.adaptermlp.mhsa_layers2.0.linear2.weight (torch.Size([32, 64]))
 -> clip_head.image_encoder.transformer.resblocks.6.adaptermlp.mhsa_layers2.0.linear2.bias (torch.Size([32]))
 -> clip_head.image_encoder.transformer.resblocks.6.adaptermlp.mhsa_layers2.0.norm2.weight (torch.Size([32]))
 -> clip_head.image_encoder.transformer.resblocks.6.adaptermlp.mhsa_layers2.0.norm2.bias (torch.Size([32]))
 -> clip_head.image_encoder.transformer.resblocks.6.adaptermlp.mhsa_layers2.0.norm3.weight (torch.Size([32]))
 -> clip_head.image_encoder.transformer.resblocks.6.adaptermlp.mhsa_layers2.0.norm3.bias (torch.Size([32]))
 -> clip_head.image_encoder.transformer.resblocks.6.adaptermlp.mhsa_layers3.0.multihead_attn.in_proj_weight (torch.Size([96, 32]))
 -> clip_head.image_encoder.transformer.resblocks.6.adaptermlp.mhsa_layers3.0.multihead_attn.in_proj_bias (torch.Size([96]))
 -> clip_head.image_encoder.transformer.resblocks.6.adaptermlp.mhsa_layers3.0.multihead_attn.out_proj.weight (torch.Size([32, 32]))
 -> clip_head.image_encoder.transformer.resblocks.6.adaptermlp.mhsa_layers3.0.multihead_attn.out_proj.bias (torch.Size([32]))
 -> clip_head.image_encoder.transformer.resblocks.6.adaptermlp.mhsa_layers3.0.linear1.weight (torch.Size([64, 32]))
 -> clip_head.image_encoder.transformer.resblocks.6.adaptermlp.mhsa_layers3.0.linear1.bias (torch.Size([64]))
 -> clip_head.image_encoder.transformer.resblocks.6.adaptermlp.mhsa_layers3.0.linear2.weight (torch.Size([32, 64]))
 -> clip_head.image_encoder.transformer.resblocks.6.adaptermlp.mhsa_layers3.0.linear2.bias (torch.Size([32]))
 -> clip_head.image_encoder.transformer.resblocks.6.adaptermlp.mhsa_layers3.0.norm2.weight (torch.Size([32]))
 -> clip_head.image_encoder.transformer.resblocks.6.adaptermlp.mhsa_layers3.0.norm2.bias (torch.Size([32]))
 -> clip_head.image_encoder.transformer.resblocks.6.adaptermlp.mhsa_layers3.0.norm3.weight (torch.Size([32]))
 -> clip_head.image_encoder.transformer.resblocks.6.adaptermlp.mhsa_layers3.0.norm3.bias (torch.Size([32]))
 -> clip_head.image_encoder.transformer.resblocks.6.adaptermlp.ln.weight (torch.Size([32]))
 -> clip_head.image_encoder.transformer.resblocks.6.adaptermlp.ln.bias (torch.Size([32]))
 -> clip_head.image_encoder.transformer.resblocks.6.adaptermlp.ln2.weight (torch.Size([32]))
 -> clip_head.image_encoder.transformer.resblocks.6.adaptermlp.ln2.bias (torch.Size([32]))
 -> clip_head.image_encoder.transformer.resblocks.6.adaptermlp.ln3.weight (torch.Size([32]))
 -> clip_head.image_encoder.transformer.resblocks.6.adaptermlp.ln3.bias (torch.Size([32]))
 -> clip_head.image_encoder.transformer.resblocks.6.adaptermlp.prompt.weight (torch.Size([10, 32]))
 -> clip_head.image_encoder.transformer.resblocks.6.adaptermlp.down_proj4.weight (torch.Size([32, 32, 3, 3]))
 -> clip_head.image_encoder.transformer.resblocks.6.adaptermlp.down_proj4.bias (torch.Size([32]))
 -> clip_head.image_encoder.transformer.resblocks.6.adaptermlp.down_proj5.weight (torch.Size([32, 32, 5, 5]))
 -> clip_head.image_encoder.transformer.resblocks.6.adaptermlp.down_proj5.bias (torch.Size([32]))
 -> clip_head.image_encoder.transformer.resblocks.7.adaptermlp.scale (torch.Size([768]))
 -> clip_head.image_encoder.transformer.resblocks.7.adaptermlp.scale2 (torch.Size([768]))
 -> clip_head.image_encoder.transformer.resblocks.7.adaptermlp.down_proj.weight (torch.Size([32, 768]))
 -> clip_head.image_encoder.transformer.resblocks.7.adaptermlp.down_proj.bias (torch.Size([32]))
 -> clip_head.image_encoder.transformer.resblocks.7.adaptermlp.down_proj2.weight (torch.Size([32, 768]))
 -> clip_head.image_encoder.transformer.resblocks.7.adaptermlp.down_proj2.bias (torch.Size([32]))
 -> clip_head.image_encoder.transformer.resblocks.7.adaptermlp.up_proj.weight (torch.Size([768, 64]))
 -> clip_head.image_encoder.transformer.resblocks.7.adaptermlp.up_proj.bias (torch.Size([768]))
 -> clip_head.image_encoder.transformer.resblocks.7.adaptermlp.up_proj2.weight (torch.Size([768, 32]))
 -> clip_head.image_encoder.transformer.resblocks.7.adaptermlp.up_proj2.bias (torch.Size([768]))
 -> clip_head.image_encoder.transformer.resblocks.7.adaptermlp.down_proj3.weight (torch.Size([32, 768]))
 -> clip_head.image_encoder.transformer.resblocks.7.adaptermlp.down_proj3.bias (torch.Size([32]))
 -> clip_head.image_encoder.transformer.resblocks.7.adaptermlp.down_proj6.weight (torch.Size([32, 32]))
 -> clip_head.image_encoder.transformer.resblocks.7.adaptermlp.down_proj6.bias (torch.Size([32]))
 -> clip_head.image_encoder.transformer.resblocks.7.adaptermlp.mhsa_layers.0.multihead_attn.in_proj_weight (torch.Size([96, 32]))
 -> clip_head.image_encoder.transformer.resblocks.7.adaptermlp.mhsa_layers.0.multihead_attn.in_proj_bias (torch.Size([96]))
 -> clip_head.image_encoder.transformer.resblocks.7.adaptermlp.mhsa_layers.0.multihead_attn.out_proj.weight (torch.Size([32, 32]))
 -> clip_head.image_encoder.transformer.resblocks.7.adaptermlp.mhsa_layers.0.multihead_attn.out_proj.bias (torch.Size([32]))
 -> clip_head.image_encoder.transformer.resblocks.7.adaptermlp.mhsa_layers.0.linear1.weight (torch.Size([64, 32]))
 -> clip_head.image_encoder.transformer.resblocks.7.adaptermlp.mhsa_layers.0.linear1.bias (torch.Size([64]))
 -> clip_head.image_encoder.transformer.resblocks.7.adaptermlp.mhsa_layers.0.linear2.weight (torch.Size([32, 64]))
 -> clip_head.image_encoder.transformer.resblocks.7.adaptermlp.mhsa_layers.0.linear2.bias (torch.Size([32]))
 -> clip_head.image_encoder.transformer.resblocks.7.adaptermlp.mhsa_layers.0.norm2.weight (torch.Size([32]))
 -> clip_head.image_encoder.transformer.resblocks.7.adaptermlp.mhsa_layers.0.norm2.bias (torch.Size([32]))
 -> clip_head.image_encoder.transformer.resblocks.7.adaptermlp.mhsa_layers.0.norm3.weight (torch.Size([32]))
 -> clip_head.image_encoder.transformer.resblocks.7.adaptermlp.mhsa_layers.0.norm3.bias (torch.Size([32]))
 -> clip_head.image_encoder.transformer.resblocks.7.adaptermlp.mhsa_layers2.0.multihead_attn.in_proj_weight (torch.Size([96, 32]))
 -> clip_head.image_encoder.transformer.resblocks.7.adaptermlp.mhsa_layers2.0.multihead_attn.in_proj_bias (torch.Size([96]))
 -> clip_head.image_encoder.transformer.resblocks.7.adaptermlp.mhsa_layers2.0.multihead_attn.out_proj.weight (torch.Size([32, 32]))
 -> clip_head.image_encoder.transformer.resblocks.7.adaptermlp.mhsa_layers2.0.multihead_attn.out_proj.bias (torch.Size([32]))
 -> clip_head.image_encoder.transformer.resblocks.7.adaptermlp.mhsa_layers2.0.linear1.weight (torch.Size([64, 32]))
 -> clip_head.image_encoder.transformer.resblocks.7.adaptermlp.mhsa_layers2.0.linear1.bias (torch.Size([64]))
 -> clip_head.image_encoder.transformer.resblocks.7.adaptermlp.mhsa_layers2.0.linear2.weight (torch.Size([32, 64]))
 -> clip_head.image_encoder.transformer.resblocks.7.adaptermlp.mhsa_layers2.0.linear2.bias (torch.Size([32]))
 -> clip_head.image_encoder.transformer.resblocks.7.adaptermlp.mhsa_layers2.0.norm2.weight (torch.Size([32]))
 -> clip_head.image_encoder.transformer.resblocks.7.adaptermlp.mhsa_layers2.0.norm2.bias (torch.Size([32]))
 -> clip_head.image_encoder.transformer.resblocks.7.adaptermlp.mhsa_layers2.0.norm3.weight (torch.Size([32]))
 -> clip_head.image_encoder.transformer.resblocks.7.adaptermlp.mhsa_layers2.0.norm3.bias (torch.Size([32]))
 -> clip_head.image_encoder.transformer.resblocks.7.adaptermlp.mhsa_layers3.0.multihead_attn.in_proj_weight (torch.Size([96, 32]))
 -> clip_head.image_encoder.transformer.resblocks.7.adaptermlp.mhsa_layers3.0.multihead_attn.in_proj_bias (torch.Size([96]))
 -> clip_head.image_encoder.transformer.resblocks.7.adaptermlp.mhsa_layers3.0.multihead_attn.out_proj.weight (torch.Size([32, 32]))
 -> clip_head.image_encoder.transformer.resblocks.7.adaptermlp.mhsa_layers3.0.multihead_attn.out_proj.bias (torch.Size([32]))
 -> clip_head.image_encoder.transformer.resblocks.7.adaptermlp.mhsa_layers3.0.linear1.weight (torch.Size([64, 32]))
 -> clip_head.image_encoder.transformer.resblocks.7.adaptermlp.mhsa_layers3.0.linear1.bias (torch.Size([64]))
 -> clip_head.image_encoder.transformer.resblocks.7.adaptermlp.mhsa_layers3.0.linear2.weight (torch.Size([32, 64]))
 -> clip_head.image_encoder.transformer.resblocks.7.adaptermlp.mhsa_layers3.0.linear2.bias (torch.Size([32]))
 -> clip_head.image_encoder.transformer.resblocks.7.adaptermlp.mhsa_layers3.0.norm2.weight (torch.Size([32]))
 -> clip_head.image_encoder.transformer.resblocks.7.adaptermlp.mhsa_layers3.0.norm2.bias (torch.Size([32]))
 -> clip_head.image_encoder.transformer.resblocks.7.adaptermlp.mhsa_layers3.0.norm3.weight (torch.Size([32]))
 -> clip_head.image_encoder.transformer.resblocks.7.adaptermlp.mhsa_layers3.0.norm3.bias (torch.Size([32]))
 -> clip_head.image_encoder.transformer.resblocks.7.adaptermlp.ln.weight (torch.Size([32]))
 -> clip_head.image_encoder.transformer.resblocks.7.adaptermlp.ln.bias (torch.Size([32]))
 -> clip_head.image_encoder.transformer.resblocks.7.adaptermlp.ln2.weight (torch.Size([32]))
 -> clip_head.image_encoder.transformer.resblocks.7.adaptermlp.ln2.bias (torch.Size([32]))
 -> clip_head.image_encoder.transformer.resblocks.7.adaptermlp.ln3.weight (torch.Size([32]))
 -> clip_head.image_encoder.transformer.resblocks.7.adaptermlp.ln3.bias (torch.Size([32]))
 -> clip_head.image_encoder.transformer.resblocks.7.adaptermlp.prompt.weight (torch.Size([10, 32]))
 -> clip_head.image_encoder.transformer.resblocks.7.adaptermlp.down_proj4.weight (torch.Size([32, 32, 3, 3]))
 -> clip_head.image_encoder.transformer.resblocks.7.adaptermlp.down_proj4.bias (torch.Size([32]))
 -> clip_head.image_encoder.transformer.resblocks.7.adaptermlp.down_proj5.weight (torch.Size([32, 32, 5, 5]))
 -> clip_head.image_encoder.transformer.resblocks.7.adaptermlp.down_proj5.bias (torch.Size([32]))
 -> clip_head.image_encoder.transformer.resblocks.8.adaptermlp.scale (torch.Size([768]))
 -> clip_head.image_encoder.transformer.resblocks.8.adaptermlp.scale2 (torch.Size([768]))
 -> clip_head.image_encoder.transformer.resblocks.8.adaptermlp.down_proj.weight (torch.Size([32, 768]))
 -> clip_head.image_encoder.transformer.resblocks.8.adaptermlp.down_proj.bias (torch.Size([32]))
 -> clip_head.image_encoder.transformer.resblocks.8.adaptermlp.down_proj2.weight (torch.Size([32, 768]))
 -> clip_head.image_encoder.transformer.resblocks.8.adaptermlp.down_proj2.bias (torch.Size([32]))
 -> clip_head.image_encoder.transformer.resblocks.8.adaptermlp.up_proj.weight (torch.Size([768, 64]))
 -> clip_head.image_encoder.transformer.resblocks.8.adaptermlp.up_proj.bias (torch.Size([768]))
 -> clip_head.image_encoder.transformer.resblocks.8.adaptermlp.up_proj2.weight (torch.Size([768, 32]))
 -> clip_head.image_encoder.transformer.resblocks.8.adaptermlp.up_proj2.bias (torch.Size([768]))
 -> clip_head.image_encoder.transformer.resblocks.8.adaptermlp.down_proj3.weight (torch.Size([32, 768]))
 -> clip_head.image_encoder.transformer.resblocks.8.adaptermlp.down_proj3.bias (torch.Size([32]))
 -> clip_head.image_encoder.transformer.resblocks.8.adaptermlp.down_proj6.weight (torch.Size([32, 32]))
 -> clip_head.image_encoder.transformer.resblocks.8.adaptermlp.down_proj6.bias (torch.Size([32]))
 -> clip_head.image_encoder.transformer.resblocks.8.adaptermlp.mhsa_layers.0.multihead_attn.in_proj_weight (torch.Size([96, 32]))
 -> clip_head.image_encoder.transformer.resblocks.8.adaptermlp.mhsa_layers.0.multihead_attn.in_proj_bias (torch.Size([96]))
 -> clip_head.image_encoder.transformer.resblocks.8.adaptermlp.mhsa_layers.0.multihead_attn.out_proj.weight (torch.Size([32, 32]))
 -> clip_head.image_encoder.transformer.resblocks.8.adaptermlp.mhsa_layers.0.multihead_attn.out_proj.bias (torch.Size([32]))
 -> clip_head.image_encoder.transformer.resblocks.8.adaptermlp.mhsa_layers.0.linear1.weight (torch.Size([64, 32]))
 -> clip_head.image_encoder.transformer.resblocks.8.adaptermlp.mhsa_layers.0.linear1.bias (torch.Size([64]))
 -> clip_head.image_encoder.transformer.resblocks.8.adaptermlp.mhsa_layers.0.linear2.weight (torch.Size([32, 64]))
 -> clip_head.image_encoder.transformer.resblocks.8.adaptermlp.mhsa_layers.0.linear2.bias (torch.Size([32]))
 -> clip_head.image_encoder.transformer.resblocks.8.adaptermlp.mhsa_layers.0.norm2.weight (torch.Size([32]))
 -> clip_head.image_encoder.transformer.resblocks.8.adaptermlp.mhsa_layers.0.norm2.bias (torch.Size([32]))
 -> clip_head.image_encoder.transformer.resblocks.8.adaptermlp.mhsa_layers.0.norm3.weight (torch.Size([32]))
 -> clip_head.image_encoder.transformer.resblocks.8.adaptermlp.mhsa_layers.0.norm3.bias (torch.Size([32]))
 -> clip_head.image_encoder.transformer.resblocks.8.adaptermlp.mhsa_layers2.0.multihead_attn.in_proj_weight (torch.Size([96, 32]))
 -> clip_head.image_encoder.transformer.resblocks.8.adaptermlp.mhsa_layers2.0.multihead_attn.in_proj_bias (torch.Size([96]))
 -> clip_head.image_encoder.transformer.resblocks.8.adaptermlp.mhsa_layers2.0.multihead_attn.out_proj.weight (torch.Size([32, 32]))
 -> clip_head.image_encoder.transformer.resblocks.8.adaptermlp.mhsa_layers2.0.multihead_attn.out_proj.bias (torch.Size([32]))
 -> clip_head.image_encoder.transformer.resblocks.8.adaptermlp.mhsa_layers2.0.linear1.weight (torch.Size([64, 32]))
 -> clip_head.image_encoder.transformer.resblocks.8.adaptermlp.mhsa_layers2.0.linear1.bias (torch.Size([64]))
 -> clip_head.image_encoder.transformer.resblocks.8.adaptermlp.mhsa_layers2.0.linear2.weight (torch.Size([32, 64]))
 -> clip_head.image_encoder.transformer.resblocks.8.adaptermlp.mhsa_layers2.0.linear2.bias (torch.Size([32]))
 -> clip_head.image_encoder.transformer.resblocks.8.adaptermlp.mhsa_layers2.0.norm2.weight (torch.Size([32]))
 -> clip_head.image_encoder.transformer.resblocks.8.adaptermlp.mhsa_layers2.0.norm2.bias (torch.Size([32]))
 -> clip_head.image_encoder.transformer.resblocks.8.adaptermlp.mhsa_layers2.0.norm3.weight (torch.Size([32]))
 -> clip_head.image_encoder.transformer.resblocks.8.adaptermlp.mhsa_layers2.0.norm3.bias (torch.Size([32]))
 -> clip_head.image_encoder.transformer.resblocks.8.adaptermlp.mhsa_layers3.0.multihead_attn.in_proj_weight (torch.Size([96, 32]))
 -> clip_head.image_encoder.transformer.resblocks.8.adaptermlp.mhsa_layers3.0.multihead_attn.in_proj_bias (torch.Size([96]))
 -> clip_head.image_encoder.transformer.resblocks.8.adaptermlp.mhsa_layers3.0.multihead_attn.out_proj.weight (torch.Size([32, 32]))
 -> clip_head.image_encoder.transformer.resblocks.8.adaptermlp.mhsa_layers3.0.multihead_attn.out_proj.bias (torch.Size([32]))
 -> clip_head.image_encoder.transformer.resblocks.8.adaptermlp.mhsa_layers3.0.linear1.weight (torch.Size([64, 32]))
 -> clip_head.image_encoder.transformer.resblocks.8.adaptermlp.mhsa_layers3.0.linear1.bias (torch.Size([64]))
 -> clip_head.image_encoder.transformer.resblocks.8.adaptermlp.mhsa_layers3.0.linear2.weight (torch.Size([32, 64]))
 -> clip_head.image_encoder.transformer.resblocks.8.adaptermlp.mhsa_layers3.0.linear2.bias (torch.Size([32]))
 -> clip_head.image_encoder.transformer.resblocks.8.adaptermlp.mhsa_layers3.0.norm2.weight (torch.Size([32]))
 -> clip_head.image_encoder.transformer.resblocks.8.adaptermlp.mhsa_layers3.0.norm2.bias (torch.Size([32]))
 -> clip_head.image_encoder.transformer.resblocks.8.adaptermlp.mhsa_layers3.0.norm3.weight (torch.Size([32]))
 -> clip_head.image_encoder.transformer.resblocks.8.adaptermlp.mhsa_layers3.0.norm3.bias (torch.Size([32]))
 -> clip_head.image_encoder.transformer.resblocks.8.adaptermlp.ln.weight (torch.Size([32]))
 -> clip_head.image_encoder.transformer.resblocks.8.adaptermlp.ln.bias (torch.Size([32]))
 -> clip_head.image_encoder.transformer.resblocks.8.adaptermlp.ln2.weight (torch.Size([32]))
 -> clip_head.image_encoder.transformer.resblocks.8.adaptermlp.ln2.bias (torch.Size([32]))
 -> clip_head.image_encoder.transformer.resblocks.8.adaptermlp.ln3.weight (torch.Size([32]))
 -> clip_head.image_encoder.transformer.resblocks.8.adaptermlp.ln3.bias (torch.Size([32]))
 -> clip_head.image_encoder.transformer.resblocks.8.adaptermlp.prompt.weight (torch.Size([10, 32]))
 -> clip_head.image_encoder.transformer.resblocks.8.adaptermlp.down_proj4.weight (torch.Size([32, 32, 3, 3]))
 -> clip_head.image_encoder.transformer.resblocks.8.adaptermlp.down_proj4.bias (torch.Size([32]))
 -> clip_head.image_encoder.transformer.resblocks.8.adaptermlp.down_proj5.weight (torch.Size([32, 32, 5, 5]))
 -> clip_head.image_encoder.transformer.resblocks.8.adaptermlp.down_proj5.bias (torch.Size([32]))
 -> clip_head.image_encoder.transformer.resblocks.9.adaptermlp.scale (torch.Size([768]))
 -> clip_head.image_encoder.transformer.resblocks.9.adaptermlp.scale2 (torch.Size([768]))
 -> clip_head.image_encoder.transformer.resblocks.9.adaptermlp.down_proj.weight (torch.Size([32, 768]))
 -> clip_head.image_encoder.transformer.resblocks.9.adaptermlp.down_proj.bias (torch.Size([32]))
 -> clip_head.image_encoder.transformer.resblocks.9.adaptermlp.down_proj2.weight (torch.Size([32, 768]))
 -> clip_head.image_encoder.transformer.resblocks.9.adaptermlp.down_proj2.bias (torch.Size([32]))
 -> clip_head.image_encoder.transformer.resblocks.9.adaptermlp.up_proj.weight (torch.Size([768, 64]))
 -> clip_head.image_encoder.transformer.resblocks.9.adaptermlp.up_proj.bias (torch.Size([768]))
 -> clip_head.image_encoder.transformer.resblocks.9.adaptermlp.up_proj2.weight (torch.Size([768, 32]))
 -> clip_head.image_encoder.transformer.resblocks.9.adaptermlp.up_proj2.bias (torch.Size([768]))
 -> clip_head.image_encoder.transformer.resblocks.9.adaptermlp.down_proj3.weight (torch.Size([32, 768]))
 -> clip_head.image_encoder.transformer.resblocks.9.adaptermlp.down_proj3.bias (torch.Size([32]))
 -> clip_head.image_encoder.transformer.resblocks.9.adaptermlp.down_proj6.weight (torch.Size([32, 32]))
 -> clip_head.image_encoder.transformer.resblocks.9.adaptermlp.down_proj6.bias (torch.Size([32]))
 -> clip_head.image_encoder.transformer.resblocks.9.adaptermlp.mhsa_layers.0.multihead_attn.in_proj_weight (torch.Size([96, 32]))
 -> clip_head.image_encoder.transformer.resblocks.9.adaptermlp.mhsa_layers.0.multihead_attn.in_proj_bias (torch.Size([96]))
 -> clip_head.image_encoder.transformer.resblocks.9.adaptermlp.mhsa_layers.0.multihead_attn.out_proj.weight (torch.Size([32, 32]))
 -> clip_head.image_encoder.transformer.resblocks.9.adaptermlp.mhsa_layers.0.multihead_attn.out_proj.bias (torch.Size([32]))
 -> clip_head.image_encoder.transformer.resblocks.9.adaptermlp.mhsa_layers.0.linear1.weight (torch.Size([64, 32]))
 -> clip_head.image_encoder.transformer.resblocks.9.adaptermlp.mhsa_layers.0.linear1.bias (torch.Size([64]))
 -> clip_head.image_encoder.transformer.resblocks.9.adaptermlp.mhsa_layers.0.linear2.weight (torch.Size([32, 64]))
 -> clip_head.image_encoder.transformer.resblocks.9.adaptermlp.mhsa_layers.0.linear2.bias (torch.Size([32]))
 -> clip_head.image_encoder.transformer.resblocks.9.adaptermlp.mhsa_layers.0.norm2.weight (torch.Size([32]))
 -> clip_head.image_encoder.transformer.resblocks.9.adaptermlp.mhsa_layers.0.norm2.bias (torch.Size([32]))
 -> clip_head.image_encoder.transformer.resblocks.9.adaptermlp.mhsa_layers.0.norm3.weight (torch.Size([32]))
 -> clip_head.image_encoder.transformer.resblocks.9.adaptermlp.mhsa_layers.0.norm3.bias (torch.Size([32]))
 -> clip_head.image_encoder.transformer.resblocks.9.adaptermlp.mhsa_layers2.0.multihead_attn.in_proj_weight (torch.Size([96, 32]))
 -> clip_head.image_encoder.transformer.resblocks.9.adaptermlp.mhsa_layers2.0.multihead_attn.in_proj_bias (torch.Size([96]))
 -> clip_head.image_encoder.transformer.resblocks.9.adaptermlp.mhsa_layers2.0.multihead_attn.out_proj.weight (torch.Size([32, 32]))
 -> clip_head.image_encoder.transformer.resblocks.9.adaptermlp.mhsa_layers2.0.multihead_attn.out_proj.bias (torch.Size([32]))
 -> clip_head.image_encoder.transformer.resblocks.9.adaptermlp.mhsa_layers2.0.linear1.weight (torch.Size([64, 32]))
 -> clip_head.image_encoder.transformer.resblocks.9.adaptermlp.mhsa_layers2.0.linear1.bias (torch.Size([64]))
 -> clip_head.image_encoder.transformer.resblocks.9.adaptermlp.mhsa_layers2.0.linear2.weight (torch.Size([32, 64]))
 -> clip_head.image_encoder.transformer.resblocks.9.adaptermlp.mhsa_layers2.0.linear2.bias (torch.Size([32]))
 -> clip_head.image_encoder.transformer.resblocks.9.adaptermlp.mhsa_layers2.0.norm2.weight (torch.Size([32]))
 -> clip_head.image_encoder.transformer.resblocks.9.adaptermlp.mhsa_layers2.0.norm2.bias (torch.Size([32]))
 -> clip_head.image_encoder.transformer.resblocks.9.adaptermlp.mhsa_layers2.0.norm3.weight (torch.Size([32]))
 -> clip_head.image_encoder.transformer.resblocks.9.adaptermlp.mhsa_layers2.0.norm3.bias (torch.Size([32]))
 -> clip_head.image_encoder.transformer.resblocks.9.adaptermlp.mhsa_layers3.0.multihead_attn.in_proj_weight (torch.Size([96, 32]))
 -> clip_head.image_encoder.transformer.resblocks.9.adaptermlp.mhsa_layers3.0.multihead_attn.in_proj_bias (torch.Size([96]))
 -> clip_head.image_encoder.transformer.resblocks.9.adaptermlp.mhsa_layers3.0.multihead_attn.out_proj.weight (torch.Size([32, 32]))
 -> clip_head.image_encoder.transformer.resblocks.9.adaptermlp.mhsa_layers3.0.multihead_attn.out_proj.bias (torch.Size([32]))
 -> clip_head.image_encoder.transformer.resblocks.9.adaptermlp.mhsa_layers3.0.linear1.weight (torch.Size([64, 32]))
 -> clip_head.image_encoder.transformer.resblocks.9.adaptermlp.mhsa_layers3.0.linear1.bias (torch.Size([64]))
 -> clip_head.image_encoder.transformer.resblocks.9.adaptermlp.mhsa_layers3.0.linear2.weight (torch.Size([32, 64]))
 -> clip_head.image_encoder.transformer.resblocks.9.adaptermlp.mhsa_layers3.0.linear2.bias (torch.Size([32]))
 -> clip_head.image_encoder.transformer.resblocks.9.adaptermlp.mhsa_layers3.0.norm2.weight (torch.Size([32]))
 -> clip_head.image_encoder.transformer.resblocks.9.adaptermlp.mhsa_layers3.0.norm2.bias (torch.Size([32]))
 -> clip_head.image_encoder.transformer.resblocks.9.adaptermlp.mhsa_layers3.0.norm3.weight (torch.Size([32]))
 -> clip_head.image_encoder.transformer.resblocks.9.adaptermlp.mhsa_layers3.0.norm3.bias (torch.Size([32]))
 -> clip_head.image_encoder.transformer.resblocks.9.adaptermlp.ln.weight (torch.Size([32]))
 -> clip_head.image_encoder.transformer.resblocks.9.adaptermlp.ln.bias (torch.Size([32]))
 -> clip_head.image_encoder.transformer.resblocks.9.adaptermlp.ln2.weight (torch.Size([32]))
 -> clip_head.image_encoder.transformer.resblocks.9.adaptermlp.ln2.bias (torch.Size([32]))
 -> clip_head.image_encoder.transformer.resblocks.9.adaptermlp.ln3.weight (torch.Size([32]))
 -> clip_head.image_encoder.transformer.resblocks.9.adaptermlp.ln3.bias (torch.Size([32]))
 -> clip_head.image_encoder.transformer.resblocks.9.adaptermlp.prompt.weight (torch.Size([10, 32]))
 -> clip_head.image_encoder.transformer.resblocks.9.adaptermlp.down_proj4.weight (torch.Size([32, 32, 3, 3]))
 -> clip_head.image_encoder.transformer.resblocks.9.adaptermlp.down_proj4.bias (torch.Size([32]))
 -> clip_head.image_encoder.transformer.resblocks.9.adaptermlp.down_proj5.weight (torch.Size([32, 32, 5, 5]))
 -> clip_head.image_encoder.transformer.resblocks.9.adaptermlp.down_proj5.bias (torch.Size([32]))
 -> clip_head.image_encoder.transformer.resblocks.10.adaptermlp.scale (torch.Size([768]))
 -> clip_head.image_encoder.transformer.resblocks.10.adaptermlp.scale2 (torch.Size([768]))
 -> clip_head.image_encoder.transformer.resblocks.10.adaptermlp.down_proj.weight (torch.Size([32, 768]))
 -> clip_head.image_encoder.transformer.resblocks.10.adaptermlp.down_proj.bias (torch.Size([32]))
 -> clip_head.image_encoder.transformer.resblocks.10.adaptermlp.down_proj2.weight (torch.Size([32, 768]))
 -> clip_head.image_encoder.transformer.resblocks.10.adaptermlp.down_proj2.bias (torch.Size([32]))
 -> clip_head.image_encoder.transformer.resblocks.10.adaptermlp.up_proj.weight (torch.Size([768, 64]))
 -> clip_head.image_encoder.transformer.resblocks.10.adaptermlp.up_proj.bias (torch.Size([768]))
 -> clip_head.image_encoder.transformer.resblocks.10.adaptermlp.up_proj2.weight (torch.Size([768, 32]))
 -> clip_head.image_encoder.transformer.resblocks.10.adaptermlp.up_proj2.bias (torch.Size([768]))
 -> clip_head.image_encoder.transformer.resblocks.10.adaptermlp.down_proj3.weight (torch.Size([32, 768]))
 -> clip_head.image_encoder.transformer.resblocks.10.adaptermlp.down_proj3.bias (torch.Size([32]))
 -> clip_head.image_encoder.transformer.resblocks.10.adaptermlp.down_proj6.weight (torch.Size([32, 32]))
 -> clip_head.image_encoder.transformer.resblocks.10.adaptermlp.down_proj6.bias (torch.Size([32]))
 -> clip_head.image_encoder.transformer.resblocks.10.adaptermlp.mhsa_layers.0.multihead_attn.in_proj_weight (torch.Size([96, 32]))
 -> clip_head.image_encoder.transformer.resblocks.10.adaptermlp.mhsa_layers.0.multihead_attn.in_proj_bias (torch.Size([96]))
 -> clip_head.image_encoder.transformer.resblocks.10.adaptermlp.mhsa_layers.0.multihead_attn.out_proj.weight (torch.Size([32, 32]))
 -> clip_head.image_encoder.transformer.resblocks.10.adaptermlp.mhsa_layers.0.multihead_attn.out_proj.bias (torch.Size([32]))
 -> clip_head.image_encoder.transformer.resblocks.10.adaptermlp.mhsa_layers.0.linear1.weight (torch.Size([64, 32]))
 -> clip_head.image_encoder.transformer.resblocks.10.adaptermlp.mhsa_layers.0.linear1.bias (torch.Size([64]))
 -> clip_head.image_encoder.transformer.resblocks.10.adaptermlp.mhsa_layers.0.linear2.weight (torch.Size([32, 64]))
 -> clip_head.image_encoder.transformer.resblocks.10.adaptermlp.mhsa_layers.0.linear2.bias (torch.Size([32]))
 -> clip_head.image_encoder.transformer.resblocks.10.adaptermlp.mhsa_layers.0.norm2.weight (torch.Size([32]))
 -> clip_head.image_encoder.transformer.resblocks.10.adaptermlp.mhsa_layers.0.norm2.bias (torch.Size([32]))
 -> clip_head.image_encoder.transformer.resblocks.10.adaptermlp.mhsa_layers.0.norm3.weight (torch.Size([32]))
 -> clip_head.image_encoder.transformer.resblocks.10.adaptermlp.mhsa_layers.0.norm3.bias (torch.Size([32]))
 -> clip_head.image_encoder.transformer.resblocks.10.adaptermlp.mhsa_layers2.0.multihead_attn.in_proj_weight (torch.Size([96, 32]))
 -> clip_head.image_encoder.transformer.resblocks.10.adaptermlp.mhsa_layers2.0.multihead_attn.in_proj_bias (torch.Size([96]))
 -> clip_head.image_encoder.transformer.resblocks.10.adaptermlp.mhsa_layers2.0.multihead_attn.out_proj.weight (torch.Size([32, 32]))
 -> clip_head.image_encoder.transformer.resblocks.10.adaptermlp.mhsa_layers2.0.multihead_attn.out_proj.bias (torch.Size([32]))
 -> clip_head.image_encoder.transformer.resblocks.10.adaptermlp.mhsa_layers2.0.linear1.weight (torch.Size([64, 32]))
 -> clip_head.image_encoder.transformer.resblocks.10.adaptermlp.mhsa_layers2.0.linear1.bias (torch.Size([64]))
 -> clip_head.image_encoder.transformer.resblocks.10.adaptermlp.mhsa_layers2.0.linear2.weight (torch.Size([32, 64]))
 -> clip_head.image_encoder.transformer.resblocks.10.adaptermlp.mhsa_layers2.0.linear2.bias (torch.Size([32]))
 -> clip_head.image_encoder.transformer.resblocks.10.adaptermlp.mhsa_layers2.0.norm2.weight (torch.Size([32]))
 -> clip_head.image_encoder.transformer.resblocks.10.adaptermlp.mhsa_layers2.0.norm2.bias (torch.Size([32]))
 -> clip_head.image_encoder.transformer.resblocks.10.adaptermlp.mhsa_layers2.0.norm3.weight (torch.Size([32]))
 -> clip_head.image_encoder.transformer.resblocks.10.adaptermlp.mhsa_layers2.0.norm3.bias (torch.Size([32]))
 -> clip_head.image_encoder.transformer.resblocks.10.adaptermlp.mhsa_layers3.0.multihead_attn.in_proj_weight (torch.Size([96, 32]))
 -> clip_head.image_encoder.transformer.resblocks.10.adaptermlp.mhsa_layers3.0.multihead_attn.in_proj_bias (torch.Size([96]))
 -> clip_head.image_encoder.transformer.resblocks.10.adaptermlp.mhsa_layers3.0.multihead_attn.out_proj.weight (torch.Size([32, 32]))
 -> clip_head.image_encoder.transformer.resblocks.10.adaptermlp.mhsa_layers3.0.multihead_attn.out_proj.bias (torch.Size([32]))
 -> clip_head.image_encoder.transformer.resblocks.10.adaptermlp.mhsa_layers3.0.linear1.weight (torch.Size([64, 32]))
 -> clip_head.image_encoder.transformer.resblocks.10.adaptermlp.mhsa_layers3.0.linear1.bias (torch.Size([64]))
 -> clip_head.image_encoder.transformer.resblocks.10.adaptermlp.mhsa_layers3.0.linear2.weight (torch.Size([32, 64]))
 -> clip_head.image_encoder.transformer.resblocks.10.adaptermlp.mhsa_layers3.0.linear2.bias (torch.Size([32]))
 -> clip_head.image_encoder.transformer.resblocks.10.adaptermlp.mhsa_layers3.0.norm2.weight (torch.Size([32]))
 -> clip_head.image_encoder.transformer.resblocks.10.adaptermlp.mhsa_layers3.0.norm2.bias (torch.Size([32]))
 -> clip_head.image_encoder.transformer.resblocks.10.adaptermlp.mhsa_layers3.0.norm3.weight (torch.Size([32]))
 -> clip_head.image_encoder.transformer.resblocks.10.adaptermlp.mhsa_layers3.0.norm3.bias (torch.Size([32]))
 -> clip_head.image_encoder.transformer.resblocks.10.adaptermlp.ln.weight (torch.Size([32]))
 -> clip_head.image_encoder.transformer.resblocks.10.adaptermlp.ln.bias (torch.Size([32]))
 -> clip_head.image_encoder.transformer.resblocks.10.adaptermlp.ln2.weight (torch.Size([32]))
 -> clip_head.image_encoder.transformer.resblocks.10.adaptermlp.ln2.bias (torch.Size([32]))
 -> clip_head.image_encoder.transformer.resblocks.10.adaptermlp.ln3.weight (torch.Size([32]))
 -> clip_head.image_encoder.transformer.resblocks.10.adaptermlp.ln3.bias (torch.Size([32]))
 -> clip_head.image_encoder.transformer.resblocks.10.adaptermlp.prompt.weight (torch.Size([10, 32]))
 -> clip_head.image_encoder.transformer.resblocks.10.adaptermlp.down_proj4.weight (torch.Size([32, 32, 3, 3]))
 -> clip_head.image_encoder.transformer.resblocks.10.adaptermlp.down_proj4.bias (torch.Size([32]))
 -> clip_head.image_encoder.transformer.resblocks.10.adaptermlp.down_proj5.weight (torch.Size([32, 32, 5, 5]))
 -> clip_head.image_encoder.transformer.resblocks.10.adaptermlp.down_proj5.bias (torch.Size([32]))
 -> clip_head.image_encoder.transformer.resblocks.11.adaptermlp.scale (torch.Size([768]))
 -> clip_head.image_encoder.transformer.resblocks.11.adaptermlp.scale2 (torch.Size([768]))
 -> clip_head.image_encoder.transformer.resblocks.11.adaptermlp.down_proj.weight (torch.Size([32, 768]))
 -> clip_head.image_encoder.transformer.resblocks.11.adaptermlp.down_proj.bias (torch.Size([32]))
 -> clip_head.image_encoder.transformer.resblocks.11.adaptermlp.down_proj2.weight (torch.Size([32, 768]))
 -> clip_head.image_encoder.transformer.resblocks.11.adaptermlp.down_proj2.bias (torch.Size([32]))
 -> clip_head.image_encoder.transformer.resblocks.11.adaptermlp.up_proj.weight (torch.Size([768, 64]))
 -> clip_head.image_encoder.transformer.resblocks.11.adaptermlp.up_proj.bias (torch.Size([768]))
 -> clip_head.image_encoder.transformer.resblocks.11.adaptermlp.up_proj2.weight (torch.Size([768, 32]))
 -> clip_head.image_encoder.transformer.resblocks.11.adaptermlp.up_proj2.bias (torch.Size([768]))
 -> clip_head.image_encoder.transformer.resblocks.11.adaptermlp.down_proj3.weight (torch.Size([32, 768]))
 -> clip_head.image_encoder.transformer.resblocks.11.adaptermlp.down_proj3.bias (torch.Size([32]))
 -> clip_head.image_encoder.transformer.resblocks.11.adaptermlp.down_proj6.weight (torch.Size([32, 32]))
 -> clip_head.image_encoder.transformer.resblocks.11.adaptermlp.down_proj6.bias (torch.Size([32]))
 -> clip_head.image_encoder.transformer.resblocks.11.adaptermlp.mhsa_layers.0.multihead_attn.in_proj_weight (torch.Size([96, 32]))
 -> clip_head.image_encoder.transformer.resblocks.11.adaptermlp.mhsa_layers.0.multihead_attn.in_proj_bias (torch.Size([96]))
 -> clip_head.image_encoder.transformer.resblocks.11.adaptermlp.mhsa_layers.0.multihead_attn.out_proj.weight (torch.Size([32, 32]))
 -> clip_head.image_encoder.transformer.resblocks.11.adaptermlp.mhsa_layers.0.multihead_attn.out_proj.bias (torch.Size([32]))
 -> clip_head.image_encoder.transformer.resblocks.11.adaptermlp.mhsa_layers.0.linear1.weight (torch.Size([64, 32]))
 -> clip_head.image_encoder.transformer.resblocks.11.adaptermlp.mhsa_layers.0.linear1.bias (torch.Size([64]))
 -> clip_head.image_encoder.transformer.resblocks.11.adaptermlp.mhsa_layers.0.linear2.weight (torch.Size([32, 64]))
 -> clip_head.image_encoder.transformer.resblocks.11.adaptermlp.mhsa_layers.0.linear2.bias (torch.Size([32]))
 -> clip_head.image_encoder.transformer.resblocks.11.adaptermlp.mhsa_layers.0.norm2.weight (torch.Size([32]))
 -> clip_head.image_encoder.transformer.resblocks.11.adaptermlp.mhsa_layers.0.norm2.bias (torch.Size([32]))
 -> clip_head.image_encoder.transformer.resblocks.11.adaptermlp.mhsa_layers.0.norm3.weight (torch.Size([32]))
 -> clip_head.image_encoder.transformer.resblocks.11.adaptermlp.mhsa_layers.0.norm3.bias (torch.Size([32]))
 -> clip_head.image_encoder.transformer.resblocks.11.adaptermlp.mhsa_layers2.0.multihead_attn.in_proj_weight (torch.Size([96, 32]))
 -> clip_head.image_encoder.transformer.resblocks.11.adaptermlp.mhsa_layers2.0.multihead_attn.in_proj_bias (torch.Size([96]))
 -> clip_head.image_encoder.transformer.resblocks.11.adaptermlp.mhsa_layers2.0.multihead_attn.out_proj.weight (torch.Size([32, 32]))
 -> clip_head.image_encoder.transformer.resblocks.11.adaptermlp.mhsa_layers2.0.multihead_attn.out_proj.bias (torch.Size([32]))
 -> clip_head.image_encoder.transformer.resblocks.11.adaptermlp.mhsa_layers2.0.linear1.weight (torch.Size([64, 32]))
 -> clip_head.image_encoder.transformer.resblocks.11.adaptermlp.mhsa_layers2.0.linear1.bias (torch.Size([64]))
 -> clip_head.image_encoder.transformer.resblocks.11.adaptermlp.mhsa_layers2.0.linear2.weight (torch.Size([32, 64]))
 -> clip_head.image_encoder.transformer.resblocks.11.adaptermlp.mhsa_layers2.0.linear2.bias (torch.Size([32]))
 -> clip_head.image_encoder.transformer.resblocks.11.adaptermlp.mhsa_layers2.0.norm2.weight (torch.Size([32]))
 -> clip_head.image_encoder.transformer.resblocks.11.adaptermlp.mhsa_layers2.0.norm2.bias (torch.Size([32]))
 -> clip_head.image_encoder.transformer.resblocks.11.adaptermlp.mhsa_layers2.0.norm3.weight (torch.Size([32]))
 -> clip_head.image_encoder.transformer.resblocks.11.adaptermlp.mhsa_layers2.0.norm3.bias (torch.Size([32]))
 -> clip_head.image_encoder.transformer.resblocks.11.adaptermlp.mhsa_layers3.0.multihead_attn.in_proj_weight (torch.Size([96, 32]))
 -> clip_head.image_encoder.transformer.resblocks.11.adaptermlp.mhsa_layers3.0.multihead_attn.in_proj_bias (torch.Size([96]))
 -> clip_head.image_encoder.transformer.resblocks.11.adaptermlp.mhsa_layers3.0.multihead_attn.out_proj.weight (torch.Size([32, 32]))
 -> clip_head.image_encoder.transformer.resblocks.11.adaptermlp.mhsa_layers3.0.multihead_attn.out_proj.bias (torch.Size([32]))
 -> clip_head.image_encoder.transformer.resblocks.11.adaptermlp.mhsa_layers3.0.linear1.weight (torch.Size([64, 32]))
 -> clip_head.image_encoder.transformer.resblocks.11.adaptermlp.mhsa_layers3.0.linear1.bias (torch.Size([64]))
 -> clip_head.image_encoder.transformer.resblocks.11.adaptermlp.mhsa_layers3.0.linear2.weight (torch.Size([32, 64]))
 -> clip_head.image_encoder.transformer.resblocks.11.adaptermlp.mhsa_layers3.0.linear2.bias (torch.Size([32]))
 -> clip_head.image_encoder.transformer.resblocks.11.adaptermlp.mhsa_layers3.0.norm2.weight (torch.Size([32]))
 -> clip_head.image_encoder.transformer.resblocks.11.adaptermlp.mhsa_layers3.0.norm2.bias (torch.Size([32]))
 -> clip_head.image_encoder.transformer.resblocks.11.adaptermlp.mhsa_layers3.0.norm3.weight (torch.Size([32]))
 -> clip_head.image_encoder.transformer.resblocks.11.adaptermlp.mhsa_layers3.0.norm3.bias (torch.Size([32]))
 -> clip_head.image_encoder.transformer.resblocks.11.adaptermlp.ln.weight (torch.Size([32]))
 -> clip_head.image_encoder.transformer.resblocks.11.adaptermlp.ln.bias (torch.Size([32]))
 -> clip_head.image_encoder.transformer.resblocks.11.adaptermlp.ln2.weight (torch.Size([32]))
 -> clip_head.image_encoder.transformer.resblocks.11.adaptermlp.ln2.bias (torch.Size([32]))
 -> clip_head.image_encoder.transformer.resblocks.11.adaptermlp.ln3.weight (torch.Size([32]))
 -> clip_head.image_encoder.transformer.resblocks.11.adaptermlp.ln3.bias (torch.Size([32]))
 -> clip_head.image_encoder.transformer.resblocks.11.adaptermlp.prompt.weight (torch.Size([10, 32]))
 -> clip_head.image_encoder.transformer.resblocks.11.adaptermlp.down_proj4.weight (torch.Size([32, 32, 3, 3]))
 -> clip_head.image_encoder.transformer.resblocks.11.adaptermlp.down_proj4.bias (torch.Size([32]))
 -> clip_head.image_encoder.transformer.resblocks.11.adaptermlp.down_proj5.weight (torch.Size([32, 32, 5, 5]))
 -> clip_head.image_encoder.transformer.resblocks.11.adaptermlp.down_proj5.bias (torch.Size([32]))
 -> priors_downproj.layers.0.weight (torch.Size([128, 517]))
 -> priors_downproj.layers.0.bias (torch.Size([128]))
 -> priors_downproj.layers.1.weight (torch.Size([128, 128]))
 -> priors_downproj.layers.1.bias (torch.Size([128]))
 -> priors_downproj.layers.2.weight (torch.Size([32, 128]))
 -> priors_downproj.layers.2.bias (torch.Size([32]))
 -> query_proj.layers.0.weight (torch.Size([128, 512]))
 -> query_proj.layers.0.bias (torch.Size([128]))
 -> query_proj.layers.1.weight (torch.Size([768, 128]))
 -> query_proj.layers.1.bias (torch.Size([768]))
Total Params: 168,668,343
Trainable Params: 2,822,561 (1.67%)
==============================

==> Iteration 500 | Interaction Loss: 1.8240
Epoch [1/20], Iter. [0500/4444], Loss: 2.2064, Time/iter[Data/Train/Total]: [0.005s/2.048s/2.053s], Window[Data/Train]: [2.48s/1021.74s], Remain: 2:14:55.191339
==> Iteration 1000 | Interaction Loss: 1.3336
Epoch [1/20], Iter. [1000/4444], Loss: 1.5693, Time/iter[Data/Train/Total]: [0.002s/1.982s/1.984s], Window[Data/Train]: [1.02s/990.98s], Remain: 1:53:52.913993
==> Iteration 1500 | Interaction Loss: 1.5104
Epoch [1/20], Iter. [1500/4444], Loss: 1.4840, Time/iter[Data/Train/Total]: [0.002s/1.962s/1.964s], Window[Data/Train]: [1.01s/981.01s], Remain: 1:36:22.181717
==> Iteration 2000 | Interaction Loss: 1.1408
Epoch [1/20], Iter. [2000/4444], Loss: 1.4648, Time/iter[Data/Train/Total]: [0.002s/2.057s/2.059s], Window[Data/Train]: [1.11s/1028.57s], Remain: 1:23:53.057919
==> Iteration 2500 | Interaction Loss: 1.6545
Epoch [1/20], Iter. [2500/4444], Loss: 1.4056, Time/iter[Data/Train/Total]: [0.002s/1.922s/1.924s], Window[Data/Train]: [1.01s/961.21s], Remain: 1:02:21.130133
==> Iteration 3000 | Interaction Loss: 1.1051
Epoch [1/20], Iter. [3000/4444], Loss: 1.3822, Time/iter[Data/Train/Total]: [0.002s/1.864s/1.866s], Window[Data/Train]: [0.94s/931.94s], Remain: 0:44:54.144995
==> Iteration 3500 | Interaction Loss: 1.4087
Epoch [1/20], Iter. [3500/4444], Loss: 1.3604, Time/iter[Data/Train/Total]: [0.002s/1.946s/1.948s], Window[Data/Train]: [0.97s/973.12s], Remain: 0:30:39.079111
==> Iteration 4000 | Interaction Loss: 1.2977
Epoch [1/20], Iter. [4000/4444], Loss: 1.3772, Time/iter[Data/Train/Total]: [0.002s/2.141s/2.143s], Window[Data/Train]: [1.14s/1070.49s], Remain: 0:15:51.605442
Evaluating raw model output:   0%|          | 0/1194 [00:00<?, ?it/s]Evaluating raw model output:   0%|          | 1/1194 [00:05<1:47:37,  5.41s/it]Evaluating raw model output:   0%|          | 2/1194 [00:07<1:05:36,  3.30s/it]Evaluating raw model output:   0%|          | 3/1194 [00:08<50:31,  2.55s/it]  Evaluating raw model output:   0%|          | 4/1194 [00:09<35:34,  1.79s/it]Evaluating raw model output:   0%|          | 5/1194 [00:10<31:48,  1.61s/it]Evaluating raw model output:   1%|          | 6/1194 [00:12<33:05,  1.67s/it]Evaluating raw model output:   1%|          | 7/1194 [00:14<32:22,  1.64s/it]Evaluating raw model output:   1%|          | 8/1194 [00:15<30:07,  1.52s/it]Evaluating raw model output:   1%|          | 9/1194 [00:16<24:25,  1.24s/it]Evaluating raw model output:   1%|          | 10/1194 [00:16<20:35,  1.04s/it]Evaluating raw model output:   1%|          | 11/1194 [00:18<22:44,  1.15s/it]Evaluating raw model output:   1%|          | 12/1194 [00:18<19:14,  1.02it/s]Evaluating raw model output:   1%|          | 13/1194 [00:19<17:28,  1.13it/s]Evaluating raw model output:   1%|          | 14/1194 [00:20<20:33,  1.05s/it]Evaluating raw model output:   1%|▏         | 15/1194 [00:21<18:19,  1.07it/s]Evaluating raw model output:   1%|▏         | 16/1194 [00:22<19:59,  1.02s/it]Evaluating raw model output:   1%|▏         | 17/1194 [00:24<22:48,  1.16s/it]Evaluating raw model output:   2%|▏         | 18/1194 [00:25<22:58,  1.17s/it]Evaluating raw model output:   2%|▏         | 19/1194 [00:26<25:32,  1.30s/it]Evaluating raw model output:   2%|▏         | 20/1194 [00:27<23:48,  1.22s/it]Evaluating raw model output:   2%|▏         | 21/1194 [00:28<19:49,  1.01s/it]Evaluating raw model output:   2%|▏         | 22/1194 [00:29<17:26,  1.12it/s]Evaluating raw model output:   2%|▏         | 23/1194 [00:29<15:52,  1.23it/s]Evaluating raw model output:   2%|▏         | 24/1194 [00:30<14:28,  1.35it/s]Evaluating raw model output:   2%|▏         | 25/1194 [00:31<19:37,  1.01s/it]Evaluating raw model output:   2%|▏         | 26/1194 [00:32<17:18,  1.12it/s]Evaluating raw model output:   2%|▏         | 27/1194 [00:34<22:13,  1.14s/it]Evaluating raw model output:   2%|▏         | 28/1194 [00:35<24:12,  1.25s/it]Evaluating raw model output:   2%|▏         | 29/1194 [00:36<21:14,  1.09s/it]Evaluating raw model output:   3%|▎         | 30/1194 [00:37<18:20,  1.06it/s]Evaluating raw model output:   3%|▎         | 31/1194 [00:38<20:08,  1.04s/it]Evaluating raw model output:   3%|▎         | 32/1194 [00:40<23:48,  1.23s/it]Evaluating raw model output:   3%|▎         | 33/1194 [00:41<22:59,  1.19s/it]Evaluating raw model output:   3%|▎         | 34/1194 [00:41<19:37,  1.02s/it]Evaluating raw model output:   3%|▎         | 35/1194 [00:43<22:09,  1.15s/it]Evaluating raw model output:   3%|▎         | 36/1194 [00:44<25:06,  1.30s/it]Evaluating raw model output:   3%|▎         | 37/1194 [00:45<20:51,  1.08s/it]Evaluating raw model output:   3%|▎         | 38/1194 [00:46<18:58,  1.02it/s]Evaluating raw model output:   3%|▎         | 39/1194 [00:46<17:15,  1.12it/s]Evaluating raw model output:   3%|▎         | 40/1194 [00:48<22:35,  1.17s/it]Evaluating raw model output:   3%|▎         | 41/1194 [00:49<21:00,  1.09s/it]Evaluating raw model output:   4%|▎         | 42/1194 [00:50<21:25,  1.12s/it]Evaluating raw model output:   4%|▎         | 43/1194 [00:51<20:43,  1.08s/it]Evaluating raw model output:   4%|▎         | 44/1194 [00:52<18:17,  1.05it/s]Evaluating raw model output:   4%|▍         | 45/1194 [00:52<15:56,  1.20it/s]Evaluating raw model output:   4%|▍         | 46/1194 [00:54<18:40,  1.02it/s]Evaluating raw model output:   4%|▍         | 47/1194 [00:54<16:24,  1.16it/s]Evaluating raw model output:   4%|▍         | 48/1194 [00:55<15:00,  1.27it/s]Evaluating raw model output:   4%|▍         | 49/1194 [00:57<20:44,  1.09s/it]Evaluating raw model output:   4%|▍         | 50/1194 [00:57<17:42,  1.08it/s]Evaluating raw model output:   4%|▍         | 51/1194 [00:58<15:44,  1.21it/s]Evaluating raw model output:   4%|▍         | 52/1194 [00:58<14:21,  1.33it/s]Evaluating raw model output:   4%|▍         | 53/1194 [01:00<18:21,  1.04it/s]Evaluating raw model output:   5%|▍         | 54/1194 [01:01<18:08,  1.05it/s]Evaluating raw model output:   5%|▍         | 55/1194 [01:01<15:56,  1.19it/s]Evaluating raw model output:   5%|▍         | 56/1194 [01:02<15:52,  1.19it/s]Evaluating raw model output:   5%|▍         | 57/1194 [01:04<19:18,  1.02s/it]Evaluating raw model output:   5%|▍         | 58/1194 [01:05<21:10,  1.12s/it]Evaluating raw model output:   5%|▍         | 59/1194 [01:06<18:05,  1.05it/s]Evaluating raw model output:   5%|▌         | 60/1194 [01:08<23:07,  1.22s/it]Evaluating raw model output:   5%|▌         | 61/1194 [01:08<21:32,  1.14s/it]Evaluating raw model output:   5%|▌         | 62/1194 [01:09<18:16,  1.03it/s]Evaluating raw model output:   5%|▌         | 63/1194 [01:10<18:20,  1.03it/s]Evaluating raw model output:   5%|▌         | 64/1194 [01:11<16:40,  1.13it/s]Evaluating raw model output:   5%|▌         | 65/1194 [01:13<23:38,  1.26s/it]Evaluating raw model output:   6%|▌         | 66/1194 [01:14<25:37,  1.36s/it]Evaluating raw model output:   6%|▌         | 67/1194 [01:15<21:17,  1.13s/it]Evaluating raw model output:   6%|▌         | 68/1194 [01:17<23:23,  1.25s/it]Evaluating raw model output:   6%|▌         | 69/1194 [01:17<19:58,  1.06s/it]Evaluating raw model output:   6%|▌         | 70/1194 [01:18<17:27,  1.07it/s]Evaluating raw model output:   6%|▌         | 71/1194 [01:19<19:20,  1.03s/it]Evaluating raw model output:   6%|▌         | 72/1194 [01:20<17:11,  1.09it/s]Evaluating raw model output:   6%|▌         | 73/1194 [01:20<15:32,  1.20it/s]Evaluating raw model output:   6%|▌         | 74/1194 [01:21<14:20,  1.30it/s]Evaluating raw model output:   6%|▋         | 75/1194 [01:22<17:49,  1.05it/s]Evaluating raw model output:   6%|▋         | 76/1194 [01:23<16:01,  1.16it/s]Evaluating raw model output:   6%|▋         | 77/1194 [01:24<16:44,  1.11it/s]Evaluating raw model output:   7%|▋         | 78/1194 [01:25<15:03,  1.24it/s]Evaluating raw model output:   7%|▋         | 79/1194 [01:26<18:20,  1.01it/s]Evaluating raw model output:   7%|▋         | 80/1194 [01:27<16:10,  1.15it/s]Evaluating raw model output:   7%|▋         | 81/1194 [01:27<14:43,  1.26it/s]Evaluating raw model output:   7%|▋         | 82/1194 [01:29<18:19,  1.01it/s]Evaluating raw model output:   7%|▋         | 83/1194 [01:30<18:36,  1.00s/it]Evaluating raw model output:   7%|▋         | 84/1194 [01:31<21:17,  1.15s/it]Evaluating raw model output:   7%|▋         | 85/1194 [01:32<22:13,  1.20s/it]Evaluating raw model output:   7%|▋         | 86/1194 [01:34<21:53,  1.19s/it]Evaluating raw model output:   7%|▋         | 87/1194 [01:34<19:29,  1.06s/it]Evaluating raw model output:   7%|▋         | 88/1194 [01:35<18:53,  1.03s/it]Evaluating raw model output:   7%|▋         | 89/1194 [01:37<22:39,  1.23s/it]Evaluating raw model output:   8%|▊         | 90/1194 [01:38<19:42,  1.07s/it]Evaluating raw model output:   8%|▊         | 91/1194 [01:38<17:08,  1.07it/s]Evaluating raw model output:   8%|▊         | 92/1194 [01:40<19:31,  1.06s/it]Evaluating raw model output:   8%|▊         | 93/1194 [01:41<19:08,  1.04s/it]Evaluating raw model output:   8%|▊         | 94/1194 [01:42<20:29,  1.12s/it]Evaluating raw model output:   8%|▊         | 95/1194 [01:43<17:49,  1.03it/s]Evaluating raw model output:   8%|▊         | 96/1194 [01:44<21:46,  1.19s/it]Evaluating raw model output:   8%|▊         | 97/1194 [01:46<22:32,  1.23s/it]Evaluating raw model output:   8%|▊         | 98/1194 [01:46<19:12,  1.05s/it]Evaluating raw model output:   8%|▊         | 99/1194 [01:47<16:59,  1.07it/s]Evaluating raw model output:   8%|▊         | 100/1194 [01:48<16:00,  1.14it/s]Evaluating raw model output:   8%|▊         | 101/1194 [01:49<18:59,  1.04s/it]Evaluating raw model output:   9%|▊         | 102/1194 [01:50<18:40,  1.03s/it]Evaluating raw model output:   9%|▊         | 103/1194 [01:52<22:53,  1.26s/it]Evaluating raw model output:   9%|▊         | 104/1194 [01:53<22:52,  1.26s/it]Evaluating raw model output:   9%|▉         | 105/1194 [01:55<25:59,  1.43s/it]Evaluating raw model output:   9%|▉         | 106/1194 [01:56<23:13,  1.28s/it]Evaluating raw model output:   9%|▉         | 107/1194 [01:57<19:17,  1.06s/it]Evaluating raw model output:   9%|▉         | 108/1194 [01:58<18:53,  1.04s/it]Evaluating raw model output:   9%|▉         | 109/1194 [01:58<16:32,  1.09it/s]Evaluating raw model output:   9%|▉         | 110/1194 [01:59<17:45,  1.02it/s]Evaluating raw model output:   9%|▉         | 111/1194 [02:00<18:57,  1.05s/it]Evaluating raw model output:   9%|▉         | 112/1194 [02:01<17:30,  1.03it/s]Evaluating raw model output:   9%|▉         | 113/1194 [02:02<17:54,  1.01it/s]Evaluating raw model output:  10%|▉         | 114/1194 [02:03<15:47,  1.14it/s]Evaluating raw model output:  10%|▉         | 115/1194 [02:03<14:03,  1.28it/s]Evaluating raw model output:  10%|▉         | 116/1194 [02:04<13:04,  1.37it/s]Evaluating raw model output:  10%|▉         | 117/1194 [02:06<18:02,  1.01s/it]Evaluating raw model output:  10%|▉         | 118/1194 [02:07<18:06,  1.01s/it]Evaluating raw model output:  10%|▉         | 119/1194 [02:08<18:34,  1.04s/it]Evaluating raw model output:  10%|█         | 120/1194 [02:09<20:26,  1.14s/it]Evaluating raw model output:  10%|█         | 121/1194 [02:11<23:48,  1.33s/it]Evaluating raw model output:  10%|█         | 122/1194 [02:12<20:03,  1.12s/it]Evaluating raw model output:  10%|█         | 123/1194 [02:13<19:20,  1.08s/it]Evaluating raw model output:  10%|█         | 124/1194 [02:14<20:40,  1.16s/it]Evaluating raw model output:  10%|█         | 125/1194 [02:15<22:21,  1.26s/it]Evaluating raw model output:  11%|█         | 126/1194 [02:17<22:55,  1.29s/it]Evaluating raw model output:  11%|█         | 127/1194 [02:17<18:55,  1.06s/it]Evaluating raw model output:  11%|█         | 128/1194 [02:19<21:42,  1.22s/it]Evaluating raw model output:  11%|█         | 129/1194 [02:19<17:58,  1.01s/it]Evaluating raw model output:  11%|█         | 130/1194 [02:20<15:36,  1.14it/s]Evaluating raw model output:  11%|█         | 131/1194 [02:21<14:44,  1.20it/s]Evaluating raw model output:  11%|█         | 132/1194 [02:21<13:31,  1.31it/s]Evaluating raw model output:  11%|█         | 133/1194 [02:22<14:44,  1.20it/s]Evaluating raw model output:  11%|█         | 134/1194 [02:24<17:26,  1.01it/s]Evaluating raw model output:  11%|█▏        | 135/1194 [02:24<15:31,  1.14it/s]Evaluating raw model output:  11%|█▏        | 136/1194 [02:26<20:04,  1.14s/it]Evaluating raw model output:  11%|█▏        | 137/1194 [02:27<17:17,  1.02it/s]Evaluating raw model output:  12%|█▏        | 138/1194 [02:28<18:14,  1.04s/it]Evaluating raw model output:  12%|█▏        | 139/1194 [02:29<17:53,  1.02s/it]Evaluating raw model output:  12%|█▏        | 140/1194 [02:30<16:13,  1.08it/s]Evaluating raw model output:  12%|█▏        | 141/1194 [02:30<14:17,  1.23it/s]Evaluating raw model output:  12%|█▏        | 142/1194 [02:31<17:00,  1.03it/s]Evaluating raw model output:  12%|█▏        | 143/1194 [02:32<15:04,  1.16it/s]Evaluating raw model output:  12%|█▏        | 144/1194 [02:33<14:12,  1.23it/s]Evaluating raw model output:  12%|█▏        | 145/1194 [02:34<15:52,  1.10it/s]Evaluating raw model output:  12%|█▏        | 146/1194 [02:34<14:22,  1.21it/s]Evaluating raw model output:  12%|█▏        | 147/1194 [02:36<16:30,  1.06it/s]Evaluating raw model output:  12%|█▏        | 148/1194 [02:36<14:41,  1.19it/s]Evaluating raw model output:  12%|█▏        | 149/1194 [02:37<13:19,  1.31it/s]Evaluating raw model output:  13%|█▎        | 150/1194 [02:38<17:00,  1.02it/s]Evaluating raw model output:  13%|█▎        | 151/1194 [02:39<15:14,  1.14it/s]Evaluating raw model output:  13%|█▎        | 152/1194 [02:40<13:43,  1.27it/s]Evaluating raw model output:  13%|█▎        | 153/1194 [02:41<16:33,  1.05it/s]Evaluating raw model output:  13%|█▎        | 154/1194 [02:42<19:03,  1.10s/it]Evaluating raw model output:  13%|█▎        | 155/1194 [02:43<16:27,  1.05it/s]Evaluating raw model output:  13%|█▎        | 156/1194 [02:44<14:29,  1.19it/s]Evaluating raw model output:  13%|█▎        | 157/1194 [02:45<18:53,  1.09s/it]Evaluating raw model output:  13%|█▎        | 158/1194 [02:46<16:51,  1.02it/s]Evaluating raw model output:  13%|█▎        | 159/1194 [02:47<17:58,  1.04s/it]Evaluating raw model output:  13%|█▎        | 160/1194 [02:48<15:33,  1.11it/s]Evaluating raw model output:  13%|█▎        | 161/1194 [02:48<14:34,  1.18it/s]Evaluating raw model output:  14%|█▎        | 162/1194 [02:49<13:38,  1.26it/s]Evaluating raw model output:  14%|█▎        | 163/1194 [02:50<14:34,  1.18it/s]Evaluating raw model output:  14%|█▎        | 164/1194 [02:51<13:16,  1.29it/s]Evaluating raw model output:  14%|█▍        | 165/1194 [02:51<12:26,  1.38it/s]Evaluating raw model output:  14%|█▍        | 166/1194 [02:52<11:43,  1.46it/s]Evaluating raw model output:  14%|█▍        | 167/1194 [02:53<14:23,  1.19it/s]Evaluating raw model output:  14%|█▍        | 168/1194 [02:54<15:21,  1.11it/s]Evaluating raw model output:  14%|█▍        | 169/1194 [02:56<18:50,  1.10s/it]Evaluating raw model output:  14%|█▍        | 170/1194 [02:57<19:20,  1.13s/it]Evaluating raw model output:  14%|█▍        | 171/1194 [02:59<22:17,  1.31s/it]Evaluating raw model output:  14%|█▍        | 172/1194 [02:59<18:22,  1.08s/it]Evaluating raw model output:  14%|█▍        | 173/1194 [03:00<19:04,  1.12s/it]Evaluating raw model output:  15%|█▍        | 174/1194 [03:02<19:17,  1.13s/it]Evaluating raw model output:  15%|█▍        | 175/1194 [03:02<17:00,  1.00s/it]Evaluating raw model output:  15%|█▍        | 176/1194 [03:03<15:27,  1.10it/s]Evaluating raw model output:  15%|█▍        | 177/1194 [03:04<14:00,  1.21it/s]Evaluating raw model output:  15%|█▍        | 178/1194 [03:05<18:04,  1.07s/it]Evaluating raw model output:  15%|█▍        | 179/1194 [03:06<18:47,  1.11s/it]Evaluating raw model output:  15%|█▌        | 180/1194 [03:07<16:11,  1.04it/s]Evaluating raw model output:  15%|█▌        | 181/1194 [03:08<17:08,  1.02s/it]Evaluating raw model output:  15%|█▌        | 182/1194 [03:09<15:04,  1.12it/s]Evaluating raw model output:  15%|█▌        | 183/1194 [03:09<13:41,  1.23it/s]Evaluating raw model output:  15%|█▌        | 184/1194 [03:11<18:07,  1.08s/it]Evaluating raw model output:  15%|█▌        | 185/1194 [03:12<15:52,  1.06it/s]Evaluating raw model output:  16%|█▌        | 186/1194 [03:12<14:52,  1.13it/s]Evaluating raw model output:  16%|█▌        | 187/1194 [03:13<13:27,  1.25it/s]Evaluating raw model output:  16%|█▌        | 188/1194 [03:14<12:07,  1.38it/s]Evaluating raw model output:  16%|█▌        | 189/1194 [03:15<17:13,  1.03s/it]Evaluating raw model output:  16%|█▌        | 190/1194 [03:16<15:12,  1.10it/s]Evaluating raw model output:  16%|█▌        | 191/1194 [03:17<13:37,  1.23it/s]Evaluating raw model output:  16%|█▌        | 192/1194 [03:18<14:39,  1.14it/s]Evaluating raw model output:  16%|█▌        | 193/1194 [03:19<17:13,  1.03s/it]Evaluating raw model output:  16%|█▌        | 194/1194 [03:20<17:45,  1.07s/it]Evaluating raw model output:  16%|█▋        | 195/1194 [03:21<15:30,  1.07it/s]Evaluating raw model output:  16%|█▋        | 196/1194 [03:21<13:50,  1.20it/s]Evaluating raw model output:  16%|█▋        | 197/1194 [03:23<19:29,  1.17s/it]Evaluating raw model output:  17%|█▋        | 198/1194 [03:24<16:42,  1.01s/it]Evaluating raw model output:  17%|█▋        | 199/1194 [03:26<20:32,  1.24s/it]Evaluating raw model output:  17%|█▋        | 200/1194 [03:27<21:24,  1.29s/it]Evaluating raw model output:  17%|█▋        | 201/1194 [03:28<21:18,  1.29s/it]Evaluating raw model output:  17%|█▋        | 202/1194 [03:29<17:57,  1.09s/it]Evaluating raw model output:  17%|█▋        | 203/1194 [03:30<16:31,  1.00s/it]Evaluating raw model output:  17%|█▋        | 204/1194 [03:31<19:31,  1.18s/it]Evaluating raw model output:  17%|█▋        | 205/1194 [03:32<17:28,  1.06s/it]Evaluating raw model output:  17%|█▋        | 206/1194 [03:33<15:17,  1.08it/s]Evaluating raw model output:  17%|█▋        | 207/1194 [03:34<13:59,  1.18it/s]Evaluating raw model output:  17%|█▋        | 208/1194 [03:34<12:54,  1.27it/s]Evaluating raw model output:  18%|█▊        | 209/1194 [03:36<16:13,  1.01it/s]Evaluating raw model output:  18%|█▊        | 210/1194 [03:37<17:18,  1.06s/it]Evaluating raw model output:  18%|█▊        | 211/1194 [03:37<15:22,  1.07it/s]Evaluating raw model output:  18%|█▊        | 212/1194 [03:38<13:59,  1.17it/s]Evaluating raw model output:  18%|█▊        | 213/1194 [03:39<13:02,  1.25it/s]Evaluating raw model output:  18%|█▊        | 214/1194 [03:40<15:51,  1.03it/s]Evaluating raw model output:  18%|█▊        | 215/1194 [03:41<14:07,  1.16it/s]Evaluating raw model output:  18%|█▊        | 216/1194 [03:41<12:55,  1.26it/s]Evaluating raw model output:  18%|█▊        | 217/1194 [03:42<12:13,  1.33it/s]Evaluating raw model output:  18%|█▊        | 218/1194 [03:44<15:52,  1.03it/s]Evaluating raw model output:  18%|█▊        | 219/1194 [03:44<14:14,  1.14it/s]Evaluating raw model output:  18%|█▊        | 220/1194 [03:45<13:05,  1.24it/s]Evaluating raw model output:  19%|█▊        | 221/1194 [03:46<14:03,  1.15it/s]Evaluating raw model output:  19%|█▊        | 222/1194 [03:47<13:12,  1.23it/s]Evaluating raw model output:  19%|█▊        | 223/1194 [03:47<12:18,  1.31it/s]Evaluating raw model output:  19%|█▉        | 224/1194 [03:48<13:30,  1.20it/s]Evaluating raw model output:  19%|█▉        | 225/1194 [03:50<15:56,  1.01it/s]Evaluating raw model output:  19%|█▉        | 226/1194 [03:51<15:41,  1.03it/s]Evaluating raw model output:  19%|█▉        | 227/1194 [03:51<15:44,  1.02it/s]Evaluating raw model output:  19%|█▉        | 228/1194 [03:52<13:39,  1.18it/s]Evaluating raw model output:  19%|█▉        | 229/1194 [03:53<12:11,  1.32it/s]Evaluating raw model output:  19%|█▉        | 230/1194 [03:53<11:11,  1.44it/s]Evaluating raw model output:  19%|█▉        | 231/1194 [03:54<10:40,  1.50it/s]Evaluating raw model output:  19%|█▉        | 232/1194 [03:54<10:24,  1.54it/s]Evaluating raw model output:  20%|█▉        | 233/1194 [03:55<10:43,  1.49it/s]Evaluating raw model output:  20%|█▉        | 234/1194 [03:56<10:23,  1.54it/s]Evaluating raw model output:  20%|█▉        | 235/1194 [03:56<10:19,  1.55it/s]Evaluating raw model output:  20%|█▉        | 236/1194 [03:57<10:10,  1.57it/s]Evaluating raw model output:  20%|█▉        | 237/1194 [03:57<09:43,  1.64it/s]Evaluating raw model output:  20%|█▉        | 238/1194 [03:58<09:40,  1.65it/s]Evaluating raw model output:  20%|██        | 239/1194 [03:59<09:37,  1.65it/s]Evaluating raw model output:  20%|██        | 240/1194 [03:59<09:30,  1.67it/s]Evaluating raw model output:  20%|██        | 241/1194 [04:00<09:33,  1.66it/s]Evaluating raw model output:  20%|██        | 242/1194 [04:00<09:42,  1.63it/s]Evaluating raw model output:  20%|██        | 243/1194 [04:01<09:43,  1.63it/s]Evaluating raw model output:  20%|██        | 244/1194 [04:02<11:45,  1.35it/s]Evaluating raw model output:  21%|██        | 245/1194 [04:03<10:55,  1.45it/s]Evaluating raw model output:  21%|██        | 246/1194 [04:03<10:23,  1.52it/s]Evaluating raw model output:  21%|██        | 247/1194 [04:04<11:56,  1.32it/s]Evaluating raw model output:  21%|██        | 248/1194 [04:06<14:07,  1.12it/s]Evaluating raw model output:  21%|██        | 249/1194 [04:06<12:47,  1.23it/s]Evaluating raw model output:  21%|██        | 250/1194 [04:07<11:41,  1.35it/s]Evaluating raw model output:  21%|██        | 251/1194 [04:08<13:45,  1.14it/s]Evaluating raw model output:  21%|██        | 252/1194 [04:08<12:25,  1.26it/s]Evaluating raw model output:  21%|██        | 253/1194 [04:09<11:22,  1.38it/s]Evaluating raw model output:  21%|██▏       | 254/1194 [04:11<16:11,  1.03s/it]Evaluating raw model output:  21%|██▏       | 255/1194 [04:11<14:00,  1.12it/s]Evaluating raw model output:  21%|██▏       | 256/1194 [04:13<15:35,  1.00it/s]Evaluating raw model output:  22%|██▏       | 257/1194 [04:14<15:35,  1.00it/s]Evaluating raw model output:  22%|██▏       | 258/1194 [04:15<16:13,  1.04s/it]Evaluating raw model output:  22%|██▏       | 259/1194 [04:16<16:45,  1.08s/it]Evaluating raw model output:  22%|██▏       | 260/1194 [04:17<16:53,  1.08s/it]Evaluating raw model output:  22%|██▏       | 261/1194 [04:18<16:32,  1.06s/it]Evaluating raw model output:  22%|██▏       | 262/1194 [04:20<19:08,  1.23s/it]Evaluating raw model output:  22%|██▏       | 263/1194 [04:20<16:01,  1.03s/it]Evaluating raw model output:  22%|██▏       | 264/1194 [04:21<13:38,  1.14it/s]Evaluating raw model output:  22%|██▏       | 265/1194 [04:22<13:33,  1.14it/s]Evaluating raw model output:  22%|██▏       | 266/1194 [04:22<12:14,  1.26it/s]Evaluating raw model output:  22%|██▏       | 267/1194 [04:23<11:13,  1.38it/s]Evaluating raw model output:  22%|██▏       | 268/1194 [04:24<12:47,  1.21it/s]Evaluating raw model output:  23%|██▎       | 269/1194 [04:24<11:31,  1.34it/s]Evaluating raw model output:  23%|██▎       | 270/1194 [04:25<10:48,  1.43it/s]Evaluating raw model output:  23%|██▎       | 271/1194 [04:26<10:53,  1.41it/s]Evaluating raw model output:  23%|██▎       | 272/1194 [04:27<12:15,  1.25it/s]Evaluating raw model output:  23%|██▎       | 273/1194 [04:27<12:01,  1.28it/s]Evaluating raw model output:  23%|██▎       | 274/1194 [04:29<13:22,  1.15it/s]Evaluating raw model output:  23%|██▎       | 275/1194 [04:29<11:58,  1.28it/s]Evaluating raw model output:  23%|██▎       | 276/1194 [04:31<14:44,  1.04it/s]Evaluating raw model output:  23%|██▎       | 277/1194 [04:32<16:29,  1.08s/it]Evaluating raw model output:  23%|██▎       | 278/1194 [04:32<14:05,  1.08it/s]Evaluating raw model output:  23%|██▎       | 279/1194 [04:33<12:30,  1.22it/s]Evaluating raw model output:  23%|██▎       | 280/1194 [04:34<11:57,  1.27it/s]Evaluating raw model output:  24%|██▎       | 281/1194 [04:34<10:50,  1.40it/s]Evaluating raw model output:  24%|██▎       | 282/1194 [04:35<10:07,  1.50it/s]Evaluating raw model output:  24%|██▎       | 283/1194 [04:35<10:06,  1.50it/s]Evaluating raw model output:  24%|██▍       | 284/1194 [04:36<10:09,  1.49it/s]Evaluating raw model output:  24%|██▍       | 285/1194 [04:37<09:40,  1.57it/s]Evaluating raw model output:  24%|██▍       | 286/1194 [04:38<11:54,  1.27it/s]Evaluating raw model output:  24%|██▍       | 287/1194 [04:39<13:43,  1.10it/s]Evaluating raw model output:  24%|██▍       | 288/1194 [04:40<12:18,  1.23it/s]Evaluating raw model output:  24%|██▍       | 289/1194 [04:40<10:53,  1.39it/s]Evaluating raw model output:  24%|██▍       | 290/1194 [04:41<10:35,  1.42it/s]Evaluating raw model output:  24%|██▍       | 291/1194 [04:41<09:54,  1.52it/s]Evaluating raw model output:  24%|██▍       | 292/1194 [04:42<09:20,  1.61it/s]Evaluating raw model output:  25%|██▍       | 293/1194 [04:42<08:59,  1.67it/s]Evaluating raw model output:  25%|██▍       | 294/1194 [04:43<08:56,  1.68it/s]Evaluating raw model output:  25%|██▍       | 295/1194 [04:44<08:52,  1.69it/s]Evaluating raw model output:  25%|██▍       | 296/1194 [04:45<11:05,  1.35it/s]Evaluating raw model output:  25%|██▍       | 297/1194 [04:45<10:03,  1.49it/s]Evaluating raw model output:  25%|██▍       | 298/1194 [04:46<09:31,  1.57it/s]Evaluating raw model output:  25%|██▌       | 299/1194 [04:46<09:10,  1.63it/s]Evaluating raw model output:  25%|██▌       | 300/1194 [04:47<10:50,  1.37it/s]Evaluating raw model output:  25%|██▌       | 301/1194 [04:49<14:30,  1.03it/s]Evaluating raw model output:  25%|██▌       | 302/1194 [04:49<12:42,  1.17it/s]Evaluating raw model output:  25%|██▌       | 303/1194 [04:50<11:36,  1.28it/s]Evaluating raw model output:  25%|██▌       | 304/1194 [04:51<12:37,  1.17it/s]Evaluating raw model output:  26%|██▌       | 305/1194 [04:52<11:55,  1.24it/s]Evaluating raw model output:  26%|██▌       | 306/1194 [04:52<10:55,  1.36it/s]Evaluating raw model output:  26%|██▌       | 307/1194 [04:53<11:33,  1.28it/s]Evaluating raw model output:  26%|██▌       | 308/1194 [04:54<12:23,  1.19it/s]Evaluating raw model output:  26%|██▌       | 309/1194 [04:55<12:41,  1.16it/s]Evaluating raw model output:  26%|██▌       | 310/1194 [04:56<11:29,  1.28it/s]Evaluating raw model output:  26%|██▌       | 311/1194 [04:56<10:36,  1.39it/s]Evaluating raw model output:  26%|██▌       | 312/1194 [04:58<14:42,  1.00s/it]Evaluating raw model output:  26%|██▌       | 313/1194 [04:59<12:50,  1.14it/s]Evaluating raw model output:  26%|██▋       | 314/1194 [05:00<13:23,  1.09it/s]Evaluating raw model output:  26%|██▋       | 315/1194 [05:00<11:50,  1.24it/s]Evaluating raw model output:  26%|██▋       | 316/1194 [05:01<12:28,  1.17it/s]Evaluating raw model output:  27%|██▋       | 317/1194 [05:02<13:39,  1.07it/s]Evaluating raw model output:  27%|██▋       | 318/1194 [05:04<17:02,  1.17s/it]Evaluating raw model output:  27%|██▋       | 319/1194 [05:04<14:31,  1.00it/s]Evaluating raw model output:  27%|██▋       | 320/1194 [05:05<12:38,  1.15it/s]Evaluating raw model output:  27%|██▋       | 321/1194 [05:06<11:11,  1.30it/s]Evaluating raw model output:  27%|██▋       | 322/1194 [05:07<12:32,  1.16it/s]Evaluating raw model output:  27%|██▋       | 323/1194 [05:07<11:02,  1.32it/s]Evaluating raw model output:  27%|██▋       | 324/1194 [05:08<11:32,  1.26it/s]Evaluating raw model output:  27%|██▋       | 325/1194 [05:09<12:56,  1.12it/s]Evaluating raw model output:  27%|██▋       | 326/1194 [05:10<11:52,  1.22it/s]Evaluating raw model output:  27%|██▋       | 327/1194 [05:10<10:36,  1.36it/s]Evaluating raw model output:  27%|██▋       | 328/1194 [05:11<11:37,  1.24it/s]Evaluating raw model output:  28%|██▊       | 329/1194 [05:12<10:25,  1.38it/s]Evaluating raw model output:  28%|██▊       | 330/1194 [05:13<10:11,  1.41it/s]Evaluating raw model output:  28%|██▊       | 331/1194 [05:13<10:14,  1.40it/s]Evaluating raw model output:  28%|██▊       | 332/1194 [05:14<09:45,  1.47it/s]Evaluating raw model output:  28%|██▊       | 333/1194 [05:14<09:21,  1.53it/s]Evaluating raw model output:  28%|██▊       | 334/1194 [05:15<09:21,  1.53it/s]Evaluating raw model output:  28%|██▊       | 335/1194 [05:16<08:57,  1.60it/s]Evaluating raw model output:  28%|██▊       | 336/1194 [05:16<09:04,  1.58it/s]Evaluating raw model output:  28%|██▊       | 337/1194 [05:18<11:24,  1.25it/s]Evaluating raw model output:  28%|██▊       | 338/1194 [05:18<10:23,  1.37it/s]Evaluating raw model output:  28%|██▊       | 339/1194 [05:19<09:47,  1.46it/s]Evaluating raw model output:  28%|██▊       | 340/1194 [05:19<09:25,  1.51it/s]Evaluating raw model output:  29%|██▊       | 341/1194 [05:21<11:53,  1.20it/s]Evaluating raw model output:  29%|██▊       | 342/1194 [05:22<15:00,  1.06s/it]Evaluating raw model output:  29%|██▊       | 343/1194 [05:23<13:23,  1.06it/s]Evaluating raw model output:  29%|██▉       | 344/1194 [05:23<11:46,  1.20it/s]Evaluating raw model output:  29%|██▉       | 345/1194 [05:25<15:07,  1.07s/it]Evaluating raw model output:  29%|██▉       | 346/1194 [05:26<12:58,  1.09it/s]Evaluating raw model output:  29%|██▉       | 347/1194 [05:26<11:17,  1.25it/s]Evaluating raw model output:  29%|██▉       | 348/1194 [05:27<10:16,  1.37it/s]Evaluating raw model output:  29%|██▉       | 349/1194 [05:27<09:30,  1.48it/s]Evaluating raw model output:  29%|██▉       | 350/1194 [05:29<12:31,  1.12it/s]Evaluating raw model output:  29%|██▉       | 351/1194 [05:30<13:44,  1.02it/s]Evaluating raw model output:  29%|██▉       | 352/1194 [05:30<11:55,  1.18it/s]Evaluating raw model output:  30%|██▉       | 353/1194 [05:31<10:33,  1.33it/s]Evaluating raw model output:  30%|██▉       | 354/1194 [05:31<09:44,  1.44it/s]Evaluating raw model output:  30%|██▉       | 355/1194 [05:32<09:23,  1.49it/s]Evaluating raw model output:  30%|██▉       | 356/1194 [05:33<08:57,  1.56it/s]Evaluating raw model output:  30%|██▉       | 357/1194 [05:34<13:18,  1.05it/s]Evaluating raw model output:  30%|██▉       | 358/1194 [05:35<11:43,  1.19it/s]Evaluating raw model output:  30%|███       | 359/1194 [05:35<10:47,  1.29it/s]Evaluating raw model output:  30%|███       | 360/1194 [05:36<09:51,  1.41it/s]Evaluating raw model output:  30%|███       | 361/1194 [05:37<09:47,  1.42it/s]Evaluating raw model output:  30%|███       | 362/1194 [05:37<09:14,  1.50it/s]Evaluating raw model output:  30%|███       | 363/1194 [05:38<08:46,  1.58it/s]Evaluating raw model output:  30%|███       | 364/1194 [05:38<08:28,  1.63it/s]Evaluating raw model output:  31%|███       | 365/1194 [05:39<08:03,  1.72it/s]Evaluating raw model output:  31%|███       | 366/1194 [05:39<07:52,  1.75it/s]Evaluating raw model output:  31%|███       | 367/1194 [05:41<10:17,  1.34it/s]Evaluating raw model output:  31%|███       | 368/1194 [05:41<09:37,  1.43it/s]Evaluating raw model output:  31%|███       | 369/1194 [05:42<08:59,  1.53it/s]Evaluating raw model output:  31%|███       | 370/1194 [05:42<08:36,  1.59it/s]Evaluating raw model output:  31%|███       | 371/1194 [05:44<10:54,  1.26it/s]Evaluating raw model output:  31%|███       | 372/1194 [05:44<09:57,  1.38it/s]Evaluating raw model output:  31%|███       | 373/1194 [05:45<09:13,  1.48it/s]Evaluating raw model output:  31%|███▏      | 374/1194 [05:46<12:31,  1.09it/s]Evaluating raw model output:  31%|███▏      | 375/1194 [05:47<11:15,  1.21it/s]Evaluating raw model output:  31%|███▏      | 376/1194 [05:47<10:16,  1.33it/s]Evaluating raw model output:  32%|███▏      | 377/1194 [05:48<09:31,  1.43it/s]Evaluating raw model output:  32%|███▏      | 378/1194 [05:48<08:53,  1.53it/s]Evaluating raw model output:  32%|███▏      | 379/1194 [05:49<08:35,  1.58it/s]Evaluating raw model output:  32%|███▏      | 380/1194 [05:50<09:54,  1.37it/s]Evaluating raw model output:  32%|███▏      | 381/1194 [05:51<10:34,  1.28it/s]Evaluating raw model output:  32%|███▏      | 382/1194 [05:52<13:55,  1.03s/it]Evaluating raw model output:  32%|███▏      | 383/1194 [05:54<16:40,  1.23s/it]Evaluating raw model output:  32%|███▏      | 384/1194 [05:55<16:12,  1.20s/it]Evaluating raw model output:  32%|███▏      | 385/1194 [05:56<14:53,  1.10s/it]Evaluating raw model output:  32%|███▏      | 386/1194 [05:57<15:00,  1.11s/it]Evaluating raw model output:  32%|███▏      | 387/1194 [05:58<13:21,  1.01it/s]Evaluating raw model output:  32%|███▏      | 388/1194 [05:59<12:34,  1.07it/s]Evaluating raw model output:  33%|███▎      | 389/1194 [05:59<10:46,  1.24it/s]Evaluating raw model output:  33%|███▎      | 390/1194 [06:01<13:54,  1.04s/it]Evaluating raw model output:  33%|███▎      | 391/1194 [06:02<12:57,  1.03it/s]Evaluating raw model output:  33%|███▎      | 392/1194 [06:02<11:34,  1.15it/s]Evaluating raw model output:  33%|███▎      | 393/1194 [06:03<10:57,  1.22it/s]Evaluating raw model output:  33%|███▎      | 394/1194 [06:04<13:06,  1.02it/s]Evaluating raw model output:  33%|███▎      | 395/1194 [06:05<11:27,  1.16it/s]Evaluating raw model output:  33%|███▎      | 396/1194 [06:06<12:24,  1.07it/s]Evaluating raw model output:  33%|███▎      | 397/1194 [06:07<12:25,  1.07it/s]Evaluating raw model output:  33%|███▎      | 398/1194 [06:08<10:40,  1.24it/s]Evaluating raw model output:  33%|███▎      | 399/1194 [06:08<09:50,  1.35it/s]Evaluating raw model output:  34%|███▎      | 400/1194 [06:09<09:11,  1.44it/s]Evaluating raw model output:  34%|███▎      | 401/1194 [06:09<08:47,  1.50it/s]Evaluating raw model output:  34%|███▎      | 402/1194 [06:10<08:11,  1.61it/s]Evaluating raw model output:  34%|███▍      | 403/1194 [06:10<08:03,  1.63it/s]Evaluating raw model output:  34%|███▍      | 404/1194 [06:11<07:55,  1.66it/s]Evaluating raw model output:  34%|███▍      | 405/1194 [06:12<07:43,  1.70it/s]Evaluating raw model output:  34%|███▍      | 406/1194 [06:13<11:46,  1.11it/s]Evaluating raw model output:  34%|███▍      | 407/1194 [06:14<12:02,  1.09it/s]Evaluating raw model output:  34%|███▍      | 408/1194 [06:15<10:41,  1.22it/s]Evaluating raw model output:  34%|███▍      | 409/1194 [06:16<12:25,  1.05it/s]Evaluating raw model output:  34%|███▍      | 410/1194 [06:17<10:49,  1.21it/s]Evaluating raw model output:  34%|███▍      | 411/1194 [06:17<09:46,  1.33it/s]Evaluating raw model output:  35%|███▍      | 412/1194 [06:18<09:08,  1.43it/s]Evaluating raw model output:  35%|███▍      | 413/1194 [06:19<10:06,  1.29it/s]Evaluating raw model output:  35%|███▍      | 414/1194 [06:19<09:12,  1.41it/s]Evaluating raw model output:  35%|███▍      | 415/1194 [06:20<08:45,  1.48it/s]Evaluating raw model output:  35%|███▍      | 416/1194 [06:20<08:26,  1.53it/s]Evaluating raw model output:  35%|███▍      | 417/1194 [06:21<08:04,  1.60it/s]Evaluating raw model output:  35%|███▌      | 418/1194 [06:21<07:44,  1.67it/s]Evaluating raw model output:  35%|███▌      | 419/1194 [06:22<07:49,  1.65it/s]Evaluating raw model output:  35%|███▌      | 420/1194 [06:23<10:43,  1.20it/s]Evaluating raw model output:  35%|███▌      | 421/1194 [06:25<12:38,  1.02it/s]Evaluating raw model output:  35%|███▌      | 422/1194 [06:25<11:05,  1.16it/s]Evaluating raw model output:  35%|███▌      | 423/1194 [06:26<09:52,  1.30it/s]Evaluating raw model output:  36%|███▌      | 424/1194 [06:26<09:03,  1.42it/s]Evaluating raw model output:  36%|███▌      | 425/1194 [06:27<08:27,  1.52it/s]Evaluating raw model output:  36%|███▌      | 426/1194 [06:28<08:07,  1.58it/s]Evaluating raw model output:  36%|███▌      | 427/1194 [06:28<07:39,  1.67it/s]Evaluating raw model output:  36%|███▌      | 428/1194 [06:29<08:56,  1.43it/s]Evaluating raw model output:  36%|███▌      | 429/1194 [06:30<11:17,  1.13it/s]Evaluating raw model output:  36%|███▌      | 430/1194 [06:31<09:52,  1.29it/s]Evaluating raw model output:  36%|███▌      | 431/1194 [06:32<09:17,  1.37it/s]Evaluating raw model output:  36%|███▌      | 432/1194 [06:32<08:27,  1.50it/s]Evaluating raw model output:  36%|███▋      | 433/1194 [06:33<09:36,  1.32it/s]Evaluating raw model output:  36%|███▋      | 434/1194 [06:35<12:25,  1.02it/s]Evaluating raw model output:  36%|███▋      | 435/1194 [06:35<12:09,  1.04it/s]Evaluating raw model output:  37%|███▋      | 436/1194 [06:37<12:58,  1.03s/it]Evaluating raw model output:  37%|███▋      | 437/1194 [06:37<11:14,  1.12it/s]Evaluating raw model output:  37%|███▋      | 438/1194 [06:38<09:51,  1.28it/s]Evaluating raw model output:  37%|███▋      | 439/1194 [06:38<08:56,  1.41it/s]Evaluating raw model output:  37%|███▋      | 440/1194 [06:39<08:24,  1.49it/s]Evaluating raw model output:  37%|███▋      | 441/1194 [06:39<07:54,  1.59it/s]Evaluating raw model output:  37%|███▋      | 442/1194 [06:40<07:34,  1.65it/s]Evaluating raw model output:  37%|███▋      | 443/1194 [06:41<07:43,  1.62it/s]Evaluating raw model output:  37%|███▋      | 444/1194 [06:41<07:27,  1.67it/s]Evaluating raw model output:  37%|███▋      | 445/1194 [06:42<07:18,  1.71it/s]Evaluating raw model output:  37%|███▋      | 446/1194 [06:42<07:07,  1.75it/s]Evaluating raw model output:  37%|███▋      | 447/1194 [06:43<06:54,  1.80it/s]Evaluating raw model output:  38%|███▊      | 448/1194 [06:43<06:48,  1.83it/s]Evaluating raw model output:  38%|███▊      | 449/1194 [06:44<06:43,  1.85it/s]Evaluating raw model output:  38%|███▊      | 450/1194 [06:44<06:43,  1.85it/s]Evaluating raw model output:  38%|███▊      | 451/1194 [06:45<06:38,  1.87it/s]Evaluating raw model output:  38%|███▊      | 452/1194 [06:45<06:26,  1.92it/s]Evaluating raw model output:  38%|███▊      | 453/1194 [06:47<09:16,  1.33it/s]Evaluating raw model output:  38%|███▊      | 454/1194 [06:48<10:04,  1.22it/s]Evaluating raw model output:  38%|███▊      | 455/1194 [06:48<08:45,  1.41it/s]Evaluating raw model output:  38%|███▊      | 456/1194 [06:49<08:12,  1.50it/s]Evaluating raw model output:  38%|███▊      | 457/1194 [06:49<07:33,  1.62it/s]Evaluating raw model output:  38%|███▊      | 458/1194 [06:50<07:14,  1.69it/s]Evaluating raw model output:  38%|███▊      | 459/1194 [06:50<07:02,  1.74it/s]Evaluating raw model output:  39%|███▊      | 460/1194 [06:51<08:05,  1.51it/s]Evaluating raw model output:  39%|███▊      | 461/1194 [06:52<07:41,  1.59it/s]Evaluating raw model output:  39%|███▊      | 462/1194 [06:52<07:25,  1.64it/s]Evaluating raw model output:  39%|███▉      | 463/1194 [06:53<08:30,  1.43it/s]Evaluating raw model output:  39%|███▉      | 464/1194 [06:55<11:13,  1.08it/s]Evaluating raw model output:  39%|███▉      | 465/1194 [06:55<10:49,  1.12it/s]Evaluating raw model output:  39%|███▉      | 466/1194 [06:56<09:33,  1.27it/s]Evaluating raw model output:  39%|███▉      | 467/1194 [06:56<08:35,  1.41it/s]Evaluating raw model output:  39%|███▉      | 468/1194 [06:57<09:29,  1.28it/s]Evaluating raw model output:  39%|███▉      | 469/1194 [06:58<08:51,  1.36it/s]Evaluating raw model output:  39%|███▉      | 470/1194 [06:59<08:10,  1.47it/s]Evaluating raw model output:  39%|███▉      | 471/1194 [06:59<07:38,  1.58it/s]Evaluating raw model output:  40%|███▉      | 472/1194 [07:01<11:22,  1.06it/s]Evaluating raw model output:  40%|███▉      | 473/1194 [07:01<09:43,  1.24it/s]Evaluating raw model output:  40%|███▉      | 474/1194 [07:02<08:37,  1.39it/s]Evaluating raw model output:  40%|███▉      | 475/1194 [07:02<07:57,  1.51it/s]Evaluating raw model output:  40%|███▉      | 476/1194 [07:04<11:13,  1.07it/s]Evaluating raw model output:  40%|███▉      | 477/1194 [07:05<10:10,  1.17it/s]Evaluating raw model output:  40%|████      | 478/1194 [07:06<11:25,  1.04it/s]Evaluating raw model output:  40%|████      | 479/1194 [07:06<09:59,  1.19it/s]Evaluating raw model output:  40%|████      | 480/1194 [07:07<11:02,  1.08it/s]Evaluating raw model output:  40%|████      | 481/1194 [07:09<13:38,  1.15s/it]Evaluating raw model output:  40%|████      | 482/1194 [07:10<11:28,  1.03it/s]Evaluating raw model output:  40%|████      | 483/1194 [07:10<09:56,  1.19it/s]Evaluating raw model output:  41%|████      | 484/1194 [07:11<09:19,  1.27it/s]Evaluating raw model output:  41%|████      | 485/1194 [07:11<08:34,  1.38it/s]Evaluating raw model output:  41%|████      | 486/1194 [07:13<10:17,  1.15it/s]Evaluating raw model output:  41%|████      | 487/1194 [07:14<11:37,  1.01it/s]Evaluating raw model output:  41%|████      | 488/1194 [07:14<09:53,  1.19it/s]Evaluating raw model output:  41%|████      | 489/1194 [07:15<08:53,  1.32it/s]Evaluating raw model output:  41%|████      | 490/1194 [07:16<08:16,  1.42it/s]Evaluating raw model output:  41%|████      | 491/1194 [07:16<08:52,  1.32it/s]Evaluating raw model output:  41%|████      | 492/1194 [07:17<08:12,  1.43it/s]Evaluating raw model output:  41%|████▏     | 493/1194 [07:18<07:48,  1.50it/s]Evaluating raw model output:  41%|████▏     | 494/1194 [07:18<07:41,  1.52it/s]Evaluating raw model output:  41%|████▏     | 495/1194 [07:19<07:23,  1.58it/s]Evaluating raw model output:  42%|████▏     | 496/1194 [07:19<07:15,  1.60it/s]Evaluating raw model output:  42%|████▏     | 497/1194 [07:20<06:59,  1.66it/s]Evaluating raw model output:  42%|████▏     | 498/1194 [07:21<07:01,  1.65it/s]Evaluating raw model output:  42%|████▏     | 499/1194 [07:21<06:52,  1.69it/s]Evaluating raw model output:  42%|████▏     | 500/1194 [07:22<06:51,  1.68it/s]Evaluating raw model output:  42%|████▏     | 501/1194 [07:22<06:47,  1.70it/s]Evaluating raw model output:  42%|████▏     | 502/1194 [07:24<10:27,  1.10it/s]Evaluating raw model output:  42%|████▏     | 503/1194 [07:24<09:17,  1.24it/s]Evaluating raw model output:  42%|████▏     | 504/1194 [07:25<08:26,  1.36it/s]Evaluating raw model output:  42%|████▏     | 505/1194 [07:26<07:51,  1.46it/s]Evaluating raw model output:  42%|████▏     | 506/1194 [07:26<07:20,  1.56it/s]Evaluating raw model output:  42%|████▏     | 507/1194 [07:27<08:16,  1.38it/s]Evaluating raw model output:  43%|████▎     | 508/1194 [07:28<07:59,  1.43it/s]Evaluating raw model output:  43%|████▎     | 509/1194 [07:28<07:21,  1.55it/s]Evaluating raw model output:  43%|████▎     | 510/1194 [07:30<10:38,  1.07it/s]Evaluating raw model output:  43%|████▎     | 511/1194 [07:31<12:27,  1.10s/it]Evaluating raw model output:  43%|████▎     | 512/1194 [07:32<10:33,  1.08it/s]Evaluating raw model output:  43%|████▎     | 513/1194 [07:33<09:40,  1.17it/s]Evaluating raw model output:  43%|████▎     | 514/1194 [07:33<08:44,  1.30it/s]Evaluating raw model output:  43%|████▎     | 515/1194 [07:34<10:05,  1.12it/s]Evaluating raw model output:  43%|████▎     | 516/1194 [07:35<09:58,  1.13it/s]Evaluating raw model output:  43%|████▎     | 517/1194 [07:36<08:33,  1.32it/s]Evaluating raw model output:  43%|████▎     | 518/1194 [07:37<09:16,  1.21it/s]Evaluating raw model output:  43%|████▎     | 519/1194 [07:37<08:26,  1.33it/s]Evaluating raw model output:  44%|████▎     | 520/1194 [07:38<07:49,  1.44it/s]Evaluating raw model output:  44%|████▎     | 521/1194 [07:38<07:23,  1.52it/s]Evaluating raw model output:  44%|████▎     | 522/1194 [07:39<07:05,  1.58it/s]Evaluating raw model output:  44%|████▍     | 523/1194 [07:40<07:10,  1.56it/s]Evaluating raw model output:  44%|████▍     | 524/1194 [07:40<06:56,  1.61it/s]Evaluating raw model output:  44%|████▍     | 525/1194 [07:41<06:41,  1.67it/s]Evaluating raw model output:  44%|████▍     | 526/1194 [07:42<08:35,  1.30it/s]Evaluating raw model output:  44%|████▍     | 527/1194 [07:42<07:36,  1.46it/s]Evaluating raw model output:  44%|████▍     | 528/1194 [07:44<10:27,  1.06it/s]Evaluating raw model output:  44%|████▍     | 529/1194 [07:45<11:06,  1.00s/it]Evaluating raw model output:  44%|████▍     | 530/1194 [07:46<09:38,  1.15it/s]Evaluating raw model output:  44%|████▍     | 531/1194 [07:47<10:44,  1.03it/s]Evaluating raw model output:  45%|████▍     | 532/1194 [07:47<09:17,  1.19it/s]Evaluating raw model output:  45%|████▍     | 533/1194 [07:48<08:31,  1.29it/s]Evaluating raw model output:  45%|████▍     | 534/1194 [07:48<07:41,  1.43it/s]Evaluating raw model output:  45%|████▍     | 535/1194 [07:49<07:29,  1.47it/s]Evaluating raw model output:  45%|████▍     | 536/1194 [07:50<09:12,  1.19it/s]Evaluating raw model output:  45%|████▍     | 537/1194 [07:51<08:13,  1.33it/s]Evaluating raw model output:  45%|████▌     | 538/1194 [07:51<07:20,  1.49it/s]Evaluating raw model output:  45%|████▌     | 539/1194 [07:52<07:08,  1.53it/s]Evaluating raw model output:  45%|████▌     | 540/1194 [07:53<07:07,  1.53it/s]Evaluating raw model output:  45%|████▌     | 541/1194 [07:53<06:47,  1.60it/s]Evaluating raw model output:  45%|████▌     | 542/1194 [07:54<06:36,  1.64it/s]Evaluating raw model output:  45%|████▌     | 543/1194 [07:54<06:30,  1.67it/s]Evaluating raw model output:  46%|████▌     | 544/1194 [07:55<08:06,  1.34it/s]Evaluating raw model output:  46%|████▌     | 545/1194 [07:57<10:53,  1.01s/it]Evaluating raw model output:  46%|████▌     | 546/1194 [07:58<09:22,  1.15it/s]Evaluating raw model output:  46%|████▌     | 547/1194 [07:58<08:19,  1.30it/s]Evaluating raw model output:  46%|████▌     | 548/1194 [07:59<07:30,  1.44it/s]Evaluating raw model output:  46%|████▌     | 549/1194 [07:59<07:01,  1.53it/s]Evaluating raw model output:  46%|████▌     | 550/1194 [08:00<06:39,  1.61it/s]Evaluating raw model output:  46%|████▌     | 551/1194 [08:00<06:19,  1.69it/s]Evaluating raw model output:  46%|████▌     | 552/1194 [08:01<06:09,  1.74it/s]Evaluating raw model output:  46%|████▋     | 553/1194 [08:02<07:38,  1.40it/s]Evaluating raw model output:  46%|████▋     | 554/1194 [08:03<08:44,  1.22it/s]Evaluating raw model output:  46%|████▋     | 555/1194 [08:05<11:22,  1.07s/it]Evaluating raw model output:  47%|████▋     | 556/1194 [08:05<09:28,  1.12it/s]Evaluating raw model output:  47%|████▋     | 557/1194 [08:06<09:06,  1.17it/s]Evaluating raw model output:  47%|████▋     | 558/1194 [08:06<08:01,  1.32it/s]Evaluating raw model output:  47%|████▋     | 559/1194 [08:07<08:33,  1.24it/s]Evaluating raw model output:  47%|████▋     | 560/1194 [08:08<07:38,  1.38it/s]Evaluating raw model output:  47%|████▋     | 561/1194 [08:08<07:31,  1.40it/s]Evaluating raw model output:  47%|████▋     | 562/1194 [08:09<07:04,  1.49it/s]Evaluating raw model output:  47%|████▋     | 563/1194 [08:10<06:47,  1.55it/s]Evaluating raw model output:  47%|████▋     | 564/1194 [08:10<06:37,  1.58it/s]Evaluating raw model output:  47%|████▋     | 565/1194 [08:11<06:24,  1.64it/s]Evaluating raw model output:  47%|████▋     | 566/1194 [08:11<06:12,  1.69it/s]Evaluating raw model output:  47%|████▋     | 567/1194 [08:12<06:18,  1.66it/s]Evaluating raw model output:  48%|████▊     | 568/1194 [08:13<06:18,  1.65it/s]Evaluating raw model output:  48%|████▊     | 569/1194 [08:13<05:59,  1.74it/s]Evaluating raw model output:  48%|████▊     | 570/1194 [08:14<06:17,  1.65it/s]Evaluating raw model output:  48%|████▊     | 571/1194 [08:14<06:10,  1.68it/s]Evaluating raw model output:  48%|████▊     | 572/1194 [08:15<07:54,  1.31it/s]Evaluating raw model output:  48%|████▊     | 573/1194 [08:16<07:13,  1.43it/s]Evaluating raw model output:  48%|████▊     | 574/1194 [08:17<08:07,  1.27it/s]Evaluating raw model output:  48%|████▊     | 575/1194 [08:18<07:14,  1.43it/s]Evaluating raw model output:  48%|████▊     | 576/1194 [08:18<06:47,  1.52it/s]Evaluating raw model output:  48%|████▊     | 577/1194 [08:19<06:26,  1.60it/s]Evaluating raw model output:  48%|████▊     | 578/1194 [08:19<06:16,  1.64it/s]Evaluating raw model output:  48%|████▊     | 579/1194 [08:20<05:50,  1.75it/s]Evaluating raw model output:  49%|████▊     | 580/1194 [08:21<08:11,  1.25it/s]Evaluating raw model output:  49%|████▊     | 581/1194 [08:22<07:16,  1.40it/s]Evaluating raw model output:  49%|████▊     | 582/1194 [08:23<09:11,  1.11it/s]Evaluating raw model output:  49%|████▉     | 583/1194 [08:23<08:07,  1.25it/s]Evaluating raw model output:  49%|████▉     | 584/1194 [08:24<07:19,  1.39it/s]Evaluating raw model output:  49%|████▉     | 585/1194 [08:25<06:53,  1.47it/s]Evaluating raw model output:  49%|████▉     | 586/1194 [08:25<06:27,  1.57it/s]Evaluating raw model output:  49%|████▉     | 587/1194 [08:26<06:19,  1.60it/s]Evaluating raw model output:  49%|████▉     | 588/1194 [08:26<06:12,  1.63it/s]Evaluating raw model output:  49%|████▉     | 589/1194 [08:27<06:06,  1.65it/s]Evaluating raw model output:  49%|████▉     | 590/1194 [08:27<06:01,  1.67it/s]Evaluating raw model output:  49%|████▉     | 591/1194 [08:28<06:00,  1.67it/s]Evaluating raw model output:  50%|████▉     | 592/1194 [08:29<05:39,  1.77it/s]Evaluating raw model output:  50%|████▉     | 593/1194 [08:29<05:41,  1.76it/s]Evaluating raw model output:  50%|████▉     | 594/1194 [08:31<09:18,  1.07it/s]Evaluating raw model output:  50%|████▉     | 595/1194 [08:31<08:05,  1.23it/s]Evaluating raw model output:  50%|████▉     | 596/1194 [08:32<07:20,  1.36it/s]Evaluating raw model output:  50%|█████     | 597/1194 [08:33<06:44,  1.48it/s]Evaluating raw model output:  50%|█████     | 598/1194 [08:33<06:24,  1.55it/s]Evaluating raw model output:  50%|█████     | 599/1194 [08:34<06:04,  1.63it/s]Evaluating raw model output:  50%|█████     | 600/1194 [08:35<07:24,  1.34it/s]Evaluating raw model output:  50%|█████     | 601/1194 [08:35<06:44,  1.47it/s]Evaluating raw model output:  50%|█████     | 602/1194 [08:36<06:15,  1.58it/s]Evaluating raw model output:  51%|█████     | 603/1194 [08:36<05:57,  1.65it/s]Evaluating raw model output:  51%|█████     | 604/1194 [08:37<06:49,  1.44it/s]Evaluating raw model output:  51%|█████     | 605/1194 [08:38<06:22,  1.54it/s]Evaluating raw model output:  51%|█████     | 606/1194 [08:38<06:02,  1.62it/s]Evaluating raw model output:  51%|█████     | 607/1194 [08:40<08:10,  1.20it/s]Evaluating raw model output:  51%|█████     | 608/1194 [08:40<07:22,  1.33it/s]Evaluating raw model output:  51%|█████     | 609/1194 [08:41<06:33,  1.49it/s]Evaluating raw model output:  51%|█████     | 610/1194 [08:41<06:09,  1.58it/s]Evaluating raw model output:  51%|█████     | 611/1194 [08:42<05:50,  1.66it/s]Evaluating raw model output:  51%|█████▏    | 612/1194 [08:42<05:40,  1.71it/s]Evaluating raw model output:  51%|█████▏    | 613/1194 [08:43<05:30,  1.76it/s]Evaluating raw model output:  51%|█████▏    | 614/1194 [08:43<05:31,  1.75it/s]Evaluating raw model output:  52%|█████▏    | 615/1194 [08:44<05:09,  1.87it/s]Evaluating raw model output:  52%|█████▏    | 616/1194 [08:44<05:13,  1.85it/s]Evaluating raw model output:  52%|█████▏    | 617/1194 [08:45<05:32,  1.73it/s]Evaluating raw model output:  52%|█████▏    | 618/1194 [08:46<05:25,  1.77it/s]Evaluating raw model output:  52%|█████▏    | 619/1194 [08:46<05:17,  1.81it/s]Evaluating raw model output:  52%|█████▏    | 620/1194 [08:47<05:16,  1.81it/s]Evaluating raw model output:  52%|█████▏    | 621/1194 [08:47<05:13,  1.83it/s]Evaluating raw model output:  52%|█████▏    | 622/1194 [08:48<05:14,  1.82it/s]Evaluating raw model output:  52%|█████▏    | 623/1194 [08:48<05:14,  1.81it/s]Evaluating raw model output:  52%|█████▏    | 624/1194 [08:49<05:29,  1.73it/s]Evaluating raw model output:  52%|█████▏    | 625/1194 [08:50<05:31,  1.72it/s]Evaluating raw model output:  52%|█████▏    | 626/1194 [08:51<08:06,  1.17it/s]Evaluating raw model output:  53%|█████▎    | 627/1194 [08:52<07:09,  1.32it/s]Evaluating raw model output:  53%|█████▎    | 628/1194 [08:52<06:56,  1.36it/s]Evaluating raw model output:  53%|█████▎    | 629/1194 [08:53<06:24,  1.47it/s]Evaluating raw model output:  53%|█████▎    | 630/1194 [08:53<05:53,  1.60it/s]Evaluating raw model output:  53%|█████▎    | 631/1194 [08:54<05:39,  1.66it/s]Evaluating raw model output:  53%|█████▎    | 632/1194 [08:54<05:29,  1.71it/s]Evaluating raw model output:  53%|█████▎    | 633/1194 [08:55<05:27,  1.72it/s]Evaluating raw model output:  53%|█████▎    | 634/1194 [08:56<05:42,  1.63it/s]Evaluating raw model output:  53%|█████▎    | 635/1194 [08:56<05:31,  1.69it/s]Evaluating raw model output:  53%|█████▎    | 636/1194 [08:57<05:32,  1.68it/s]Evaluating raw model output:  53%|█████▎    | 637/1194 [08:57<05:33,  1.67it/s]Evaluating raw model output:  53%|█████▎    | 638/1194 [08:58<05:30,  1.68it/s]Evaluating raw model output:  54%|█████▎    | 639/1194 [08:59<05:21,  1.72it/s]Evaluating raw model output:  54%|█████▎    | 640/1194 [09:00<07:21,  1.26it/s]Evaluating raw model output:  54%|█████▎    | 641/1194 [09:00<06:36,  1.39it/s]Evaluating raw model output:  54%|█████▍    | 642/1194 [09:01<06:08,  1.50it/s]Evaluating raw model output:  54%|█████▍    | 643/1194 [09:02<07:35,  1.21it/s]Evaluating raw model output:  54%|█████▍    | 644/1194 [09:03<06:48,  1.35it/s]Evaluating raw model output:  54%|█████▍    | 645/1194 [09:03<06:37,  1.38it/s]Evaluating raw model output:  54%|█████▍    | 646/1194 [09:04<07:19,  1.25it/s]Evaluating raw model output:  54%|█████▍    | 647/1194 [09:05<07:46,  1.17it/s]Evaluating raw model output:  54%|█████▍    | 648/1194 [09:06<07:03,  1.29it/s]Evaluating raw model output:  54%|█████▍    | 649/1194 [09:06<06:18,  1.44it/s]Evaluating raw model output:  54%|█████▍    | 650/1194 [09:07<05:49,  1.56it/s]Evaluating raw model output:  55%|█████▍    | 651/1194 [09:08<06:39,  1.36it/s]Evaluating raw model output:  55%|█████▍    | 652/1194 [09:08<06:12,  1.45it/s]Evaluating raw model output:  55%|█████▍    | 653/1194 [09:09<05:54,  1.53it/s]Evaluating raw model output:  55%|█████▍    | 654/1194 [09:10<07:05,  1.27it/s]Evaluating raw model output:  55%|█████▍    | 655/1194 [09:11<06:32,  1.37it/s]Evaluating raw model output:  55%|█████▍    | 656/1194 [09:11<05:59,  1.50it/s]Evaluating raw model output:  55%|█████▌    | 657/1194 [09:12<05:34,  1.61it/s]Evaluating raw model output:  55%|█████▌    | 658/1194 [09:13<06:47,  1.32it/s]Evaluating raw model output:  55%|█████▌    | 659/1194 [09:13<06:15,  1.42it/s]Evaluating raw model output:  55%|█████▌    | 660/1194 [09:15<07:30,  1.19it/s]Evaluating raw model output:  55%|█████▌    | 661/1194 [09:15<06:41,  1.33it/s]Evaluating raw model output:  55%|█████▌    | 662/1194 [09:16<06:06,  1.45it/s]Evaluating raw model output:  56%|█████▌    | 663/1194 [09:17<06:36,  1.34it/s]Evaluating raw model output:  56%|█████▌    | 664/1194 [09:17<05:56,  1.49it/s]Evaluating raw model output:  56%|█████▌    | 665/1194 [09:18<05:35,  1.58it/s]Evaluating raw model output:  56%|█████▌    | 666/1194 [09:18<05:35,  1.57it/s]Evaluating raw model output:  56%|█████▌    | 667/1194 [09:19<06:09,  1.43it/s]Evaluating raw model output:  56%|█████▌    | 668/1194 [09:20<05:40,  1.54it/s]Evaluating raw model output:  56%|█████▌    | 669/1194 [09:20<05:13,  1.67it/s]Evaluating raw model output:  56%|█████▌    | 670/1194 [09:21<04:53,  1.78it/s]Evaluating raw model output:  56%|█████▌    | 671/1194 [09:21<04:55,  1.77it/s]Evaluating raw model output:  56%|█████▋    | 672/1194 [09:22<04:51,  1.79it/s]Evaluating raw model output:  56%|█████▋    | 673/1194 [09:22<04:55,  1.76it/s]Evaluating raw model output:  56%|█████▋    | 674/1194 [09:23<04:47,  1.81it/s]Evaluating raw model output:  57%|█████▋    | 675/1194 [09:23<04:34,  1.89it/s]Evaluating raw model output:  57%|█████▋    | 676/1194 [09:24<04:35,  1.88it/s]Evaluating raw model output:  57%|█████▋    | 677/1194 [09:25<05:41,  1.51it/s]Evaluating raw model output:  57%|█████▋    | 678/1194 [09:25<05:32,  1.55it/s]Evaluating raw model output:  57%|█████▋    | 679/1194 [09:26<06:11,  1.39it/s]Evaluating raw model output:  57%|█████▋    | 680/1194 [09:27<05:45,  1.49it/s]Evaluating raw model output:  57%|█████▋    | 681/1194 [09:27<05:14,  1.63it/s]Evaluating raw model output:  57%|█████▋    | 682/1194 [09:28<05:10,  1.65it/s]Evaluating raw model output:  57%|█████▋    | 683/1194 [09:28<04:55,  1.73it/s]Evaluating raw model output:  57%|█████▋    | 684/1194 [09:29<05:45,  1.48it/s]Evaluating raw model output:  57%|█████▋    | 685/1194 [09:30<05:37,  1.51it/s]Evaluating raw model output:  57%|█████▋    | 686/1194 [09:30<05:14,  1.61it/s]Evaluating raw model output:  58%|█████▊    | 687/1194 [09:32<06:34,  1.29it/s]Evaluating raw model output:  58%|█████▊    | 688/1194 [09:32<05:52,  1.43it/s]Evaluating raw model output:  58%|█████▊    | 689/1194 [09:33<05:28,  1.54it/s]Evaluating raw model output:  58%|█████▊    | 690/1194 [09:33<05:12,  1.61it/s]Evaluating raw model output:  58%|█████▊    | 691/1194 [09:34<05:35,  1.50it/s]Evaluating raw model output:  58%|█████▊    | 692/1194 [09:35<06:53,  1.22it/s]Evaluating raw model output:  58%|█████▊    | 693/1194 [09:36<06:04,  1.38it/s]Evaluating raw model output:  58%|█████▊    | 694/1194 [09:36<05:50,  1.43it/s]Evaluating raw model output:  58%|█████▊    | 695/1194 [09:37<05:29,  1.51it/s]Evaluating raw model output:  58%|█████▊    | 696/1194 [09:38<06:10,  1.34it/s]Evaluating raw model output:  58%|█████▊    | 697/1194 [09:38<05:36,  1.48it/s]Evaluating raw model output:  58%|█████▊    | 698/1194 [09:39<06:35,  1.25it/s]Evaluating raw model output:  59%|█████▊    | 699/1194 [09:40<05:58,  1.38it/s]Evaluating raw model output:  59%|█████▊    | 700/1194 [09:41<05:32,  1.49it/s]Evaluating raw model output:  59%|█████▊    | 701/1194 [09:41<05:12,  1.58it/s]Evaluating raw model output:  59%|█████▉    | 702/1194 [09:42<04:56,  1.66it/s]Evaluating raw model output:  59%|█████▉    | 703/1194 [09:43<07:00,  1.17it/s]Evaluating raw model output:  59%|█████▉    | 704/1194 [09:45<08:47,  1.08s/it]Evaluating raw model output:  59%|█████▉    | 705/1194 [09:45<07:30,  1.09it/s]Evaluating raw model output:  59%|█████▉    | 706/1194 [09:46<06:32,  1.24it/s]Evaluating raw model output:  59%|█████▉    | 707/1194 [09:47<08:12,  1.01s/it]Evaluating raw model output:  59%|█████▉    | 708/1194 [09:48<06:58,  1.16it/s]Evaluating raw model output:  59%|█████▉    | 709/1194 [09:48<06:12,  1.30it/s]Evaluating raw model output:  59%|█████▉    | 710/1194 [09:49<05:51,  1.38it/s]Evaluating raw model output:  60%|█████▉    | 711/1194 [09:50<06:26,  1.25it/s]Evaluating raw model output:  60%|█████▉    | 712/1194 [09:50<05:58,  1.35it/s]Evaluating raw model output:  60%|█████▉    | 713/1194 [09:51<05:27,  1.47it/s]Evaluating raw model output:  60%|█████▉    | 714/1194 [09:52<05:06,  1.57it/s]Evaluating raw model output:  60%|█████▉    | 715/1194 [09:52<04:51,  1.64it/s]Evaluating raw model output:  60%|█████▉    | 716/1194 [09:53<04:41,  1.70it/s]Evaluating raw model output:  60%|██████    | 717/1194 [09:53<05:00,  1.59it/s]Evaluating raw model output:  60%|██████    | 718/1194 [09:54<04:42,  1.68it/s]Evaluating raw model output:  60%|██████    | 719/1194 [09:56<07:30,  1.05it/s]Evaluating raw model output:  60%|██████    | 720/1194 [09:56<06:33,  1.20it/s]Evaluating raw model output:  60%|██████    | 721/1194 [09:57<05:56,  1.33it/s]Evaluating raw model output:  60%|██████    | 722/1194 [09:57<05:26,  1.44it/s]Evaluating raw model output:  61%|██████    | 723/1194 [09:58<06:34,  1.19it/s]Evaluating raw model output:  61%|██████    | 724/1194 [09:59<05:53,  1.33it/s]Evaluating raw model output:  61%|██████    | 725/1194 [10:00<05:24,  1.45it/s]Evaluating raw model output:  61%|██████    | 726/1194 [10:00<05:00,  1.56it/s]Evaluating raw model output:  61%|██████    | 727/1194 [10:01<05:00,  1.55it/s]Evaluating raw model output:  61%|██████    | 728/1194 [10:02<05:25,  1.43it/s]Evaluating raw model output:  61%|██████    | 729/1194 [10:02<05:02,  1.54it/s]Evaluating raw model output:  61%|██████    | 730/1194 [10:03<04:45,  1.62it/s]Evaluating raw model output:  61%|██████    | 731/1194 [10:03<04:42,  1.64it/s]Evaluating raw model output:  61%|██████▏   | 732/1194 [10:04<04:33,  1.69it/s]Evaluating raw model output:  61%|██████▏   | 733/1194 [10:05<06:23,  1.20it/s]Evaluating raw model output:  61%|██████▏   | 734/1194 [10:06<05:46,  1.33it/s]Evaluating raw model output:  62%|██████▏   | 735/1194 [10:06<05:15,  1.46it/s]Evaluating raw model output:  62%|██████▏   | 736/1194 [10:07<04:50,  1.58it/s]Evaluating raw model output:  62%|██████▏   | 737/1194 [10:07<04:37,  1.65it/s]Evaluating raw model output:  62%|██████▏   | 738/1194 [10:08<04:24,  1.72it/s]Evaluating raw model output:  62%|██████▏   | 739/1194 [10:08<04:09,  1.82it/s]Evaluating raw model output:  62%|██████▏   | 740/1194 [10:09<04:21,  1.74it/s]Evaluating raw model output:  62%|██████▏   | 741/1194 [10:10<05:02,  1.50it/s]Evaluating raw model output:  62%|██████▏   | 742/1194 [10:11<06:02,  1.25it/s]Evaluating raw model output:  62%|██████▏   | 743/1194 [10:12<07:27,  1.01it/s]Evaluating raw model output:  62%|██████▏   | 744/1194 [10:13<06:23,  1.17it/s]Evaluating raw model output:  62%|██████▏   | 745/1194 [10:14<05:42,  1.31it/s]Evaluating raw model output:  62%|██████▏   | 746/1194 [10:14<05:13,  1.43it/s]Evaluating raw model output:  63%|██████▎   | 747/1194 [10:15<04:46,  1.56it/s]Evaluating raw model output:  63%|██████▎   | 748/1194 [10:15<04:32,  1.63it/s]Evaluating raw model output:  63%|██████▎   | 749/1194 [10:16<04:20,  1.71it/s]Evaluating raw model output:  63%|██████▎   | 750/1194 [10:16<04:16,  1.73it/s]Evaluating raw model output:  63%|██████▎   | 751/1194 [10:17<05:08,  1.44it/s]Evaluating raw model output:  63%|██████▎   | 752/1194 [10:18<04:44,  1.55it/s]Evaluating raw model output:  63%|██████▎   | 753/1194 [10:18<04:32,  1.62it/s]Evaluating raw model output:  63%|██████▎   | 754/1194 [10:19<04:20,  1.69it/s]Evaluating raw model output:  63%|██████▎   | 755/1194 [10:19<04:10,  1.75it/s]Evaluating raw model output:  63%|██████▎   | 756/1194 [10:20<03:58,  1.83it/s]Evaluating raw model output:  63%|██████▎   | 757/1194 [10:20<03:56,  1.85it/s]Evaluating raw model output:  63%|██████▎   | 758/1194 [10:21<03:52,  1.87it/s]Evaluating raw model output:  64%|██████▎   | 759/1194 [10:21<03:51,  1.88it/s]Evaluating raw model output:  64%|██████▎   | 760/1194 [10:22<03:48,  1.90it/s]Evaluating raw model output:  64%|██████▎   | 761/1194 [10:23<04:34,  1.58it/s]Evaluating raw model output:  64%|██████▍   | 762/1194 [10:24<06:23,  1.13it/s]Evaluating raw model output:  64%|██████▍   | 763/1194 [10:25<05:37,  1.28it/s]Evaluating raw model output:  64%|██████▍   | 764/1194 [10:25<05:05,  1.41it/s]Evaluating raw model output:  64%|██████▍   | 765/1194 [10:26<04:44,  1.51it/s]Evaluating raw model output:  64%|██████▍   | 766/1194 [10:26<04:25,  1.61it/s]Evaluating raw model output:  64%|██████▍   | 767/1194 [10:27<04:15,  1.67it/s]Evaluating raw model output:  64%|██████▍   | 768/1194 [10:27<04:07,  1.72it/s]Evaluating raw model output:  64%|██████▍   | 769/1194 [10:28<04:02,  1.75it/s]Evaluating raw model output:  64%|██████▍   | 770/1194 [10:29<04:14,  1.67it/s]Evaluating raw model output:  65%|██████▍   | 771/1194 [10:29<04:08,  1.70it/s]Evaluating raw model output:  65%|██████▍   | 772/1194 [10:30<04:03,  1.73it/s]Evaluating raw model output:  65%|██████▍   | 773/1194 [10:31<05:06,  1.38it/s]Evaluating raw model output:  65%|██████▍   | 774/1194 [10:32<05:55,  1.18it/s]Evaluating raw model output:  65%|██████▍   | 775/1194 [10:32<05:06,  1.37it/s]Evaluating raw model output:  65%|██████▍   | 776/1194 [10:33<04:40,  1.49it/s]Evaluating raw model output:  65%|██████▌   | 777/1194 [10:34<06:04,  1.14it/s]Evaluating raw model output:  65%|██████▌   | 778/1194 [10:36<06:41,  1.04it/s]Evaluating raw model output:  65%|██████▌   | 779/1194 [10:36<05:47,  1.20it/s]Evaluating raw model output:  65%|██████▌   | 780/1194 [10:37<05:07,  1.35it/s]Evaluating raw model output:  65%|██████▌   | 781/1194 [10:37<04:42,  1.46it/s]Evaluating raw model output:  65%|██████▌   | 782/1194 [10:38<05:17,  1.30it/s]Evaluating raw model output:  66%|██████▌   | 783/1194 [10:39<04:58,  1.38it/s]Evaluating raw model output:  66%|██████▌   | 784/1194 [10:39<04:35,  1.49it/s]Evaluating raw model output:  66%|██████▌   | 785/1194 [10:40<04:12,  1.62it/s]Evaluating raw model output:  66%|██████▌   | 786/1194 [10:40<03:59,  1.71it/s]Evaluating raw model output:  66%|██████▌   | 787/1194 [10:41<03:45,  1.80it/s]Evaluating raw model output:  66%|██████▌   | 788/1194 [10:41<03:38,  1.86it/s]Evaluating raw model output:  66%|██████▌   | 789/1194 [10:42<03:36,  1.87it/s]Evaluating raw model output:  66%|██████▌   | 790/1194 [10:42<03:37,  1.86it/s]Evaluating raw model output:  66%|██████▌   | 791/1194 [10:43<03:36,  1.86it/s]Evaluating raw model output:  66%|██████▋   | 792/1194 [10:43<03:31,  1.90it/s]Evaluating raw model output:  66%|██████▋   | 793/1194 [10:44<03:25,  1.95it/s]Evaluating raw model output:  66%|██████▋   | 794/1194 [10:44<03:37,  1.84it/s]Evaluating raw model output:  67%|██████▋   | 795/1194 [10:45<04:28,  1.49it/s]Evaluating raw model output:  67%|██████▋   | 796/1194 [10:46<04:58,  1.33it/s]Evaluating raw model output:  67%|██████▋   | 797/1194 [10:47<04:45,  1.39it/s]Evaluating raw model output:  67%|██████▋   | 798/1194 [10:47<04:15,  1.55it/s]Evaluating raw model output:  67%|██████▋   | 799/1194 [10:48<04:01,  1.64it/s]Evaluating raw model output:  67%|██████▋   | 800/1194 [10:49<04:05,  1.61it/s]Evaluating raw model output:  67%|██████▋   | 801/1194 [10:49<03:58,  1.65it/s]Evaluating raw model output:  67%|██████▋   | 802/1194 [10:50<04:32,  1.44it/s]Evaluating raw model output:  67%|██████▋   | 803/1194 [10:51<04:12,  1.55it/s]Evaluating raw model output:  67%|██████▋   | 804/1194 [10:51<03:56,  1.65it/s]Evaluating raw model output:  67%|██████▋   | 805/1194 [10:52<03:50,  1.69it/s]Evaluating raw model output:  68%|██████▊   | 806/1194 [10:52<03:42,  1.75it/s]Evaluating raw model output:  68%|██████▊   | 807/1194 [10:53<03:38,  1.77it/s]Evaluating raw model output:  68%|██████▊   | 808/1194 [10:53<03:31,  1.82it/s]Evaluating raw model output:  68%|██████▊   | 809/1194 [10:54<04:21,  1.48it/s]Evaluating raw model output:  68%|██████▊   | 810/1194 [10:55<04:02,  1.58it/s]Evaluating raw model output:  68%|██████▊   | 811/1194 [10:55<03:52,  1.65it/s]Evaluating raw model output:  68%|██████▊   | 812/1194 [10:56<03:45,  1.70it/s]Evaluating raw model output:  68%|██████▊   | 813/1194 [10:56<03:36,  1.76it/s]Evaluating raw model output:  68%|██████▊   | 814/1194 [10:57<03:32,  1.78it/s]Evaluating raw model output:  68%|██████▊   | 815/1194 [10:58<04:33,  1.38it/s]Evaluating raw model output:  68%|██████▊   | 816/1194 [10:59<04:13,  1.49it/s]Evaluating raw model output:  68%|██████▊   | 817/1194 [10:59<03:54,  1.61it/s]Evaluating raw model output:  69%|██████▊   | 818/1194 [11:00<03:38,  1.72it/s]Evaluating raw model output:  69%|██████▊   | 819/1194 [11:01<05:27,  1.15it/s]Evaluating raw model output:  69%|██████▊   | 820/1194 [11:03<06:54,  1.11s/it]Evaluating raw model output:  69%|██████▉   | 821/1194 [11:03<05:51,  1.06it/s]Evaluating raw model output:  69%|██████▉   | 822/1194 [11:05<06:19,  1.02s/it]Evaluating raw model output:  69%|██████▉   | 823/1194 [11:05<05:26,  1.14it/s]Evaluating raw model output:  69%|██████▉   | 824/1194 [11:06<04:50,  1.27it/s]Evaluating raw model output:  69%|██████▉   | 825/1194 [11:06<04:22,  1.41it/s]Evaluating raw model output:  69%|██████▉   | 826/1194 [11:07<04:08,  1.48it/s]Evaluating raw model output:  69%|██████▉   | 827/1194 [11:07<03:57,  1.55it/s]Evaluating raw model output:  69%|██████▉   | 828/1194 [11:08<03:44,  1.63it/s]Evaluating raw model output:  69%|██████▉   | 829/1194 [11:09<03:39,  1.66it/s]Evaluating raw model output:  70%|██████▉   | 830/1194 [11:10<04:44,  1.28it/s]Evaluating raw model output:  70%|██████▉   | 831/1194 [11:11<05:17,  1.14it/s]Evaluating raw model output:  70%|██████▉   | 832/1194 [11:11<04:36,  1.31it/s]Evaluating raw model output:  70%|██████▉   | 833/1194 [11:12<04:12,  1.43it/s]Evaluating raw model output:  70%|██████▉   | 834/1194 [11:12<03:55,  1.53it/s]Evaluating raw model output:  70%|██████▉   | 835/1194 [11:14<04:51,  1.23it/s]Evaluating raw model output:  70%|███████   | 836/1194 [11:14<04:27,  1.34it/s]Evaluating raw model output:  70%|███████   | 837/1194 [11:15<04:06,  1.45it/s]Evaluating raw model output:  70%|███████   | 838/1194 [11:16<05:13,  1.14it/s]Evaluating raw model output:  70%|███████   | 839/1194 [11:17<05:14,  1.13it/s]Evaluating raw model output:  70%|███████   | 840/1194 [11:18<04:38,  1.27it/s]Evaluating raw model output:  70%|███████   | 841/1194 [11:18<04:13,  1.39it/s]Evaluating raw model output:  71%|███████   | 842/1194 [11:19<03:52,  1.52it/s]Evaluating raw model output:  71%|███████   | 843/1194 [11:19<03:35,  1.63it/s]Evaluating raw model output:  71%|███████   | 844/1194 [11:20<03:32,  1.65it/s]Evaluating raw model output:  71%|███████   | 845/1194 [11:20<03:28,  1.68it/s]Evaluating raw model output:  71%|███████   | 846/1194 [11:21<04:11,  1.38it/s]Evaluating raw model output:  71%|███████   | 847/1194 [11:22<04:32,  1.27it/s]Evaluating raw model output:  71%|███████   | 848/1194 [11:23<04:09,  1.39it/s]Evaluating raw model output:  71%|███████   | 849/1194 [11:24<04:11,  1.37it/s]Evaluating raw model output:  71%|███████   | 850/1194 [11:24<03:51,  1.49it/s]Evaluating raw model output:  71%|███████▏  | 851/1194 [11:25<03:38,  1.57it/s]Evaluating raw model output:  71%|███████▏  | 852/1194 [11:25<03:41,  1.54it/s]Evaluating raw model output:  71%|███████▏  | 853/1194 [11:26<03:46,  1.50it/s]Evaluating raw model output:  72%|███████▏  | 854/1194 [11:27<03:33,  1.60it/s]Evaluating raw model output:  72%|███████▏  | 855/1194 [11:27<03:41,  1.53it/s]Evaluating raw model output:  72%|███████▏  | 856/1194 [11:28<04:12,  1.34it/s]Evaluating raw model output:  72%|███████▏  | 857/1194 [11:29<03:53,  1.44it/s]Evaluating raw model output:  72%|███████▏  | 858/1194 [11:29<03:37,  1.54it/s]Evaluating raw model output:  72%|███████▏  | 859/1194 [11:30<03:22,  1.66it/s]Evaluating raw model output:  72%|███████▏  | 860/1194 [11:30<03:23,  1.64it/s]Evaluating raw model output:  72%|███████▏  | 861/1194 [11:31<03:15,  1.71it/s]Evaluating raw model output:  72%|███████▏  | 862/1194 [11:32<03:09,  1.75it/s]Evaluating raw model output:  72%|███████▏  | 863/1194 [11:32<03:06,  1.77it/s]Evaluating raw model output:  72%|███████▏  | 864/1194 [11:33<03:07,  1.76it/s]Evaluating raw model output:  72%|███████▏  | 865/1194 [11:34<03:43,  1.47it/s]Evaluating raw model output:  73%|███████▎  | 866/1194 [11:34<03:28,  1.58it/s]Evaluating raw model output:  73%|███████▎  | 867/1194 [11:35<03:59,  1.37it/s]Evaluating raw model output:  73%|███████▎  | 868/1194 [11:36<03:37,  1.50it/s]Evaluating raw model output:  73%|███████▎  | 869/1194 [11:36<03:23,  1.60it/s]Evaluating raw model output:  73%|███████▎  | 870/1194 [11:37<03:49,  1.41it/s]Evaluating raw model output:  73%|███████▎  | 871/1194 [11:38<03:33,  1.51it/s]Evaluating raw model output:  73%|███████▎  | 872/1194 [11:38<03:22,  1.59it/s]Evaluating raw model output:  73%|███████▎  | 873/1194 [11:39<03:16,  1.63it/s]Evaluating raw model output:  73%|███████▎  | 874/1194 [11:39<03:06,  1.72it/s]Evaluating raw model output:  73%|███████▎  | 875/1194 [11:40<03:00,  1.77it/s]Evaluating raw model output:  73%|███████▎  | 876/1194 [11:40<02:58,  1.78it/s]Evaluating raw model output:  73%|███████▎  | 877/1194 [11:41<02:55,  1.81it/s]Evaluating raw model output:  74%|███████▎  | 878/1194 [11:41<02:46,  1.90it/s]Evaluating raw model output:  74%|███████▎  | 879/1194 [11:42<02:46,  1.89it/s]Evaluating raw model output:  74%|███████▎  | 880/1194 [11:42<02:46,  1.89it/s]Evaluating raw model output:  74%|███████▍  | 881/1194 [11:43<03:22,  1.55it/s]Evaluating raw model output:  74%|███████▍  | 882/1194 [11:44<03:49,  1.36it/s]Evaluating raw model output:  74%|███████▍  | 883/1194 [11:45<04:01,  1.29it/s]Evaluating raw model output:  74%|███████▍  | 884/1194 [11:46<04:27,  1.16it/s]Evaluating raw model output:  74%|███████▍  | 885/1194 [11:47<04:41,  1.10it/s]Evaluating raw model output:  74%|███████▍  | 886/1194 [11:48<04:06,  1.25it/s]Evaluating raw model output:  74%|███████▍  | 887/1194 [11:49<04:30,  1.13it/s]Evaluating raw model output:  74%|███████▍  | 888/1194 [11:49<03:59,  1.28it/s]Evaluating raw model output:  74%|███████▍  | 889/1194 [11:51<05:25,  1.07s/it]Evaluating raw model output:  75%|███████▍  | 890/1194 [11:52<04:37,  1.09it/s]Evaluating raw model output:  75%|███████▍  | 891/1194 [11:52<04:02,  1.25it/s]Evaluating raw model output:  75%|███████▍  | 892/1194 [11:53<03:40,  1.37it/s]Evaluating raw model output:  75%|███████▍  | 893/1194 [11:54<04:28,  1.12it/s]Evaluating raw model output:  75%|███████▍  | 894/1194 [11:55<03:54,  1.28it/s]Evaluating raw model output:  75%|███████▍  | 895/1194 [11:56<04:58,  1.00it/s]Evaluating raw model output:  75%|███████▌  | 896/1194 [11:57<04:13,  1.17it/s]Evaluating raw model output:  75%|███████▌  | 897/1194 [11:58<04:36,  1.07it/s]Evaluating raw model output:  75%|███████▌  | 898/1194 [11:58<04:02,  1.22it/s]Evaluating raw model output:  75%|███████▌  | 899/1194 [12:00<04:53,  1.00it/s]Evaluating raw model output:  75%|███████▌  | 900/1194 [12:00<04:15,  1.15it/s]Evaluating raw model output:  75%|███████▌  | 901/1194 [12:01<03:56,  1.24it/s]Evaluating raw model output:  76%|███████▌  | 902/1194 [12:01<03:31,  1.38it/s]Evaluating raw model output:  76%|███████▌  | 903/1194 [12:02<03:12,  1.51it/s]Evaluating raw model output:  76%|███████▌  | 904/1194 [12:02<03:01,  1.60it/s]Evaluating raw model output:  76%|███████▌  | 905/1194 [12:03<02:52,  1.67it/s]Evaluating raw model output:  76%|███████▌  | 906/1194 [12:04<02:47,  1.72it/s]Evaluating raw model output:  76%|███████▌  | 907/1194 [12:04<02:41,  1.77it/s]Evaluating raw model output:  76%|███████▌  | 908/1194 [12:05<03:12,  1.49it/s]Evaluating raw model output:  76%|███████▌  | 909/1194 [12:06<03:10,  1.50it/s]Evaluating raw model output:  76%|███████▌  | 910/1194 [12:06<02:55,  1.62it/s]Evaluating raw model output:  76%|███████▋  | 911/1194 [12:07<02:55,  1.61it/s]Evaluating raw model output:  76%|███████▋  | 912/1194 [12:07<02:48,  1.68it/s]Evaluating raw model output:  76%|███████▋  | 913/1194 [12:08<02:40,  1.75it/s]Evaluating raw model output:  77%|███████▋  | 914/1194 [12:08<02:40,  1.75it/s]Evaluating raw model output:  77%|███████▋  | 915/1194 [12:09<02:36,  1.78it/s]Evaluating raw model output:  77%|███████▋  | 916/1194 [12:10<03:40,  1.26it/s]Evaluating raw model output:  77%|███████▋  | 917/1194 [12:11<03:22,  1.37it/s]Evaluating raw model output:  77%|███████▋  | 918/1194 [12:11<03:07,  1.47it/s]Evaluating raw model output:  77%|███████▋  | 919/1194 [12:12<02:59,  1.53it/s]Evaluating raw model output:  77%|███████▋  | 920/1194 [12:13<02:51,  1.60it/s]Evaluating raw model output:  77%|███████▋  | 921/1194 [12:14<03:16,  1.39it/s]Evaluating raw model output:  77%|███████▋  | 922/1194 [12:14<03:06,  1.46it/s]Evaluating raw model output:  77%|███████▋  | 923/1194 [12:15<02:56,  1.53it/s]Evaluating raw model output:  77%|███████▋  | 924/1194 [12:16<03:21,  1.34it/s]Evaluating raw model output:  77%|███████▋  | 925/1194 [12:16<03:00,  1.49it/s]Evaluating raw model output:  78%|███████▊  | 926/1194 [12:17<02:49,  1.58it/s]Evaluating raw model output:  78%|███████▊  | 927/1194 [12:17<02:45,  1.61it/s]Evaluating raw model output:  78%|███████▊  | 928/1194 [12:18<02:40,  1.66it/s]Evaluating raw model output:  78%|███████▊  | 929/1194 [12:18<02:39,  1.66it/s]Evaluating raw model output:  78%|███████▊  | 930/1194 [12:19<02:35,  1.69it/s]Evaluating raw model output:  78%|███████▊  | 931/1194 [12:20<02:34,  1.70it/s]Evaluating raw model output:  78%|███████▊  | 932/1194 [12:20<02:36,  1.67it/s]Evaluating raw model output:  78%|███████▊  | 933/1194 [12:21<02:31,  1.72it/s]Evaluating raw model output:  78%|███████▊  | 934/1194 [12:21<02:27,  1.76it/s]Evaluating raw model output:  78%|███████▊  | 935/1194 [12:22<02:29,  1.74it/s]Evaluating raw model output:  78%|███████▊  | 936/1194 [12:23<02:36,  1.64it/s]Evaluating raw model output:  78%|███████▊  | 937/1194 [12:23<02:31,  1.70it/s]Evaluating raw model output:  79%|███████▊  | 938/1194 [12:25<03:32,  1.21it/s]Evaluating raw model output:  79%|███████▊  | 939/1194 [12:25<03:15,  1.31it/s]Evaluating raw model output:  79%|███████▊  | 940/1194 [12:26<03:07,  1.35it/s]Evaluating raw model output:  79%|███████▉  | 941/1194 [12:26<02:54,  1.45it/s]Evaluating raw model output:  79%|███████▉  | 942/1194 [12:27<02:38,  1.59it/s]Evaluating raw model output:  79%|███████▉  | 943/1194 [12:28<02:59,  1.40it/s]Evaluating raw model output:  79%|███████▉  | 944/1194 [12:28<02:48,  1.48it/s]Evaluating raw model output:  79%|███████▉  | 945/1194 [12:29<02:39,  1.56it/s]Evaluating raw model output:  79%|███████▉  | 946/1194 [12:29<02:32,  1.63it/s]Evaluating raw model output:  79%|███████▉  | 947/1194 [12:30<02:22,  1.74it/s]Evaluating raw model output:  79%|███████▉  | 948/1194 [12:31<02:20,  1.75it/s]Evaluating raw model output:  79%|███████▉  | 949/1194 [12:32<03:11,  1.28it/s]Evaluating raw model output:  80%|███████▉  | 950/1194 [12:32<02:53,  1.41it/s]Evaluating raw model output:  80%|███████▉  | 951/1194 [12:33<02:41,  1.50it/s]Evaluating raw model output:  80%|███████▉  | 952/1194 [12:33<02:32,  1.59it/s]Evaluating raw model output:  80%|███████▉  | 953/1194 [12:34<02:24,  1.66it/s]Evaluating raw model output:  80%|███████▉  | 954/1194 [12:35<02:22,  1.68it/s]Evaluating raw model output:  80%|███████▉  | 955/1194 [12:35<02:18,  1.72it/s]Evaluating raw model output:  80%|████████  | 956/1194 [12:36<03:05,  1.28it/s]Evaluating raw model output:  80%|████████  | 957/1194 [12:37<02:51,  1.38it/s]Evaluating raw model output:  80%|████████  | 958/1194 [12:37<02:32,  1.55it/s]Evaluating raw model output:  80%|████████  | 959/1194 [12:38<02:48,  1.39it/s]Evaluating raw model output:  80%|████████  | 960/1194 [12:39<02:36,  1.49it/s]Evaluating raw model output:  80%|████████  | 961/1194 [12:39<02:26,  1.59it/s]Evaluating raw model output:  81%|████████  | 962/1194 [12:41<03:03,  1.26it/s]Evaluating raw model output:  81%|████████  | 963/1194 [12:41<02:53,  1.33it/s]Evaluating raw model output:  81%|████████  | 964/1194 [12:43<03:36,  1.06it/s]Evaluating raw model output:  81%|████████  | 965/1194 [12:43<03:10,  1.20it/s]Evaluating raw model output:  81%|████████  | 966/1194 [12:44<02:52,  1.32it/s]Evaluating raw model output:  81%|████████  | 967/1194 [12:44<02:36,  1.45it/s]Evaluating raw model output:  81%|████████  | 968/1194 [12:45<03:02,  1.24it/s]Evaluating raw model output:  81%|████████  | 969/1194 [12:46<02:45,  1.36it/s]Evaluating raw model output:  81%|████████  | 970/1194 [12:46<02:31,  1.48it/s]Evaluating raw model output:  81%|████████▏ | 971/1194 [12:47<02:23,  1.55it/s]Evaluating raw model output:  81%|████████▏ | 972/1194 [12:48<03:04,  1.20it/s]Evaluating raw model output:  81%|████████▏ | 973/1194 [12:49<02:48,  1.31it/s]Evaluating raw model output:  82%|████████▏ | 974/1194 [12:49<02:32,  1.45it/s]Evaluating raw model output:  82%|████████▏ | 975/1194 [12:50<02:22,  1.54it/s]Evaluating raw model output:  82%|████████▏ | 976/1194 [12:51<02:43,  1.34it/s]Evaluating raw model output:  82%|████████▏ | 977/1194 [12:52<02:30,  1.44it/s]Evaluating raw model output:  82%|████████▏ | 978/1194 [12:52<02:45,  1.30it/s]Evaluating raw model output:  82%|████████▏ | 979/1194 [12:53<02:37,  1.37it/s]Evaluating raw model output:  82%|████████▏ | 980/1194 [12:54<02:31,  1.41it/s]Evaluating raw model output:  82%|████████▏ | 981/1194 [12:54<02:20,  1.52it/s]Evaluating raw model output:  82%|████████▏ | 982/1194 [12:55<02:26,  1.44it/s]Evaluating raw model output:  82%|████████▏ | 983/1194 [12:56<02:16,  1.54it/s]Evaluating raw model output:  82%|████████▏ | 984/1194 [12:57<03:18,  1.06it/s]Evaluating raw model output:  82%|████████▏ | 985/1194 [12:58<02:50,  1.22it/s]Evaluating raw model output:  83%|████████▎ | 986/1194 [12:59<03:16,  1.06it/s]Evaluating raw model output:  83%|████████▎ | 987/1194 [13:00<02:51,  1.21it/s]Evaluating raw model output:  83%|████████▎ | 988/1194 [13:00<02:31,  1.36it/s]Evaluating raw model output:  83%|████████▎ | 989/1194 [13:01<02:18,  1.48it/s]Evaluating raw model output:  83%|████████▎ | 990/1194 [13:01<02:07,  1.60it/s]Evaluating raw model output:  83%|████████▎ | 991/1194 [13:02<02:06,  1.61it/s]Evaluating raw model output:  83%|████████▎ | 992/1194 [13:02<01:58,  1.71it/s]Evaluating raw model output:  83%|████████▎ | 993/1194 [13:03<01:58,  1.69it/s]Evaluating raw model output:  83%|████████▎ | 994/1194 [13:03<01:53,  1.76it/s]Evaluating raw model output:  83%|████████▎ | 995/1194 [13:04<01:51,  1.79it/s]Evaluating raw model output:  83%|████████▎ | 996/1194 [13:05<01:54,  1.74it/s]Evaluating raw model output:  84%|████████▎ | 997/1194 [13:06<02:22,  1.38it/s]Evaluating raw model output:  84%|████████▎ | 998/1194 [13:07<02:33,  1.27it/s]Evaluating raw model output:  84%|████████▎ | 999/1194 [13:07<02:20,  1.39it/s]Evaluating raw model output:  84%|████████▍ | 1000/1194 [13:08<02:08,  1.51it/s]Evaluating raw model output:  84%|████████▍ | 1001/1194 [13:08<01:57,  1.64it/s]Evaluating raw model output:  84%|████████▍ | 1002/1194 [13:09<01:53,  1.69it/s]Evaluating raw model output:  84%|████████▍ | 1003/1194 [13:10<02:13,  1.43it/s]Evaluating raw model output:  84%|████████▍ | 1004/1194 [13:10<02:09,  1.47it/s]Evaluating raw model output:  84%|████████▍ | 1005/1194 [13:11<02:01,  1.55it/s]Evaluating raw model output:  84%|████████▍ | 1006/1194 [13:11<01:57,  1.59it/s]Evaluating raw model output:  84%|████████▍ | 1007/1194 [13:12<01:54,  1.63it/s]Evaluating raw model output:  84%|████████▍ | 1008/1194 [13:13<02:13,  1.39it/s]Evaluating raw model output:  85%|████████▍ | 1009/1194 [13:14<02:04,  1.48it/s]Evaluating raw model output:  85%|████████▍ | 1010/1194 [13:14<01:57,  1.57it/s]Evaluating raw model output:  85%|████████▍ | 1011/1194 [13:15<02:08,  1.42it/s]Evaluating raw model output:  85%|████████▍ | 1012/1194 [13:15<01:55,  1.57it/s]Evaluating raw model output:  85%|████████▍ | 1013/1194 [13:16<02:13,  1.35it/s]Evaluating raw model output:  85%|████████▍ | 1014/1194 [13:17<02:06,  1.43it/s]Evaluating raw model output:  85%|████████▌ | 1015/1194 [13:18<01:57,  1.52it/s]Evaluating raw model output:  85%|████████▌ | 1016/1194 [13:18<01:53,  1.57it/s]Evaluating raw model output:  85%|████████▌ | 1017/1194 [13:19<02:27,  1.20it/s]Evaluating raw model output:  85%|████████▌ | 1018/1194 [13:20<02:10,  1.35it/s]Evaluating raw model output:  85%|████████▌ | 1019/1194 [13:21<01:58,  1.48it/s]Evaluating raw model output:  85%|████████▌ | 1020/1194 [13:21<01:51,  1.55it/s]Evaluating raw model output:  86%|████████▌ | 1021/1194 [13:22<01:47,  1.61it/s]Evaluating raw model output:  86%|████████▌ | 1022/1194 [13:22<01:40,  1.70it/s]Evaluating raw model output:  86%|████████▌ | 1023/1194 [13:23<01:34,  1.81it/s]Evaluating raw model output:  86%|████████▌ | 1024/1194 [13:23<01:33,  1.82it/s]Evaluating raw model output:  86%|████████▌ | 1025/1194 [13:24<01:32,  1.82it/s]Evaluating raw model output:  86%|████████▌ | 1026/1194 [13:24<01:30,  1.85it/s]Evaluating raw model output:  86%|████████▌ | 1027/1194 [13:25<02:03,  1.35it/s]Evaluating raw model output:  86%|████████▌ | 1028/1194 [13:26<02:12,  1.26it/s]Evaluating raw model output:  86%|████████▌ | 1029/1194 [13:27<01:56,  1.42it/s]Evaluating raw model output:  86%|████████▋ | 1030/1194 [13:27<01:44,  1.58it/s]Evaluating raw model output:  86%|████████▋ | 1031/1194 [13:28<01:39,  1.64it/s]Evaluating raw model output:  86%|████████▋ | 1032/1194 [13:28<01:36,  1.68it/s]Evaluating raw model output:  87%|████████▋ | 1033/1194 [13:29<01:30,  1.78it/s]Evaluating raw model output:  87%|████████▋ | 1034/1194 [13:30<01:34,  1.69it/s]Evaluating raw model output:  87%|████████▋ | 1035/1194 [13:30<01:37,  1.63it/s]Evaluating raw model output:  87%|████████▋ | 1036/1194 [13:31<01:48,  1.46it/s]Evaluating raw model output:  87%|████████▋ | 1037/1194 [13:32<01:48,  1.45it/s]Evaluating raw model output:  87%|████████▋ | 1038/1194 [13:32<01:40,  1.54it/s]Evaluating raw model output:  87%|████████▋ | 1039/1194 [13:33<01:33,  1.66it/s]Evaluating raw model output:  87%|████████▋ | 1040/1194 [13:33<01:30,  1.70it/s]Evaluating raw model output:  87%|████████▋ | 1041/1194 [13:34<01:46,  1.44it/s]Evaluating raw model output:  87%|████████▋ | 1042/1194 [13:35<01:57,  1.30it/s]Evaluating raw model output:  87%|████████▋ | 1043/1194 [13:36<02:05,  1.20it/s]Evaluating raw model output:  87%|████████▋ | 1044/1194 [13:37<01:51,  1.34it/s]Evaluating raw model output:  88%|████████▊ | 1045/1194 [13:38<02:08,  1.16it/s]Evaluating raw model output:  88%|████████▊ | 1046/1194 [13:38<01:53,  1.31it/s]Evaluating raw model output:  88%|████████▊ | 1047/1194 [13:40<02:13,  1.10it/s]Evaluating raw model output:  88%|████████▊ | 1048/1194 [13:40<01:59,  1.22it/s]Evaluating raw model output:  88%|████████▊ | 1049/1194 [13:41<01:46,  1.36it/s]Evaluating raw model output:  88%|████████▊ | 1050/1194 [13:41<01:35,  1.51it/s]Evaluating raw model output:  88%|████████▊ | 1051/1194 [13:42<01:30,  1.59it/s]Evaluating raw model output:  88%|████████▊ | 1052/1194 [13:43<01:27,  1.63it/s]Evaluating raw model output:  88%|████████▊ | 1053/1194 [13:43<01:22,  1.71it/s]Evaluating raw model output:  88%|████████▊ | 1054/1194 [13:44<01:20,  1.74it/s]Evaluating raw model output:  88%|████████▊ | 1055/1194 [13:44<01:18,  1.78it/s]Evaluating raw model output:  88%|████████▊ | 1056/1194 [13:45<01:16,  1.80it/s]Evaluating raw model output:  89%|████████▊ | 1057/1194 [13:45<01:15,  1.81it/s]Evaluating raw model output:  89%|████████▊ | 1058/1194 [13:46<01:14,  1.83it/s]Evaluating raw model output:  89%|████████▊ | 1059/1194 [13:46<01:18,  1.72it/s]Evaluating raw model output:  89%|████████▉ | 1060/1194 [13:47<01:15,  1.78it/s]Evaluating raw model output:  89%|████████▉ | 1061/1194 [13:48<01:31,  1.45it/s]Evaluating raw model output:  89%|████████▉ | 1062/1194 [13:48<01:25,  1.54it/s]Evaluating raw model output:  89%|████████▉ | 1063/1194 [13:50<01:51,  1.17it/s]Evaluating raw model output:  89%|████████▉ | 1064/1194 [13:50<01:40,  1.29it/s]Evaluating raw model output:  89%|████████▉ | 1065/1194 [13:51<01:31,  1.42it/s]Evaluating raw model output:  89%|████████▉ | 1066/1194 [13:52<01:41,  1.26it/s]Evaluating raw model output:  89%|████████▉ | 1067/1194 [13:53<01:35,  1.33it/s]Evaluating raw model output:  89%|████████▉ | 1068/1194 [13:53<01:28,  1.43it/s]Evaluating raw model output:  90%|████████▉ | 1069/1194 [13:54<01:21,  1.53it/s]Evaluating raw model output:  90%|████████▉ | 1070/1194 [13:54<01:17,  1.61it/s]Evaluating raw model output:  90%|████████▉ | 1071/1194 [13:55<01:14,  1.66it/s]Evaluating raw model output:  90%|████████▉ | 1072/1194 [13:55<01:10,  1.73it/s]Evaluating raw model output:  90%|████████▉ | 1073/1194 [13:56<01:10,  1.72it/s]Evaluating raw model output:  90%|████████▉ | 1074/1194 [13:56<01:08,  1.75it/s]Evaluating raw model output:  90%|█████████ | 1075/1194 [13:57<01:08,  1.73it/s]Evaluating raw model output:  90%|█████████ | 1076/1194 [13:59<01:43,  1.14it/s]Evaluating raw model output:  90%|█████████ | 1077/1194 [13:59<01:32,  1.27it/s]Evaluating raw model output:  90%|█████████ | 1078/1194 [14:00<01:22,  1.40it/s]Evaluating raw model output:  90%|█████████ | 1079/1194 [14:00<01:16,  1.50it/s]Evaluating raw model output:  90%|█████████ | 1080/1194 [14:01<01:09,  1.65it/s]Evaluating raw model output:  91%|█████████ | 1081/1194 [14:01<01:08,  1.64it/s]Evaluating raw model output:  91%|█████████ | 1082/1194 [14:03<01:27,  1.28it/s]Evaluating raw model output:  91%|█████████ | 1083/1194 [14:03<01:20,  1.38it/s]Evaluating raw model output:  91%|█████████ | 1084/1194 [14:04<01:27,  1.26it/s]Evaluating raw model output:  91%|█████████ | 1085/1194 [14:05<01:18,  1.38it/s]Evaluating raw model output:  91%|█████████ | 1086/1194 [14:06<01:33,  1.16it/s]Evaluating raw model output:  91%|█████████ | 1087/1194 [14:07<01:49,  1.03s/it]Evaluating raw model output:  91%|█████████ | 1088/1194 [14:08<01:32,  1.14it/s]Evaluating raw model output:  91%|█████████ | 1089/1194 [14:08<01:21,  1.28it/s]Evaluating raw model output:  91%|█████████▏| 1090/1194 [14:09<01:12,  1.43it/s]Evaluating raw model output:  91%|█████████▏| 1091/1194 [14:10<01:23,  1.23it/s]Evaluating raw model output:  91%|█████████▏| 1092/1194 [14:11<01:35,  1.06it/s]Evaluating raw model output:  92%|█████████▏| 1093/1194 [14:12<01:26,  1.17it/s]Evaluating raw model output:  92%|█████████▏| 1094/1194 [14:12<01:15,  1.32it/s]Evaluating raw model output:  92%|█████████▏| 1095/1194 [14:13<01:08,  1.45it/s]Evaluating raw model output:  92%|█████████▏| 1096/1194 [14:14<01:14,  1.31it/s]Evaluating raw model output:  92%|█████████▏| 1097/1194 [14:14<01:07,  1.44it/s]Evaluating raw model output:  92%|█████████▏| 1098/1194 [14:15<01:05,  1.47it/s]Evaluating raw model output:  92%|█████████▏| 1099/1194 [14:16<01:00,  1.56it/s]Evaluating raw model output:  92%|█████████▏| 1100/1194 [14:16<00:57,  1.63it/s]Evaluating raw model output:  92%|█████████▏| 1101/1194 [14:17<01:07,  1.38it/s]Evaluating raw model output:  92%|█████████▏| 1102/1194 [14:18<01:03,  1.44it/s]Evaluating raw model output:  92%|█████████▏| 1103/1194 [14:19<01:08,  1.32it/s]Evaluating raw model output:  92%|█████████▏| 1104/1194 [14:19<01:02,  1.43it/s]Evaluating raw model output:  93%|█████████▎| 1105/1194 [14:20<00:57,  1.55it/s]Evaluating raw model output:  93%|█████████▎| 1106/1194 [14:20<00:54,  1.62it/s]Evaluating raw model output:  93%|█████████▎| 1107/1194 [14:22<01:16,  1.13it/s]Evaluating raw model output:  93%|█████████▎| 1108/1194 [14:23<01:21,  1.06it/s]Evaluating raw model output:  93%|█████████▎| 1109/1194 [14:24<01:21,  1.04it/s]Evaluating raw model output:  93%|█████████▎| 1110/1194 [14:24<01:08,  1.22it/s]Evaluating raw model output:  93%|█████████▎| 1111/1194 [14:25<01:01,  1.36it/s]Evaluating raw model output:  93%|█████████▎| 1112/1194 [14:25<00:56,  1.46it/s]Evaluating raw model output:  93%|█████████▎| 1113/1194 [14:26<00:52,  1.55it/s]Evaluating raw model output:  93%|█████████▎| 1114/1194 [14:28<01:13,  1.08it/s]Evaluating raw model output:  93%|█████████▎| 1115/1194 [14:28<01:03,  1.25it/s]Evaluating raw model output:  93%|█████████▎| 1116/1194 [14:29<01:10,  1.10it/s]Evaluating raw model output:  94%|█████████▎| 1117/1194 [14:30<01:01,  1.25it/s]Evaluating raw model output:  94%|█████████▎| 1118/1194 [14:30<00:56,  1.35it/s]Evaluating raw model output:  94%|█████████▎| 1119/1194 [14:31<00:51,  1.47it/s]Evaluating raw model output:  94%|█████████▍| 1120/1194 [14:32<00:56,  1.30it/s]Evaluating raw model output:  94%|█████████▍| 1121/1194 [14:32<00:50,  1.44it/s]Evaluating raw model output:  94%|█████████▍| 1122/1194 [14:33<00:48,  1.50it/s]Evaluating raw model output:  94%|█████████▍| 1123/1194 [14:34<00:45,  1.56it/s]Evaluating raw model output:  94%|█████████▍| 1124/1194 [14:34<00:43,  1.62it/s]Evaluating raw model output:  94%|█████████▍| 1125/1194 [14:35<00:48,  1.42it/s]Evaluating raw model output:  94%|█████████▍| 1126/1194 [14:36<00:45,  1.48it/s]Evaluating raw model output:  94%|█████████▍| 1127/1194 [14:36<00:42,  1.57it/s]Evaluating raw model output:  94%|█████████▍| 1128/1194 [14:37<00:46,  1.41it/s]Evaluating raw model output:  95%|█████████▍| 1129/1194 [14:38<00:41,  1.56it/s]Evaluating raw model output:  95%|█████████▍| 1130/1194 [14:38<00:39,  1.61it/s]Evaluating raw model output:  95%|█████████▍| 1131/1194 [14:39<00:36,  1.73it/s]Evaluating raw model output:  95%|█████████▍| 1132/1194 [14:39<00:35,  1.72it/s]Evaluating raw model output:  95%|█████████▍| 1133/1194 [14:40<00:34,  1.75it/s]Evaluating raw model output:  95%|█████████▍| 1134/1194 [14:40<00:33,  1.80it/s]Evaluating raw model output:  95%|█████████▌| 1135/1194 [14:41<00:32,  1.81it/s]Evaluating raw model output:  95%|█████████▌| 1136/1194 [14:42<00:39,  1.46it/s]Evaluating raw model output:  95%|█████████▌| 1137/1194 [14:42<00:37,  1.51it/s]Evaluating raw model output:  95%|█████████▌| 1138/1194 [14:43<00:35,  1.58it/s]Evaluating raw model output:  95%|█████████▌| 1139/1194 [14:44<00:33,  1.64it/s]Evaluating raw model output:  95%|█████████▌| 1140/1194 [14:44<00:32,  1.67it/s]Evaluating raw model output:  96%|█████████▌| 1141/1194 [14:45<00:30,  1.77it/s]Evaluating raw model output:  96%|█████████▌| 1142/1194 [14:46<00:35,  1.47it/s]Evaluating raw model output:  96%|█████████▌| 1143/1194 [14:46<00:33,  1.51it/s]Evaluating raw model output:  96%|█████████▌| 1144/1194 [14:47<00:31,  1.57it/s]Evaluating raw model output:  96%|█████████▌| 1145/1194 [14:47<00:30,  1.63it/s]Evaluating raw model output:  96%|█████████▌| 1146/1194 [14:48<00:28,  1.68it/s]Evaluating raw model output:  96%|█████████▌| 1147/1194 [14:48<00:27,  1.73it/s]Evaluating raw model output:  96%|█████████▌| 1148/1194 [14:49<00:26,  1.74it/s]Evaluating raw model output:  96%|█████████▌| 1149/1194 [14:50<00:25,  1.73it/s]Evaluating raw model output:  96%|█████████▋| 1150/1194 [14:50<00:25,  1.73it/s]Evaluating raw model output:  96%|█████████▋| 1151/1194 [14:51<00:33,  1.28it/s]Evaluating raw model output:  96%|█████████▋| 1152/1194 [14:52<00:30,  1.39it/s]Evaluating raw model output:  97%|█████████▋| 1153/1194 [14:53<00:27,  1.49it/s]Evaluating raw model output:  97%|█████████▋| 1154/1194 [14:53<00:25,  1.58it/s]Evaluating raw model output:  97%|█████████▋| 1155/1194 [14:54<00:23,  1.65it/s]Evaluating raw model output:  97%|█████████▋| 1156/1194 [14:54<00:22,  1.73it/s]Evaluating raw model output:  97%|█████████▋| 1157/1194 [14:55<00:21,  1.73it/s]Evaluating raw model output:  97%|█████████▋| 1158/1194 [14:56<00:25,  1.42it/s]Evaluating raw model output:  97%|█████████▋| 1159/1194 [14:56<00:23,  1.51it/s]Evaluating raw model output:  97%|█████████▋| 1160/1194 [14:57<00:21,  1.58it/s]Evaluating raw model output:  97%|█████████▋| 1161/1194 [14:58<00:27,  1.22it/s]Evaluating raw model output:  97%|█████████▋| 1162/1194 [14:59<00:23,  1.37it/s]Evaluating raw model output:  97%|█████████▋| 1163/1194 [14:59<00:20,  1.51it/s]Evaluating raw model output:  97%|█████████▋| 1164/1194 [15:00<00:17,  1.67it/s]Evaluating raw model output:  98%|█████████▊| 1165/1194 [15:00<00:16,  1.72it/s]Evaluating raw model output:  98%|█████████▊| 1166/1194 [15:01<00:19,  1.45it/s]Evaluating raw model output:  98%|█████████▊| 1167/1194 [15:02<00:17,  1.57it/s]Evaluating raw model output:  98%|█████████▊| 1168/1194 [15:02<00:15,  1.67it/s]Evaluating raw model output:  98%|█████████▊| 1169/1194 [15:03<00:19,  1.30it/s]Evaluating raw model output:  98%|█████████▊| 1170/1194 [15:04<00:19,  1.24it/s]Evaluating raw model output:  98%|█████████▊| 1171/1194 [15:05<00:19,  1.17it/s]Evaluating raw model output:  98%|█████████▊| 1172/1194 [15:06<00:16,  1.32it/s]Evaluating raw model output:  98%|█████████▊| 1173/1194 [15:06<00:14,  1.45it/s]Evaluating raw model output:  98%|█████████▊| 1174/1194 [15:07<00:13,  1.52it/s]Evaluating raw model output:  98%|█████████▊| 1175/1194 [15:07<00:11,  1.60it/s]Evaluating raw model output:  98%|█████████▊| 1176/1194 [15:08<00:10,  1.73it/s]Evaluating raw model output:  99%|█████████▊| 1177/1194 [15:09<00:12,  1.33it/s]Evaluating raw model output:  99%|█████████▊| 1178/1194 [15:10<00:11,  1.43it/s]Evaluating raw model output:  99%|█████████▊| 1179/1194 [15:11<00:12,  1.16it/s]Evaluating raw model output:  99%|█████████▉| 1180/1194 [15:11<00:10,  1.31it/s]Evaluating raw model output:  99%|█████████▉| 1181/1194 [15:12<00:09,  1.44it/s]Evaluating raw model output:  99%|█████████▉| 1182/1194 [15:12<00:07,  1.60it/s]Evaluating raw model output:  99%|█████████▉| 1183/1194 [15:13<00:06,  1.59it/s]Evaluating raw model output:  99%|█████████▉| 1184/1194 [15:13<00:05,  1.68it/s]Evaluating raw model output:  99%|█████████▉| 1185/1194 [15:14<00:05,  1.79it/s]Evaluating raw model output:  99%|█████████▉| 1186/1194 [15:14<00:04,  1.86it/s]Evaluating raw model output:  99%|█████████▉| 1187/1194 [15:15<00:04,  1.44it/s]Evaluating raw model output:  99%|█████████▉| 1188/1194 [15:16<00:03,  1.58it/s]Evaluating raw model output: 100%|█████████▉| 1189/1194 [15:17<00:03,  1.41it/s]Evaluating raw model output: 100%|█████████▉| 1190/1194 [15:17<00:02,  1.52it/s]Evaluating raw model output: 100%|█████████▉| 1191/1194 [15:18<00:01,  1.60it/s]Evaluating raw model output: 100%|█████████▉| 1192/1194 [15:19<00:01,  1.64it/s]Evaluating raw model output: 100%|█████████▉| 1193/1194 [15:19<00:00,  1.66it/s]Evaluating raw model output: 100%|██████████| 1194/1194 [15:20<00:00,  1.47it/s]Evaluating raw model output: 100%|██████████| 1194/1194 [15:20<00:00,  1.30it/s]

==================== 原始模型结果（无校准） ====================
Unseen mAP: 22.07
============================================================
The mAP is 25.54, rare: 22.78, none-rare: 26.37,
>>> zero-shot setting(unseen_verb!!)
full mAP: 25.54 unseen: 22.07 seen: 26.11
[Checkpoint] New best unseen mAP=22.0687 at epoch 1: /root/autodl-tmp/Lain/reviewer_revision/14_uv_lain_matched_seed66/checkpoints/best_unseen.pt
==> Iteration 4500 | Interaction Loss: 1.4621
Epoch [2/20], Iter. [0056/4444], Loss: 1.3502, Time/iter[Data/Train/Total]: [0.004s/2.052s/2.056s], Window[Data/Train]: [1.91s/1026.20s], Remain: 2:30:22.704041
==> Iteration 5000 | Interaction Loss: 0.8724
Epoch [2/20], Iter. [0556/4444], Loss: 1.3100, Time/iter[Data/Train/Total]: [0.002s/1.894s/1.896s], Window[Data/Train]: [0.98s/947.06s], Remain: 2:02:51.910497
==> Iteration 5500 | Interaction Loss: 1.2783
Epoch [2/20], Iter. [1056/4444], Loss: 1.3191, Time/iter[Data/Train/Total]: [0.002s/1.844s/1.846s], Window[Data/Train]: [0.97s/921.86s], Remain: 1:44:13.046354
==> Iteration 6000 | Interaction Loss: 1.2628
Epoch [2/20], Iter. [1556/4444], Loss: 1.3130, Time/iter[Data/Train/Total]: [0.002s/1.880s/1.882s], Window[Data/Train]: [0.99s/939.78s], Remain: 1:30:33.864714
==> Iteration 6500 | Interaction Loss: 1.4956
Epoch [2/20], Iter. [2056/4444], Loss: 1.3104, Time/iter[Data/Train/Total]: [0.002s/1.874s/1.876s], Window[Data/Train]: [0.99s/936.89s], Remain: 1:14:39.322135
==> Iteration 7000 | Interaction Loss: 0.8767
Epoch [2/20], Iter. [2556/4444], Loss: 1.2863, Time/iter[Data/Train/Total]: [0.002s/1.858s/1.860s], Window[Data/Train]: [0.95s/929.05s], Remain: 0:58:31.688302
==> Iteration 7500 | Interaction Loss: 1.4475
Epoch [2/20], Iter. [3056/4444], Loss: 1.2656, Time/iter[Data/Train/Total]: [0.002s/1.892s/1.894s], Window[Data/Train]: [0.99s/946.11s], Remain: 0:43:49.132599
==> Iteration 8000 | Interaction Loss: 1.2128
Epoch [2/20], Iter. [3556/4444], Loss: 1.2952, Time/iter[Data/Train/Total]: [0.002s/1.876s/1.878s], Window[Data/Train]: [0.99s/937.78s], Remain: 0:27:47.259346
==> Iteration 8500 | Interaction Loss: 1.1387
Epoch [2/20], Iter. [4056/4444], Loss: 1.2838, Time/iter[Data/Train/Total]: [0.002s/1.929s/1.931s], Window[Data/Train]: [1.12s/964.56s], Remain: 0:12:29.370069
Evaluating raw model output:   0%|          | 0/1194 [00:00<?, ?it/s]Evaluating raw model output:   0%|          | 1/1194 [00:04<1:21:57,  4.12s/it]Evaluating raw model output:   0%|          | 2/1194 [00:05<53:59,  2.72s/it]  Evaluating raw model output:   0%|          | 3/1194 [00:07<43:57,  2.21s/it]Evaluating raw model output:   0%|          | 4/1194 [00:08<31:40,  1.60s/it]Evaluating raw model output:   0%|          | 5/1194 [00:09<29:13,  1.48s/it]Evaluating raw model output:   1%|          | 6/1194 [00:11<31:15,  1.58s/it]Evaluating raw model output:   1%|          | 7/1194 [00:12<31:06,  1.57s/it]Evaluating raw model output:   1%|          | 8/1194 [00:14<29:15,  1.48s/it]Evaluating raw model output:   1%|          | 9/1194 [00:14<23:40,  1.20s/it]Evaluating raw model output:   1%|          | 10/1194 [00:15<19:45,  1.00s/it]Evaluating raw model output:   1%|          | 11/1194 [00:16<22:04,  1.12s/it]Evaluating raw model output:   1%|          | 12/1194 [00:17<18:45,  1.05it/s]Evaluating raw model output:   1%|          | 13/1194 [00:17<17:08,  1.15it/s]Evaluating raw model output:   1%|          | 14/1194 [00:19<20:22,  1.04s/it]Evaluating raw model output:   1%|▏         | 15/1194 [00:19<18:21,  1.07it/s]Evaluating raw model output:   1%|▏         | 16/1194 [00:21<20:00,  1.02s/it]Evaluating raw model output:   1%|▏         | 17/1194 [00:22<22:39,  1.16s/it]Evaluating raw model output:   2%|▏         | 18/1194 [00:23<22:54,  1.17s/it]Evaluating raw model output:   2%|▏         | 19/1194 [00:25<25:32,  1.30s/it]Evaluating raw model output:   2%|▏         | 20/1194 [00:26<23:52,  1.22s/it]Evaluating raw model output:   2%|▏         | 21/1194 [00:26<19:48,  1.01s/it]Evaluating raw model output:   2%|▏         | 22/1194 [00:27<17:19,  1.13it/s]Evaluating raw model output:   2%|▏         | 23/1194 [00:28<15:37,  1.25it/s]Evaluating raw model output:   2%|▏         | 24/1194 [00:28<14:46,  1.32it/s]Evaluating raw model output:   2%|▏         | 25/1194 [00:30<19:33,  1.00s/it]Evaluating raw model output:   2%|▏         | 26/1194 [00:30<17:00,  1.14it/s]Evaluating raw model output:   2%|▏         | 27/1194 [00:32<21:46,  1.12s/it]Evaluating raw model output:   2%|▏         | 28/1194 [00:34<23:56,  1.23s/it]Evaluating raw model output:   2%|▏         | 29/1194 [00:34<20:49,  1.07s/it]Evaluating raw model output:   3%|▎         | 30/1194 [00:35<17:47,  1.09it/s]Evaluating raw model output:   3%|▎         | 31/1194 [00:36<19:28,  1.00s/it]Evaluating raw model output:   3%|▎         | 32/1194 [00:38<23:33,  1.22s/it]Evaluating raw model output:   3%|▎         | 33/1194 [00:39<23:18,  1.20s/it]Evaluating raw model output:   3%|▎         | 34/1194 [00:40<20:39,  1.07s/it]Evaluating raw model output:   3%|▎         | 35/1194 [00:41<23:18,  1.21s/it]Evaluating raw model output:   3%|▎         | 36/1194 [00:43<26:48,  1.39s/it]Evaluating raw model output:   3%|▎         | 37/1194 [00:44<22:45,  1.18s/it]Evaluating raw model output:   3%|▎         | 38/1194 [00:45<20:27,  1.06s/it]Evaluating raw model output:   3%|▎         | 39/1194 [00:45<19:37,  1.02s/it]Evaluating raw model output:   3%|▎         | 40/1194 [00:47<24:40,  1.28s/it]Evaluating raw model output:   3%|▎         | 41/1194 [00:48<22:23,  1.16s/it]Evaluating raw model output:   4%|▎         | 42/1194 [00:50<23:06,  1.20s/it]Evaluating raw model output:   4%|▎         | 43/1194 [00:51<21:59,  1.15s/it]Evaluating raw model output:   4%|▎         | 44/1194 [00:51<19:34,  1.02s/it]Evaluating raw model output:   4%|▍         | 45/1194 [00:52<17:03,  1.12it/s]Evaluating raw model output:   4%|▍         | 46/1194 [00:53<19:35,  1.02s/it]Evaluating raw model output:   4%|▍         | 47/1194 [00:54<17:30,  1.09it/s]Evaluating raw model output:   4%|▍         | 48/1194 [00:55<15:46,  1.21it/s]Evaluating raw model output:   4%|▍         | 49/1194 [00:56<21:17,  1.12s/it]Evaluating raw model output:   4%|▍         | 50/1194 [00:57<18:08,  1.05it/s]Evaluating raw model output:   4%|▍         | 51/1194 [00:58<16:19,  1.17it/s]Evaluating raw model output:   4%|▍         | 52/1194 [00:58<14:53,  1.28it/s]Evaluating raw model output:   4%|▍         | 53/1194 [01:00<18:52,  1.01it/s]Evaluating raw model output:   5%|▍         | 54/1194 [01:01<18:29,  1.03it/s]Evaluating raw model output:   5%|▍         | 55/1194 [01:01<16:13,  1.17it/s]Evaluating raw model output:   5%|▍         | 56/1194 [01:02<15:52,  1.19it/s]Evaluating raw model output:   5%|▍         | 57/1194 [01:03<18:51,  1.01it/s]Evaluating raw model output:   5%|▍         | 58/1194 [01:05<20:42,  1.09s/it]Evaluating raw model output:   5%|▍         | 59/1194 [01:05<17:44,  1.07it/s]Evaluating raw model output:   5%|▌         | 60/1194 [01:07<22:05,  1.17s/it]Evaluating raw model output:   5%|▌         | 61/1194 [01:08<20:37,  1.09s/it]Evaluating raw model output:   5%|▌         | 62/1194 [01:08<17:17,  1.09it/s]Evaluating raw model output:   5%|▌         | 63/1194 [01:09<17:05,  1.10it/s]Evaluating raw model output:   5%|▌         | 64/1194 [01:10<15:13,  1.24it/s]Evaluating raw model output:   5%|▌         | 65/1194 [01:11<19:42,  1.05s/it]Evaluating raw model output:   6%|▌         | 66/1194 [01:13<23:06,  1.23s/it]Evaluating raw model output:   6%|▌         | 67/1194 [01:14<19:13,  1.02s/it]Evaluating raw model output:   6%|▌         | 68/1194 [01:15<21:22,  1.14s/it]Evaluating raw model output:   6%|▌         | 69/1194 [01:16<18:23,  1.02it/s]Evaluating raw model output:   6%|▌         | 70/1194 [01:16<16:06,  1.16it/s]Evaluating raw model output:   6%|▌         | 71/1194 [01:17<17:44,  1.06it/s]Evaluating raw model output:   6%|▌         | 72/1194 [01:18<15:36,  1.20it/s]Evaluating raw model output:   6%|▌         | 73/1194 [01:18<13:51,  1.35it/s]Evaluating raw model output:   6%|▌         | 74/1194 [01:19<12:42,  1.47it/s]Evaluating raw model output:   6%|▋         | 75/1194 [01:20<15:55,  1.17it/s]Evaluating raw model output:   6%|▋         | 76/1194 [01:21<14:27,  1.29it/s]Evaluating raw model output:   6%|▋         | 77/1194 [01:22<16:01,  1.16it/s]Evaluating raw model output:   7%|▋         | 78/1194 [01:23<15:13,  1.22it/s]Evaluating raw model output:   7%|▋         | 79/1194 [01:24<18:39,  1.00s/it]Evaluating raw model output:   7%|▋         | 80/1194 [01:25<16:14,  1.14it/s]Evaluating raw model output:   7%|▋         | 81/1194 [01:25<14:47,  1.25it/s]Evaluating raw model output:   7%|▋         | 82/1194 [01:27<17:33,  1.06it/s]Evaluating raw model output:   7%|▋         | 83/1194 [01:27<17:46,  1.04it/s]Evaluating raw model output:   7%|▋         | 84/1194 [01:29<20:08,  1.09s/it]Evaluating raw model output:   7%|▋         | 85/1194 [01:30<21:15,  1.15s/it]Evaluating raw model output:   7%|▋         | 86/1194 [01:31<21:04,  1.14s/it]Evaluating raw model output:   7%|▋         | 87/1194 [01:32<19:07,  1.04s/it]Evaluating raw model output:   7%|▋         | 88/1194 [01:33<18:30,  1.00s/it]Evaluating raw model output:   7%|▋         | 89/1194 [01:35<22:18,  1.21s/it]Evaluating raw model output:   8%|▊         | 90/1194 [01:35<18:48,  1.02s/it]Evaluating raw model output:   8%|▊         | 91/1194 [01:36<16:25,  1.12it/s]Evaluating raw model output:   8%|▊         | 92/1194 [01:37<18:52,  1.03s/it]Evaluating raw model output:   8%|▊         | 93/1194 [01:39<20:21,  1.11s/it]Evaluating raw model output:   8%|▊         | 94/1194 [01:40<21:03,  1.15s/it]Evaluating raw model output:   8%|▊         | 95/1194 [01:40<17:57,  1.02it/s]Evaluating raw model output:   8%|▊         | 96/1194 [01:42<21:18,  1.16s/it]Evaluating raw model output:   8%|▊         | 97/1194 [01:43<22:11,  1.21s/it]Evaluating raw model output:   8%|▊         | 98/1194 [01:44<18:41,  1.02s/it]Evaluating raw model output:   8%|▊         | 99/1194 [01:44<16:09,  1.13it/s]Evaluating raw model output:   8%|▊         | 100/1194 [01:45<15:04,  1.21it/s]Evaluating raw model output:   8%|▊         | 101/1194 [01:46<18:00,  1.01it/s]Evaluating raw model output:   9%|▊         | 102/1194 [01:47<17:36,  1.03it/s]Evaluating raw model output:   9%|▊         | 103/1194 [01:49<21:38,  1.19s/it]Evaluating raw model output:   9%|▊         | 104/1194 [01:50<21:33,  1.19s/it]Evaluating raw model output:   9%|▉         | 105/1194 [01:52<24:35,  1.35s/it]Evaluating raw model output:   9%|▉         | 106/1194 [01:53<21:56,  1.21s/it]Evaluating raw model output:   9%|▉         | 107/1194 [01:53<18:18,  1.01s/it]Evaluating raw model output:   9%|▉         | 108/1194 [01:54<17:54,  1.01it/s]Evaluating raw model output:   9%|▉         | 109/1194 [01:55<15:41,  1.15it/s]Evaluating raw model output:   9%|▉         | 110/1194 [01:56<16:43,  1.08it/s]Evaluating raw model output:   9%|▉         | 111/1194 [01:57<17:45,  1.02it/s]Evaluating raw model output:   9%|▉         | 112/1194 [01:58<16:15,  1.11it/s]Evaluating raw model output:   9%|▉         | 113/1194 [01:59<17:32,  1.03it/s]Evaluating raw model output:  10%|▉         | 114/1194 [02:00<16:06,  1.12it/s]Evaluating raw model output:  10%|▉         | 115/1194 [02:00<14:41,  1.22it/s]Evaluating raw model output:  10%|▉         | 116/1194 [02:01<13:30,  1.33it/s]Evaluating raw model output:  10%|▉         | 117/1194 [02:03<18:00,  1.00s/it]Evaluating raw model output:  10%|▉         | 118/1194 [02:03<17:37,  1.02it/s]Evaluating raw model output:  10%|▉         | 119/1194 [02:05<17:57,  1.00s/it]Evaluating raw model output:  10%|█         | 120/1194 [02:06<19:25,  1.09s/it]Evaluating raw model output:  10%|█         | 121/1194 [02:07<22:27,  1.26s/it]Evaluating raw model output:  10%|█         | 122/1194 [02:08<18:40,  1.05s/it]Evaluating raw model output:  10%|█         | 123/1194 [02:09<18:19,  1.03s/it]Evaluating raw model output:  10%|█         | 124/1194 [02:10<19:42,  1.11s/it]Evaluating raw model output:  10%|█         | 125/1194 [02:12<21:39,  1.22s/it]Evaluating raw model output:  11%|█         | 126/1194 [02:13<22:32,  1.27s/it]Evaluating raw model output:  11%|█         | 127/1194 [02:14<18:47,  1.06s/it]Evaluating raw model output:  11%|█         | 128/1194 [02:15<21:28,  1.21s/it]Evaluating raw model output:  11%|█         | 129/1194 [02:16<18:05,  1.02s/it]Evaluating raw model output:  11%|█         | 130/1194 [02:16<15:34,  1.14it/s]Evaluating raw model output:  11%|█         | 131/1194 [02:17<14:15,  1.24it/s]Evaluating raw model output:  11%|█         | 132/1194 [02:18<13:06,  1.35it/s]Evaluating raw model output:  11%|█         | 133/1194 [02:19<14:08,  1.25it/s]Evaluating raw model output:  11%|█         | 134/1194 [02:20<17:04,  1.03it/s]Evaluating raw model output:  11%|█▏        | 135/1194 [02:21<15:29,  1.14it/s]Evaluating raw model output:  11%|█▏        | 136/1194 [02:22<19:43,  1.12s/it]Evaluating raw model output:  11%|█▏        | 137/1194 [02:23<16:43,  1.05it/s]Evaluating raw model output:  12%|█▏        | 138/1194 [02:24<17:33,  1.00it/s]Evaluating raw model output:  12%|█▏        | 139/1194 [02:25<17:04,  1.03it/s]Evaluating raw model output:  12%|█▏        | 140/1194 [02:26<15:30,  1.13it/s]Evaluating raw model output:  12%|█▏        | 141/1194 [02:26<13:42,  1.28it/s]Evaluating raw model output:  12%|█▏        | 142/1194 [02:27<16:26,  1.07it/s]Evaluating raw model output:  12%|█▏        | 143/1194 [02:28<14:44,  1.19it/s]Evaluating raw model output:  12%|█▏        | 144/1194 [02:29<13:17,  1.32it/s]Evaluating raw model output:  12%|█▏        | 145/1194 [02:30<14:52,  1.18it/s]Evaluating raw model output:  12%|█▏        | 146/1194 [02:30<13:24,  1.30it/s]Evaluating raw model output:  12%|█▏        | 147/1194 [02:31<15:36,  1.12it/s]Evaluating raw model output:  12%|█▏        | 148/1194 [02:32<13:57,  1.25it/s]Evaluating raw model output:  12%|█▏        | 149/1194 [02:32<12:36,  1.38it/s]Evaluating raw model output:  13%|█▎        | 150/1194 [02:34<17:10,  1.01it/s]Evaluating raw model output:  13%|█▎        | 151/1194 [02:35<15:31,  1.12it/s]Evaluating raw model output:  13%|█▎        | 152/1194 [02:35<14:30,  1.20it/s]Evaluating raw model output:  13%|█▎        | 153/1194 [02:37<16:55,  1.02it/s]Evaluating raw model output:  13%|█▎        | 154/1194 [02:38<19:15,  1.11s/it]Evaluating raw model output:  13%|█▎        | 155/1194 [02:39<16:24,  1.06it/s]Evaluating raw model output:  13%|█▎        | 156/1194 [02:39<14:33,  1.19it/s]Evaluating raw model output:  13%|█▎        | 157/1194 [02:41<19:34,  1.13s/it]Evaluating raw model output:  13%|█▎        | 158/1194 [02:42<17:05,  1.01it/s]Evaluating raw model output:  13%|█▎        | 159/1194 [02:43<17:51,  1.04s/it]Evaluating raw model output:  13%|█▎        | 160/1194 [02:44<15:13,  1.13it/s]Evaluating raw model output:  13%|█▎        | 161/1194 [02:44<14:02,  1.23it/s]Evaluating raw model output:  14%|█▎        | 162/1194 [02:45<12:57,  1.33it/s]Evaluating raw model output:  14%|█▎        | 163/1194 [02:46<13:38,  1.26it/s]Evaluating raw model output:  14%|█▎        | 164/1194 [02:46<12:12,  1.41it/s]Evaluating raw model output:  14%|█▍        | 165/1194 [02:47<11:14,  1.52it/s]Evaluating raw model output:  14%|█▍        | 166/1194 [02:47<10:54,  1.57it/s]Evaluating raw model output:  14%|█▍        | 167/1194 [02:48<13:43,  1.25it/s]Evaluating raw model output:  14%|█▍        | 168/1194 [02:49<14:47,  1.16it/s]Evaluating raw model output:  14%|█▍        | 169/1194 [02:51<18:08,  1.06s/it]Evaluating raw model output:  14%|█▍        | 170/1194 [02:52<18:45,  1.10s/it]Evaluating raw model output:  14%|█▍        | 171/1194 [02:54<21:40,  1.27s/it]Evaluating raw model output:  14%|█▍        | 172/1194 [02:54<17:51,  1.05s/it]Evaluating raw model output:  14%|█▍        | 173/1194 [02:56<18:22,  1.08s/it]Evaluating raw model output:  15%|█▍        | 174/1194 [02:57<18:38,  1.10s/it]Evaluating raw model output:  15%|█▍        | 175/1194 [02:57<16:32,  1.03it/s]Evaluating raw model output:  15%|█▍        | 176/1194 [02:58<15:01,  1.13it/s]Evaluating raw model output:  15%|█▍        | 177/1194 [02:59<13:25,  1.26it/s]Evaluating raw model output:  15%|█▍        | 178/1194 [03:00<17:39,  1.04s/it]Evaluating raw model output:  15%|█▍        | 179/1194 [03:01<18:11,  1.08s/it]Evaluating raw model output:  15%|█▌        | 180/1194 [03:02<15:35,  1.08it/s]Evaluating raw model output:  15%|█▌        | 181/1194 [03:03<16:23,  1.03it/s]Evaluating raw model output:  15%|█▌        | 182/1194 [03:04<14:27,  1.17it/s]Evaluating raw model output:  15%|█▌        | 183/1194 [03:04<12:53,  1.31it/s]Evaluating raw model output:  15%|█▌        | 184/1194 [03:06<17:19,  1.03s/it]Evaluating raw model output:  15%|█▌        | 185/1194 [03:06<14:50,  1.13it/s]Evaluating raw model output:  16%|█▌        | 186/1194 [03:07<13:45,  1.22it/s]Evaluating raw model output:  16%|█▌        | 187/1194 [03:08<12:33,  1.34it/s]Evaluating raw model output:  16%|█▌        | 188/1194 [03:08<11:24,  1.47it/s]Evaluating raw model output:  16%|█▌        | 189/1194 [03:10<16:31,  1.01it/s]Evaluating raw model output:  16%|█▌        | 190/1194 [03:11<15:25,  1.08it/s]Evaluating raw model output:  16%|█▌        | 191/1194 [03:11<14:03,  1.19it/s]Evaluating raw model output:  16%|█▌        | 192/1194 [03:12<15:11,  1.10it/s]Evaluating raw model output:  16%|█▌        | 193/1194 [03:14<17:17,  1.04s/it]Evaluating raw model output:  16%|█▌        | 194/1194 [03:15<17:41,  1.06s/it]Evaluating raw model output:  16%|█▋        | 195/1194 [03:15<15:16,  1.09it/s]Evaluating raw model output:  16%|█▋        | 196/1194 [03:16<13:14,  1.26it/s]Evaluating raw model output:  16%|█▋        | 197/1194 [03:18<18:11,  1.09s/it]Evaluating raw model output:  17%|█▋        | 198/1194 [03:18<15:46,  1.05it/s]Evaluating raw model output:  17%|█▋        | 199/1194 [03:20<19:46,  1.19s/it]Evaluating raw model output:  17%|█▋        | 200/1194 [03:21<20:25,  1.23s/it]Evaluating raw model output:  17%|█▋        | 201/1194 [03:23<20:21,  1.23s/it]Evaluating raw model output:  17%|█▋        | 202/1194 [03:23<17:05,  1.03s/it]Evaluating raw model output:  17%|█▋        | 203/1194 [03:24<15:20,  1.08it/s]Evaluating raw model output:  17%|█▋        | 204/1194 [03:25<18:15,  1.11s/it]Evaluating raw model output:  17%|█▋        | 205/1194 [03:26<16:15,  1.01it/s]Evaluating raw model output:  17%|█▋        | 206/1194 [03:27<14:11,  1.16it/s]Evaluating raw model output:  17%|█▋        | 207/1194 [03:27<12:45,  1.29it/s]Evaluating raw model output:  17%|█▋        | 208/1194 [03:28<11:49,  1.39it/s]Evaluating raw model output:  18%|█▊        | 209/1194 [03:29<15:04,  1.09it/s]Evaluating raw model output:  18%|█▊        | 210/1194 [03:30<16:14,  1.01it/s]Evaluating raw model output:  18%|█▊        | 211/1194 [03:31<14:47,  1.11it/s]Evaluating raw model output:  18%|█▊        | 212/1194 [03:32<13:13,  1.24it/s]Evaluating raw model output:  18%|█▊        | 213/1194 [03:32<12:05,  1.35it/s]Evaluating raw model output:  18%|█▊        | 214/1194 [03:34<14:50,  1.10it/s]Evaluating raw model output:  18%|█▊        | 215/1194 [03:34<13:04,  1.25it/s]Evaluating raw model output:  18%|█▊        | 216/1194 [03:35<12:02,  1.35it/s]Evaluating raw model output:  18%|█▊        | 217/1194 [03:35<11:24,  1.43it/s]Evaluating raw model output:  18%|█▊        | 218/1194 [03:37<14:42,  1.11it/s]Evaluating raw model output:  18%|█▊        | 219/1194 [03:37<13:09,  1.23it/s]Evaluating raw model output:  18%|█▊        | 220/1194 [03:38<12:03,  1.35it/s]Evaluating raw model output:  19%|█▊        | 221/1194 [03:39<13:02,  1.24it/s]Evaluating raw model output:  19%|█▊        | 222/1194 [03:39<12:02,  1.35it/s]Evaluating raw model output:  19%|█▊        | 223/1194 [03:40<11:02,  1.47it/s]Evaluating raw model output:  19%|█▉        | 224/1194 [03:41<12:14,  1.32it/s]Evaluating raw model output:  19%|█▉        | 225/1194 [03:42<14:46,  1.09it/s]Evaluating raw model output:  19%|█▉        | 226/1194 [03:43<14:56,  1.08it/s]Evaluating raw model output:  19%|█▉        | 227/1194 [03:44<15:19,  1.05it/s]Evaluating raw model output:  19%|█▉        | 228/1194 [03:45<13:57,  1.15it/s]Evaluating raw model output:  19%|█▉        | 229/1194 [03:45<12:46,  1.26it/s]Evaluating raw model output:  19%|█▉        | 230/1194 [03:46<11:45,  1.37it/s]Evaluating raw model output:  19%|█▉        | 231/1194 [03:47<10:59,  1.46it/s]Evaluating raw model output:  19%|█▉        | 232/1194 [03:47<11:26,  1.40it/s]Evaluating raw model output:  20%|█▉        | 233/1194 [03:48<11:48,  1.36it/s]Evaluating raw model output:  20%|█▉        | 234/1194 [03:49<11:39,  1.37it/s]Evaluating raw model output:  20%|█▉        | 235/1194 [03:49<11:01,  1.45it/s]Evaluating raw model output:  20%|█▉        | 236/1194 [03:50<10:32,  1.51it/s]Evaluating raw model output:  20%|█▉        | 237/1194 [03:51<09:54,  1.61it/s]Evaluating raw model output:  20%|█▉        | 238/1194 [03:51<09:42,  1.64it/s]Evaluating raw model output:  20%|██        | 239/1194 [03:52<09:50,  1.62it/s]Evaluating raw model output:  20%|██        | 240/1194 [03:52<09:35,  1.66it/s]Evaluating raw model output:  20%|██        | 241/1194 [03:53<09:41,  1.64it/s]Evaluating raw model output:  20%|██        | 242/1194 [03:54<09:30,  1.67it/s]Evaluating raw model output:  20%|██        | 243/1194 [03:54<09:27,  1.68it/s]Evaluating raw model output:  20%|██        | 244/1194 [03:55<11:29,  1.38it/s]Evaluating raw model output:  21%|██        | 245/1194 [03:56<10:38,  1.49it/s]Evaluating raw model output:  21%|██        | 246/1194 [03:56<10:05,  1.56it/s]Evaluating raw model output:  21%|██        | 247/1194 [03:57<11:43,  1.35it/s]Evaluating raw model output:  21%|██        | 248/1194 [03:59<14:03,  1.12it/s]Evaluating raw model output:  21%|██        | 249/1194 [03:59<12:33,  1.25it/s]Evaluating raw model output:  21%|██        | 250/1194 [04:00<11:26,  1.37it/s]Evaluating raw model output:  21%|██        | 251/1194 [04:01<13:28,  1.17it/s]Evaluating raw model output:  21%|██        | 252/1194 [04:01<12:19,  1.27it/s]Evaluating raw model output:  21%|██        | 253/1194 [04:02<11:16,  1.39it/s]Evaluating raw model output:  21%|██▏       | 254/1194 [04:04<16:03,  1.03s/it]Evaluating raw model output:  21%|██▏       | 255/1194 [04:04<13:42,  1.14it/s]Evaluating raw model output:  21%|██▏       | 256/1194 [04:05<15:18,  1.02it/s]Evaluating raw model output:  22%|██▏       | 257/1194 [04:06<15:17,  1.02it/s]Evaluating raw model output:  22%|██▏       | 258/1194 [04:08<15:53,  1.02s/it]Evaluating raw model output:  22%|██▏       | 259/1194 [04:09<16:18,  1.05s/it]Evaluating raw model output:  22%|██▏       | 260/1194 [04:10<16:32,  1.06s/it]Evaluating raw model output:  22%|██▏       | 261/1194 [04:11<16:18,  1.05s/it]Evaluating raw model output:  22%|██▏       | 262/1194 [04:12<18:56,  1.22s/it]Evaluating raw model output:  22%|██▏       | 263/1194 [04:13<16:05,  1.04s/it]Evaluating raw model output:  22%|██▏       | 264/1194 [04:14<13:36,  1.14it/s]Evaluating raw model output:  22%|██▏       | 265/1194 [04:14<13:25,  1.15it/s]Evaluating raw model output:  22%|██▏       | 266/1194 [04:15<11:54,  1.30it/s]Evaluating raw model output:  22%|██▏       | 267/1194 [04:15<10:43,  1.44it/s]Evaluating raw model output:  22%|██▏       | 268/1194 [04:16<12:14,  1.26it/s]Evaluating raw model output:  23%|██▎       | 269/1194 [04:17<11:10,  1.38it/s]Evaluating raw model output:  23%|██▎       | 270/1194 [04:18<10:32,  1.46it/s]Evaluating raw model output:  23%|██▎       | 271/1194 [04:18<10:35,  1.45it/s]Evaluating raw model output:  23%|██▎       | 272/1194 [04:19<12:00,  1.28it/s]Evaluating raw model output:  23%|██▎       | 273/1194 [04:20<11:58,  1.28it/s]Evaluating raw model output:  23%|██▎       | 274/1194 [04:21<13:27,  1.14it/s]Evaluating raw model output:  23%|██▎       | 275/1194 [04:22<12:32,  1.22it/s]Evaluating raw model output:  23%|██▎       | 276/1194 [04:23<15:54,  1.04s/it]Evaluating raw model output:  23%|██▎       | 277/1194 [04:25<17:20,  1.13s/it]Evaluating raw model output:  23%|██▎       | 278/1194 [04:25<14:46,  1.03it/s]Evaluating raw model output:  23%|██▎       | 279/1194 [04:26<12:55,  1.18it/s]Evaluating raw model output:  23%|██▎       | 280/1194 [04:27<12:20,  1.23it/s]Evaluating raw model output:  24%|██▎       | 281/1194 [04:27<11:14,  1.35it/s]Evaluating raw model output:  24%|██▎       | 282/1194 [04:28<10:26,  1.45it/s]Evaluating raw model output:  24%|██▎       | 283/1194 [04:28<10:23,  1.46it/s]Evaluating raw model output:  24%|██▍       | 284/1194 [04:29<10:21,  1.46it/s]Evaluating raw model output:  24%|██▍       | 285/1194 [04:30<09:50,  1.54it/s]Evaluating raw model output:  24%|██▍       | 286/1194 [04:31<11:59,  1.26it/s]Evaluating raw model output:  24%|██▍       | 287/1194 [04:32<13:58,  1.08it/s]Evaluating raw model output:  24%|██▍       | 288/1194 [04:33<12:30,  1.21it/s]Evaluating raw model output:  24%|██▍       | 289/1194 [04:33<11:07,  1.36it/s]Evaluating raw model output:  24%|██▍       | 290/1194 [04:34<10:53,  1.38it/s]Evaluating raw model output:  24%|██▍       | 291/1194 [04:35<10:16,  1.47it/s]Evaluating raw model output:  24%|██▍       | 292/1194 [04:35<09:37,  1.56it/s]Evaluating raw model output:  25%|██▍       | 293/1194 [04:36<09:16,  1.62it/s]Evaluating raw model output:  25%|██▍       | 294/1194 [04:36<09:12,  1.63it/s]Evaluating raw model output:  25%|██▍       | 295/1194 [04:37<09:08,  1.64it/s]Evaluating raw model output:  25%|██▍       | 296/1194 [04:38<11:16,  1.33it/s]Evaluating raw model output:  25%|██▍       | 297/1194 [04:38<10:22,  1.44it/s]Evaluating raw model output:  25%|██▍       | 298/1194 [04:39<09:54,  1.51it/s]Evaluating raw model output:  25%|██▌       | 299/1194 [04:40<09:40,  1.54it/s]Evaluating raw model output:  25%|██▌       | 300/1194 [04:41<11:10,  1.33it/s]Evaluating raw model output:  25%|██▌       | 301/1194 [04:42<14:43,  1.01it/s]Evaluating raw model output:  25%|██▌       | 302/1194 [04:43<12:48,  1.16it/s]Evaluating raw model output:  25%|██▌       | 303/1194 [04:43<11:28,  1.29it/s]Evaluating raw model output:  25%|██▌       | 304/1194 [04:44<12:23,  1.20it/s]Evaluating raw model output:  26%|██▌       | 305/1194 [04:45<11:35,  1.28it/s]Evaluating raw model output:  26%|██▌       | 306/1194 [04:46<10:40,  1.39it/s]Evaluating raw model output:  26%|██▌       | 307/1194 [04:46<11:17,  1.31it/s]Evaluating raw model output:  26%|██▌       | 308/1194 [04:47<12:04,  1.22it/s]Evaluating raw model output:  26%|██▌       | 309/1194 [04:48<12:29,  1.18it/s]Evaluating raw model output:  26%|██▌       | 310/1194 [04:49<11:14,  1.31it/s]Evaluating raw model output:  26%|██▌       | 311/1194 [04:49<10:24,  1.41it/s]Evaluating raw model output:  26%|██▌       | 312/1194 [04:51<14:24,  1.02it/s]Evaluating raw model output:  26%|██▌       | 313/1194 [04:52<12:32,  1.17it/s]Evaluating raw model output:  26%|██▋       | 314/1194 [04:53<13:11,  1.11it/s]Evaluating raw model output:  26%|██▋       | 315/1194 [04:53<11:47,  1.24it/s]Evaluating raw model output:  26%|██▋       | 316/1194 [04:54<12:18,  1.19it/s]Evaluating raw model output:  27%|██▋       | 317/1194 [04:55<13:28,  1.08it/s]Evaluating raw model output:  27%|██▋       | 318/1194 [04:57<16:51,  1.15s/it]Evaluating raw model output:  27%|██▋       | 319/1194 [04:58<14:21,  1.02it/s]Evaluating raw model output:  27%|██▋       | 320/1194 [04:58<12:30,  1.16it/s]Evaluating raw model output:  27%|██▋       | 321/1194 [04:59<12:03,  1.21it/s]Evaluating raw model output:  27%|██▋       | 322/1194 [05:00<13:49,  1.05it/s]Evaluating raw model output:  27%|██▋       | 323/1194 [05:01<12:33,  1.16it/s]Evaluating raw model output:  27%|██▋       | 324/1194 [05:02<12:44,  1.14it/s]Evaluating raw model output:  27%|██▋       | 325/1194 [05:03<13:40,  1.06it/s]Evaluating raw model output:  27%|██▋       | 326/1194 [05:03<12:28,  1.16it/s]Evaluating raw model output:  27%|██▋       | 327/1194 [05:04<11:08,  1.30it/s]Evaluating raw model output:  27%|██▋       | 328/1194 [05:05<11:53,  1.21it/s]Evaluating raw model output:  28%|██▊       | 329/1194 [05:05<10:41,  1.35it/s]Evaluating raw model output:  28%|██▊       | 330/1194 [05:06<10:25,  1.38it/s]Evaluating raw model output:  28%|██▊       | 331/1194 [05:07<10:10,  1.41it/s]Evaluating raw model output:  28%|██▊       | 332/1194 [05:07<09:36,  1.49it/s]Evaluating raw model output:  28%|██▊       | 333/1194 [05:08<09:15,  1.55it/s]Evaluating raw model output:  28%|██▊       | 334/1194 [05:09<08:59,  1.60it/s]Evaluating raw model output:  28%|██▊       | 335/1194 [05:09<08:39,  1.65it/s]Evaluating raw model output:  28%|██▊       | 336/1194 [05:10<08:35,  1.66it/s]Evaluating raw model output:  28%|██▊       | 337/1194 [05:11<11:11,  1.28it/s]Evaluating raw model output:  28%|██▊       | 338/1194 [05:12<10:22,  1.38it/s]Evaluating raw model output:  28%|██▊       | 339/1194 [05:12<09:36,  1.48it/s]Evaluating raw model output:  28%|██▊       | 340/1194 [05:13<09:14,  1.54it/s]Evaluating raw model output:  29%|██▊       | 341/1194 [05:14<11:42,  1.21it/s]Evaluating raw model output:  29%|██▊       | 342/1194 [05:15<14:50,  1.05s/it]Evaluating raw model output:  29%|██▊       | 343/1194 [05:16<13:23,  1.06it/s]Evaluating raw model output:  29%|██▉       | 344/1194 [05:17<11:48,  1.20it/s]Evaluating raw model output:  29%|██▉       | 345/1194 [05:18<15:01,  1.06s/it]Evaluating raw model output:  29%|██▉       | 346/1194 [05:19<12:54,  1.10it/s]Evaluating raw model output:  29%|██▉       | 347/1194 [05:19<11:14,  1.25it/s]Evaluating raw model output:  29%|██▉       | 348/1194 [05:20<10:14,  1.38it/s]Evaluating raw model output:  29%|██▉       | 349/1194 [05:21<09:31,  1.48it/s]Evaluating raw model output:  29%|██▉       | 350/1194 [05:22<12:34,  1.12it/s]Evaluating raw model output:  29%|██▉       | 351/1194 [05:23<13:55,  1.01it/s]Evaluating raw model output:  29%|██▉       | 352/1194 [05:24<12:12,  1.15it/s]Evaluating raw model output:  30%|██▉       | 353/1194 [05:24<10:50,  1.29it/s]Evaluating raw model output:  30%|██▉       | 354/1194 [05:25<09:57,  1.41it/s]Evaluating raw model output:  30%|██▉       | 355/1194 [05:25<09:18,  1.50it/s]Evaluating raw model output:  30%|██▉       | 356/1194 [05:26<08:57,  1.56it/s]Evaluating raw model output:  30%|██▉       | 357/1194 [05:28<13:13,  1.05it/s]Evaluating raw model output:  30%|██▉       | 358/1194 [05:28<11:54,  1.17it/s]Evaluating raw model output:  30%|███       | 359/1194 [05:29<10:29,  1.33it/s]Evaluating raw model output:  30%|███       | 360/1194 [05:29<09:33,  1.45it/s]Evaluating raw model output:  30%|███       | 361/1194 [05:30<09:22,  1.48it/s]Evaluating raw model output:  30%|███       | 362/1194 [05:31<09:03,  1.53it/s]Evaluating raw model output:  30%|███       | 363/1194 [05:31<08:50,  1.57it/s]Evaluating raw model output:  30%|███       | 364/1194 [05:32<08:46,  1.57it/s]Evaluating raw model output:  31%|███       | 365/1194 [05:32<08:13,  1.68it/s]Evaluating raw model output:  31%|███       | 366/1194 [05:33<08:01,  1.72it/s]Evaluating raw model output:  31%|███       | 367/1194 [05:34<10:19,  1.33it/s]Evaluating raw model output:  31%|███       | 368/1194 [05:35<09:40,  1.42it/s]Evaluating raw model output:  31%|███       | 369/1194 [05:35<08:51,  1.55it/s]Evaluating raw model output:  31%|███       | 370/1194 [05:36<09:20,  1.47it/s]Evaluating raw model output:  31%|███       | 371/1194 [05:37<12:03,  1.14it/s]Evaluating raw model output:  31%|███       | 372/1194 [05:38<11:08,  1.23it/s]Evaluating raw model output:  31%|███       | 373/1194 [05:38<10:02,  1.36it/s]Evaluating raw model output:  31%|███▏      | 374/1194 [05:40<13:02,  1.05it/s]Evaluating raw model output:  31%|███▏      | 375/1194 [05:40<11:27,  1.19it/s]Evaluating raw model output:  31%|███▏      | 376/1194 [05:41<10:06,  1.35it/s]Evaluating raw model output:  32%|███▏      | 377/1194 [05:42<09:21,  1.46it/s]Evaluating raw model output:  32%|███▏      | 378/1194 [05:42<08:41,  1.56it/s]Evaluating raw model output:  32%|███▏      | 379/1194 [05:43<08:09,  1.66it/s]Evaluating raw model output:  32%|███▏      | 380/1194 [05:43<09:08,  1.49it/s]Evaluating raw model output:  32%|███▏      | 381/1194 [05:44<09:50,  1.38it/s]Evaluating raw model output:  32%|███▏      | 382/1194 [05:46<13:21,  1.01it/s]Evaluating raw model output:  32%|███▏      | 383/1194 [05:48<16:15,  1.20s/it]Evaluating raw model output:  32%|███▏      | 384/1194 [05:49<15:56,  1.18s/it]Evaluating raw model output:  32%|███▏      | 385/1194 [05:50<14:47,  1.10s/it]Evaluating raw model output:  32%|███▏      | 386/1194 [05:51<14:59,  1.11s/it]Evaluating raw model output:  32%|███▏      | 387/1194 [05:51<13:20,  1.01it/s]Evaluating raw model output:  32%|███▏      | 388/1194 [05:52<12:30,  1.07it/s]Evaluating raw model output:  33%|███▎      | 389/1194 [05:53<10:53,  1.23it/s]Evaluating raw model output:  33%|███▎      | 390/1194 [05:54<13:45,  1.03s/it]Evaluating raw model output:  33%|███▎      | 391/1194 [05:55<12:53,  1.04it/s]Evaluating raw model output:  33%|███▎      | 392/1194 [05:56<11:17,  1.18it/s]Evaluating raw model output:  33%|███▎      | 393/1194 [05:56<10:10,  1.31it/s]Evaluating raw model output:  33%|███▎      | 394/1194 [05:58<12:15,  1.09it/s]Evaluating raw model output:  33%|███▎      | 395/1194 [05:58<10:44,  1.24it/s]Evaluating raw model output:  33%|███▎      | 396/1194 [05:59<11:51,  1.12it/s]Evaluating raw model output:  33%|███▎      | 397/1194 [06:00<11:57,  1.11it/s]Evaluating raw model output:  33%|███▎      | 398/1194 [06:01<10:20,  1.28it/s]Evaluating raw model output:  33%|███▎      | 399/1194 [06:01<09:28,  1.40it/s]Evaluating raw model output:  34%|███▎      | 400/1194 [06:02<08:47,  1.50it/s]Evaluating raw model output:  34%|███▎      | 401/1194 [06:02<08:19,  1.59it/s]Evaluating raw model output:  34%|███▎      | 402/1194 [06:03<07:52,  1.67it/s]Evaluating raw model output:  34%|███▍      | 403/1194 [06:03<07:40,  1.72it/s]Evaluating raw model output:  34%|███▍      | 404/1194 [06:04<07:53,  1.67it/s]Evaluating raw model output:  34%|███▍      | 405/1194 [06:05<07:44,  1.70it/s]Evaluating raw model output:  34%|███▍      | 406/1194 [06:06<11:34,  1.13it/s]Evaluating raw model output:  34%|███▍      | 407/1194 [06:07<11:55,  1.10it/s]Evaluating raw model output:  34%|███▍      | 408/1194 [06:08<10:42,  1.22it/s]Evaluating raw model output:  34%|███▍      | 409/1194 [06:09<12:25,  1.05it/s]Evaluating raw model output:  34%|███▍      | 410/1194 [06:10<10:53,  1.20it/s]Evaluating raw model output:  34%|███▍      | 411/1194 [06:10<09:42,  1.35it/s]Evaluating raw model output:  35%|███▍      | 412/1194 [06:11<09:04,  1.44it/s]Evaluating raw model output:  35%|███▍      | 413/1194 [06:12<09:58,  1.30it/s]Evaluating raw model output:  35%|███▍      | 414/1194 [06:12<09:16,  1.40it/s]Evaluating raw model output:  35%|███▍      | 415/1194 [06:13<09:20,  1.39it/s]Evaluating raw model output:  35%|███▍      | 416/1194 [06:14<09:20,  1.39it/s]Evaluating raw model output:  35%|███▍      | 417/1194 [06:14<09:12,  1.41it/s]Evaluating raw model output:  35%|███▌      | 418/1194 [06:15<08:48,  1.47it/s]Evaluating raw model output:  35%|███▌      | 419/1194 [06:15<08:15,  1.56it/s]Evaluating raw model output:  35%|███▌      | 420/1194 [06:17<11:00,  1.17it/s]Evaluating raw model output:  35%|███▌      | 421/1194 [06:18<12:42,  1.01it/s]Evaluating raw model output:  35%|███▌      | 422/1194 [06:19<10:56,  1.18it/s]Evaluating raw model output:  35%|███▌      | 423/1194 [06:19<09:43,  1.32it/s]Evaluating raw model output:  36%|███▌      | 424/1194 [06:20<08:51,  1.45it/s]Evaluating raw model output:  36%|███▌      | 425/1194 [06:20<08:05,  1.58it/s]Evaluating raw model output:  36%|███▌      | 426/1194 [06:21<07:48,  1.64it/s]Evaluating raw model output:  36%|███▌      | 427/1194 [06:21<07:29,  1.71it/s]Evaluating raw model output:  36%|███▌      | 428/1194 [06:22<08:51,  1.44it/s]Evaluating raw model output:  36%|███▌      | 429/1194 [06:24<11:11,  1.14it/s]Evaluating raw model output:  36%|███▌      | 430/1194 [06:24<09:49,  1.30it/s]Evaluating raw model output:  36%|███▌      | 431/1194 [06:25<08:55,  1.42it/s]Evaluating raw model output:  36%|███▌      | 432/1194 [06:25<08:15,  1.54it/s]Evaluating raw model output:  36%|███▋      | 433/1194 [06:26<09:37,  1.32it/s]Evaluating raw model output:  36%|███▋      | 434/1194 [06:28<12:29,  1.01it/s]Evaluating raw model output:  36%|███▋      | 435/1194 [06:29<12:22,  1.02it/s]Evaluating raw model output:  37%|███▋      | 436/1194 [06:30<13:08,  1.04s/it]Evaluating raw model output:  37%|███▋      | 437/1194 [06:30<11:19,  1.11it/s]Evaluating raw model output:  37%|███▋      | 438/1194 [06:31<10:02,  1.26it/s]Evaluating raw model output:  37%|███▋      | 439/1194 [06:31<09:04,  1.39it/s]Evaluating raw model output:  37%|███▋      | 440/1194 [06:32<08:31,  1.47it/s]Evaluating raw model output:  37%|███▋      | 441/1194 [06:33<08:02,  1.56it/s]Evaluating raw model output:  37%|███▋      | 442/1194 [06:33<07:39,  1.64it/s]Evaluating raw model output:  37%|███▋      | 443/1194 [06:34<07:44,  1.62it/s]Evaluating raw model output:  37%|███▋      | 444/1194 [06:34<07:31,  1.66it/s]Evaluating raw model output:  37%|███▋      | 445/1194 [06:35<07:24,  1.68it/s]Evaluating raw model output:  37%|███▋      | 446/1194 [06:35<07:15,  1.72it/s]Evaluating raw model output:  37%|███▋      | 447/1194 [06:36<07:03,  1.76it/s]Evaluating raw model output:  38%|███▊      | 448/1194 [06:37<07:01,  1.77it/s]Evaluating raw model output:  38%|███▊      | 449/1194 [06:37<06:54,  1.80it/s]Evaluating raw model output:  38%|███▊      | 450/1194 [06:38<06:57,  1.78it/s]Evaluating raw model output:  38%|███▊      | 451/1194 [06:38<06:55,  1.79it/s]Evaluating raw model output:  38%|███▊      | 452/1194 [06:39<06:40,  1.85it/s]Evaluating raw model output:  38%|███▊      | 453/1194 [06:40<09:14,  1.34it/s]Evaluating raw model output:  38%|███▊      | 454/1194 [06:41<10:00,  1.23it/s]Evaluating raw model output:  38%|███▊      | 455/1194 [06:41<08:43,  1.41it/s]Evaluating raw model output:  38%|███▊      | 456/1194 [06:42<08:04,  1.52it/s]Evaluating raw model output:  38%|███▊      | 457/1194 [06:42<07:34,  1.62it/s]Evaluating raw model output:  38%|███▊      | 458/1194 [06:43<07:17,  1.68it/s]Evaluating raw model output:  38%|███▊      | 459/1194 [06:44<07:08,  1.72it/s]Evaluating raw model output:  39%|███▊      | 460/1194 [06:44<07:49,  1.56it/s]Evaluating raw model output:  39%|███▊      | 461/1194 [06:45<07:29,  1.63it/s]Evaluating raw model output:  39%|███▊      | 462/1194 [06:45<07:17,  1.67it/s]Evaluating raw model output:  39%|███▉      | 463/1194 [06:46<08:25,  1.45it/s]Evaluating raw model output:  39%|███▉      | 464/1194 [06:48<11:11,  1.09it/s]Evaluating raw model output:  39%|███▉      | 465/1194 [06:49<10:51,  1.12it/s]Evaluating raw model output:  39%|███▉      | 466/1194 [06:49<10:22,  1.17it/s]Evaluating raw model output:  39%|███▉      | 467/1194 [06:50<09:34,  1.27it/s]Evaluating raw model output:  39%|███▉      | 468/1194 [06:51<10:35,  1.14it/s]Evaluating raw model output:  39%|███▉      | 469/1194 [06:52<09:53,  1.22it/s]Evaluating raw model output:  39%|███▉      | 470/1194 [06:52<09:01,  1.34it/s]Evaluating raw model output:  39%|███▉      | 471/1194 [06:53<08:26,  1.43it/s]Evaluating raw model output:  40%|███▉      | 472/1194 [06:55<11:51,  1.01it/s]Evaluating raw model output:  40%|███▉      | 473/1194 [06:55<10:02,  1.20it/s]Evaluating raw model output:  40%|███▉      | 474/1194 [06:56<08:56,  1.34it/s]Evaluating raw model output:  40%|███▉      | 475/1194 [06:56<08:15,  1.45it/s]Evaluating raw model output:  40%|███▉      | 476/1194 [06:58<11:34,  1.03it/s]Evaluating raw model output:  40%|███▉      | 477/1194 [06:58<10:22,  1.15it/s]Evaluating raw model output:  40%|████      | 478/1194 [07:00<11:30,  1.04it/s]Evaluating raw model output:  40%|████      | 479/1194 [07:00<10:03,  1.18it/s]Evaluating raw model output:  40%|████      | 480/1194 [07:01<11:09,  1.07it/s]Evaluating raw model output:  40%|████      | 481/1194 [07:03<13:44,  1.16s/it]Evaluating raw model output:  40%|████      | 482/1194 [07:04<11:33,  1.03it/s]Evaluating raw model output:  40%|████      | 483/1194 [07:04<10:02,  1.18it/s]Evaluating raw model output:  41%|████      | 484/1194 [07:05<09:21,  1.26it/s]Evaluating raw model output:  41%|████      | 485/1194 [07:05<08:34,  1.38it/s]Evaluating raw model output:  41%|████      | 486/1194 [07:07<10:33,  1.12it/s]Evaluating raw model output:  41%|████      | 487/1194 [07:08<11:45,  1.00it/s]Evaluating raw model output:  41%|████      | 488/1194 [07:08<10:01,  1.17it/s]Evaluating raw model output:  41%|████      | 489/1194 [07:09<09:02,  1.30it/s]Evaluating raw model output:  41%|████      | 490/1194 [07:10<08:33,  1.37it/s]Evaluating raw model output:  41%|████      | 491/1194 [07:11<09:04,  1.29it/s]Evaluating raw model output:  41%|████      | 492/1194 [07:11<08:19,  1.41it/s]Evaluating raw model output:  41%|████▏     | 493/1194 [07:12<07:45,  1.51it/s]Evaluating raw model output:  41%|████▏     | 494/1194 [07:12<07:39,  1.52it/s]Evaluating raw model output:  41%|████▏     | 495/1194 [07:13<07:22,  1.58it/s]Evaluating raw model output:  42%|████▏     | 496/1194 [07:13<07:07,  1.63it/s]Evaluating raw model output:  42%|████▏     | 497/1194 [07:14<06:50,  1.70it/s]Evaluating raw model output:  42%|████▏     | 498/1194 [07:14<06:44,  1.72it/s]Evaluating raw model output:  42%|████▏     | 499/1194 [07:15<06:35,  1.76it/s]Evaluating raw model output:  42%|████▏     | 500/1194 [07:16<06:35,  1.76it/s]Evaluating raw model output:  42%|████▏     | 501/1194 [07:16<06:26,  1.79it/s]Evaluating raw model output:  42%|████▏     | 502/1194 [07:18<10:14,  1.13it/s]Evaluating raw model output:  42%|████▏     | 503/1194 [07:18<08:59,  1.28it/s]Evaluating raw model output:  42%|████▏     | 504/1194 [07:19<08:08,  1.41it/s]Evaluating raw model output:  42%|████▏     | 505/1194 [07:19<07:27,  1.54it/s]Evaluating raw model output:  42%|████▏     | 506/1194 [07:20<07:20,  1.56it/s]Evaluating raw model output:  42%|████▏     | 507/1194 [07:21<08:13,  1.39it/s]Evaluating raw model output:  43%|████▎     | 508/1194 [07:22<07:55,  1.44it/s]Evaluating raw model output:  43%|████▎     | 509/1194 [07:22<07:19,  1.56it/s]Evaluating raw model output:  43%|████▎     | 510/1194 [07:24<10:22,  1.10it/s]Evaluating raw model output:  43%|████▎     | 511/1194 [07:25<12:19,  1.08s/it]Evaluating raw model output:  43%|████▎     | 512/1194 [07:26<10:34,  1.07it/s]Evaluating raw model output:  43%|████▎     | 513/1194 [07:27<10:19,  1.10it/s]Evaluating raw model output:  43%|████▎     | 514/1194 [07:27<09:33,  1.19it/s]Evaluating raw model output:  43%|████▎     | 515/1194 [07:28<10:52,  1.04it/s]Evaluating raw model output:  43%|████▎     | 516/1194 [07:29<10:33,  1.07it/s]Evaluating raw model output:  43%|████▎     | 517/1194 [07:30<09:14,  1.22it/s]Evaluating raw model output:  43%|████▎     | 518/1194 [07:31<09:44,  1.16it/s]Evaluating raw model output:  43%|████▎     | 519/1194 [07:31<08:43,  1.29it/s]Evaluating raw model output:  44%|████▎     | 520/1194 [07:32<07:56,  1.41it/s]Evaluating raw model output:  44%|████▎     | 521/1194 [07:33<07:42,  1.46it/s]Evaluating raw model output:  44%|████▎     | 522/1194 [07:33<07:19,  1.53it/s]Evaluating raw model output:  44%|████▍     | 523/1194 [07:34<07:11,  1.55it/s]Evaluating raw model output:  44%|████▍     | 524/1194 [07:34<07:10,  1.55it/s]Evaluating raw model output:  44%|████▍     | 525/1194 [07:35<07:16,  1.53it/s]Evaluating raw model output:  44%|████▍     | 526/1194 [07:36<09:09,  1.21it/s]Evaluating raw model output:  44%|████▍     | 527/1194 [07:37<08:06,  1.37it/s]Evaluating raw model output:  44%|████▍     | 528/1194 [07:38<10:36,  1.05it/s]Evaluating raw model output:  44%|████▍     | 529/1194 [07:39<11:19,  1.02s/it]Evaluating raw model output:  44%|████▍     | 530/1194 [07:40<09:43,  1.14it/s]Evaluating raw model output:  44%|████▍     | 531/1194 [07:41<10:57,  1.01it/s]Evaluating raw model output:  45%|████▍     | 532/1194 [07:42<09:26,  1.17it/s]Evaluating raw model output:  45%|████▍     | 533/1194 [07:42<08:40,  1.27it/s]Evaluating raw model output:  45%|████▍     | 534/1194 [07:43<07:56,  1.39it/s]Evaluating raw model output:  45%|████▍     | 535/1194 [07:44<07:53,  1.39it/s]Evaluating raw model output:  45%|████▍     | 536/1194 [07:45<09:27,  1.16it/s]Evaluating raw model output:  45%|████▍     | 537/1194 [07:46<08:32,  1.28it/s]Evaluating raw model output:  45%|████▌     | 538/1194 [07:46<07:36,  1.44it/s]Evaluating raw model output:  45%|████▌     | 539/1194 [07:47<07:29,  1.46it/s]Evaluating raw model output:  45%|████▌     | 540/1194 [07:47<07:28,  1.46it/s]Evaluating raw model output:  45%|████▌     | 541/1194 [07:48<07:04,  1.54it/s]Evaluating raw model output:  45%|████▌     | 542/1194 [07:49<06:54,  1.57it/s]Evaluating raw model output:  45%|████▌     | 543/1194 [07:49<06:44,  1.61it/s]Evaluating raw model output:  46%|████▌     | 544/1194 [07:50<08:24,  1.29it/s]Evaluating raw model output:  46%|████▌     | 545/1194 [07:52<10:52,  1.01s/it]Evaluating raw model output:  46%|████▌     | 546/1194 [07:52<09:25,  1.15it/s]Evaluating raw model output:  46%|████▌     | 547/1194 [07:53<08:22,  1.29it/s]Evaluating raw model output:  46%|████▌     | 548/1194 [07:53<07:39,  1.40it/s]Evaluating raw model output:  46%|████▌     | 549/1194 [07:54<07:07,  1.51it/s]Evaluating raw model output:  46%|████▌     | 550/1194 [07:55<06:46,  1.58it/s]Evaluating raw model output:  46%|████▌     | 551/1194 [07:55<06:24,  1.67it/s]Evaluating raw model output:  46%|████▌     | 552/1194 [07:56<06:15,  1.71it/s]Evaluating raw model output:  46%|████▋     | 553/1194 [07:57<07:38,  1.40it/s]Evaluating raw model output:  46%|████▋     | 554/1194 [07:58<08:45,  1.22it/s]Evaluating raw model output:  46%|████▋     | 555/1194 [07:59<11:12,  1.05s/it]Evaluating raw model output:  47%|████▋     | 556/1194 [08:00<09:31,  1.12it/s]Evaluating raw model output:  47%|████▋     | 557/1194 [08:01<09:07,  1.16it/s]Evaluating raw model output:  47%|████▋     | 558/1194 [08:01<08:08,  1.30it/s]Evaluating raw model output:  47%|████▋     | 559/1194 [08:02<08:43,  1.21it/s]Evaluating raw model output:  47%|████▋     | 560/1194 [08:03<07:48,  1.35it/s]Evaluating raw model output:  47%|████▋     | 561/1194 [08:04<08:13,  1.28it/s]Evaluating raw model output:  47%|████▋     | 562/1194 [08:04<07:49,  1.35it/s]Evaluating raw model output:  47%|████▋     | 563/1194 [08:05<07:32,  1.39it/s]Evaluating raw model output:  47%|████▋     | 564/1194 [08:05<07:11,  1.46it/s]Evaluating raw model output:  47%|████▋     | 565/1194 [08:06<06:58,  1.50it/s]Evaluating raw model output:  47%|████▋     | 566/1194 [08:07<06:40,  1.57it/s]Evaluating raw model output:  47%|████▋     | 567/1194 [08:07<06:40,  1.57it/s]Evaluating raw model output:  48%|████▊     | 568/1194 [08:08<06:22,  1.64it/s]Evaluating raw model output:  48%|████▊     | 569/1194 [08:08<06:04,  1.71it/s]Evaluating raw model output:  48%|████▊     | 570/1194 [08:09<06:23,  1.63it/s]Evaluating raw model output:  48%|████▊     | 571/1194 [08:10<06:14,  1.66it/s]Evaluating raw model output:  48%|████▊     | 572/1194 [08:11<07:59,  1.30it/s]Evaluating raw model output:  48%|████▊     | 573/1194 [08:11<07:17,  1.42it/s]Evaluating raw model output:  48%|████▊     | 574/1194 [08:12<08:11,  1.26it/s]Evaluating raw model output:  48%|████▊     | 575/1194 [08:13<07:21,  1.40it/s]Evaluating raw model output:  48%|████▊     | 576/1194 [08:13<06:56,  1.48it/s]Evaluating raw model output:  48%|████▊     | 577/1194 [08:14<06:36,  1.56it/s]Evaluating raw model output:  48%|████▊     | 578/1194 [08:15<06:36,  1.55it/s]Evaluating raw model output:  48%|████▊     | 579/1194 [08:15<06:10,  1.66it/s]Evaluating raw model output:  49%|████▊     | 580/1194 [08:17<08:21,  1.22it/s]Evaluating raw model output:  49%|████▊     | 581/1194 [08:17<07:23,  1.38it/s]Evaluating raw model output:  49%|████▊     | 582/1194 [08:18<09:11,  1.11it/s]Evaluating raw model output:  49%|████▉     | 583/1194 [08:19<08:10,  1.25it/s]Evaluating raw model output:  49%|████▉     | 584/1194 [08:19<07:23,  1.38it/s]Evaluating raw model output:  49%|████▉     | 585/1194 [08:20<06:54,  1.47it/s]Evaluating raw model output:  49%|████▉     | 586/1194 [08:21<06:33,  1.54it/s]Evaluating raw model output:  49%|████▉     | 587/1194 [08:21<06:20,  1.60it/s]Evaluating raw model output:  49%|████▉     | 588/1194 [08:22<06:10,  1.64it/s]Evaluating raw model output:  49%|████▉     | 589/1194 [08:22<05:59,  1.68it/s]Evaluating raw model output:  49%|████▉     | 590/1194 [08:23<05:53,  1.71it/s]Evaluating raw model output:  49%|████▉     | 591/1194 [08:24<06:06,  1.65it/s]Evaluating raw model output:  50%|████▉     | 592/1194 [08:24<05:47,  1.73it/s]Evaluating raw model output:  50%|████▉     | 593/1194 [08:25<05:46,  1.74it/s]Evaluating raw model output:  50%|████▉     | 594/1194 [08:26<06:41,  1.50it/s]Evaluating raw model output:  50%|████▉     | 595/1194 [08:26<06:16,  1.59it/s]Evaluating raw model output:  50%|████▉     | 596/1194 [08:27<06:03,  1.65it/s]Evaluating raw model output:  50%|█████     | 597/1194 [08:27<05:59,  1.66it/s]Evaluating raw model output:  50%|█████     | 598/1194 [08:28<05:56,  1.67it/s]Evaluating raw model output:  50%|█████     | 599/1194 [08:28<05:39,  1.75it/s]Evaluating raw model output:  50%|█████     | 600/1194 [08:29<07:12,  1.37it/s]Evaluating raw model output:  50%|█████     | 601/1194 [08:30<06:46,  1.46it/s]Evaluating raw model output:  50%|█████     | 602/1194 [08:31<06:19,  1.56it/s]Evaluating raw model output:  51%|█████     | 603/1194 [08:31<06:02,  1.63it/s]Evaluating raw model output:  51%|█████     | 604/1194 [08:32<06:57,  1.41it/s]Evaluating raw model output:  51%|█████     | 605/1194 [08:33<06:30,  1.51it/s]Evaluating raw model output:  51%|█████     | 606/1194 [08:33<06:12,  1.58it/s]Evaluating raw model output:  51%|█████     | 607/1194 [08:34<08:14,  1.19it/s]Evaluating raw model output:  51%|█████     | 608/1194 [08:35<07:31,  1.30it/s]Evaluating raw model output:  51%|█████     | 609/1194 [08:36<06:40,  1.46it/s]Evaluating raw model output:  51%|█████     | 610/1194 [08:36<06:13,  1.56it/s]Evaluating raw model output:  51%|█████     | 611/1194 [08:37<05:59,  1.62it/s]Evaluating raw model output:  51%|█████▏    | 612/1194 [08:37<05:40,  1.71it/s]Evaluating raw model output:  51%|█████▏    | 613/1194 [08:38<05:39,  1.71it/s]Evaluating raw model output:  51%|█████▏    | 614/1194 [08:38<05:40,  1.70it/s]Evaluating raw model output:  52%|█████▏    | 615/1194 [08:39<05:24,  1.78it/s]Evaluating raw model output:  52%|█████▏    | 616/1194 [08:39<05:25,  1.78it/s]Evaluating raw model output:  52%|█████▏    | 617/1194 [08:40<05:58,  1.61it/s]Evaluating raw model output:  52%|█████▏    | 618/1194 [08:41<06:15,  1.53it/s]Evaluating raw model output:  52%|█████▏    | 619/1194 [08:42<06:16,  1.53it/s]Evaluating raw model output:  52%|█████▏    | 620/1194 [08:42<06:22,  1.50it/s]Evaluating raw model output:  52%|█████▏    | 621/1194 [08:43<06:03,  1.58it/s]Evaluating raw model output:  52%|█████▏    | 622/1194 [08:43<05:47,  1.65it/s]Evaluating raw model output:  52%|█████▏    | 623/1194 [08:44<05:39,  1.68it/s]Evaluating raw model output:  52%|█████▏    | 624/1194 [08:44<05:29,  1.73it/s]Evaluating raw model output:  52%|█████▏    | 625/1194 [08:45<05:21,  1.77it/s]Evaluating raw model output:  52%|█████▏    | 626/1194 [08:46<07:56,  1.19it/s]Evaluating raw model output:  53%|█████▎    | 627/1194 [08:47<07:04,  1.34it/s]Evaluating raw model output:  53%|█████▎    | 628/1194 [08:48<06:49,  1.38it/s]Evaluating raw model output:  53%|█████▎    | 629/1194 [08:48<06:17,  1.50it/s]Evaluating raw model output:  53%|█████▎    | 630/1194 [08:49<05:50,  1.61it/s]Evaluating raw model output:  53%|█████▎    | 631/1194 [08:49<05:38,  1.66it/s]Evaluating raw model output:  53%|█████▎    | 632/1194 [08:50<05:20,  1.75it/s]Evaluating raw model output:  53%|█████▎    | 633/1194 [08:50<05:13,  1.79it/s]Evaluating raw model output:  53%|█████▎    | 634/1194 [08:51<05:09,  1.81it/s]Evaluating raw model output:  53%|█████▎    | 635/1194 [08:51<05:06,  1.82it/s]Evaluating raw model output:  53%|█████▎    | 636/1194 [08:52<05:00,  1.86it/s]Evaluating raw model output:  53%|█████▎    | 637/1194 [08:52<04:59,  1.86it/s]Evaluating raw model output:  53%|█████▎    | 638/1194 [08:53<04:58,  1.86it/s]Evaluating raw model output:  54%|█████▎    | 639/1194 [08:53<04:59,  1.85it/s]Evaluating raw model output:  54%|█████▎    | 640/1194 [08:55<07:00,  1.32it/s]Evaluating raw model output:  54%|█████▎    | 641/1194 [08:55<06:22,  1.45it/s]Evaluating raw model output:  54%|█████▍    | 642/1194 [08:56<05:57,  1.54it/s]Evaluating raw model output:  54%|█████▍    | 643/1194 [08:57<07:25,  1.24it/s]Evaluating raw model output:  54%|█████▍    | 644/1194 [08:58<06:41,  1.37it/s]Evaluating raw model output:  54%|█████▍    | 645/1194 [08:58<06:13,  1.47it/s]Evaluating raw model output:  54%|█████▍    | 646/1194 [08:59<06:55,  1.32it/s]Evaluating raw model output:  54%|█████▍    | 647/1194 [09:00<07:26,  1.23it/s]Evaluating raw model output:  54%|█████▍    | 648/1194 [09:01<06:40,  1.36it/s]Evaluating raw model output:  54%|█████▍    | 649/1194 [09:01<06:01,  1.51it/s]Evaluating raw model output:  54%|█████▍    | 650/1194 [09:02<05:38,  1.61it/s]Evaluating raw model output:  55%|█████▍    | 651/1194 [09:03<06:31,  1.39it/s]Evaluating raw model output:  55%|█████▍    | 652/1194 [09:03<06:07,  1.48it/s]Evaluating raw model output:  55%|█████▍    | 653/1194 [09:04<05:49,  1.55it/s]Evaluating raw model output:  55%|█████▍    | 654/1194 [09:05<06:59,  1.29it/s]Evaluating raw model output:  55%|█████▍    | 655/1194 [09:05<06:19,  1.42it/s]Evaluating raw model output:  55%|█████▍    | 656/1194 [09:06<05:51,  1.53it/s]Evaluating raw model output:  55%|█████▌    | 657/1194 [09:06<05:30,  1.63it/s]Evaluating raw model output:  55%|█████▌    | 658/1194 [09:07<06:45,  1.32it/s]Evaluating raw model output:  55%|█████▌    | 659/1194 [09:08<06:23,  1.39it/s]Evaluating raw model output:  55%|█████▌    | 660/1194 [09:09<07:51,  1.13it/s]Evaluating raw model output:  55%|█████▌    | 661/1194 [09:10<06:59,  1.27it/s]Evaluating raw model output:  55%|█████▌    | 662/1194 [09:11<06:34,  1.35it/s]Evaluating raw model output:  56%|█████▌    | 663/1194 [09:11<06:59,  1.27it/s]Evaluating raw model output:  56%|█████▌    | 664/1194 [09:12<06:22,  1.39it/s]Evaluating raw model output:  56%|█████▌    | 665/1194 [09:13<05:51,  1.50it/s]Evaluating raw model output:  56%|█████▌    | 666/1194 [09:13<05:53,  1.49it/s]Evaluating raw model output:  56%|█████▌    | 667/1194 [09:14<06:28,  1.36it/s]Evaluating raw model output:  56%|█████▌    | 668/1194 [09:15<05:58,  1.47it/s]Evaluating raw model output:  56%|█████▌    | 669/1194 [09:15<05:33,  1.57it/s]Evaluating raw model output:  56%|█████▌    | 670/1194 [09:16<05:15,  1.66it/s]Evaluating raw model output:  56%|█████▌    | 671/1194 [09:16<05:13,  1.67it/s]Evaluating raw model output:  56%|█████▋    | 672/1194 [09:17<05:33,  1.57it/s]Evaluating raw model output:  56%|█████▋    | 673/1194 [09:18<05:55,  1.46it/s]Evaluating raw model output:  56%|█████▋    | 674/1194 [09:18<05:50,  1.49it/s]Evaluating raw model output:  57%|█████▋    | 675/1194 [09:19<05:34,  1.55it/s]Evaluating raw model output:  57%|█████▋    | 676/1194 [09:20<05:18,  1.62it/s]Evaluating raw model output:  57%|█████▋    | 677/1194 [09:21<06:06,  1.41it/s]Evaluating raw model output:  57%|█████▋    | 678/1194 [09:21<05:45,  1.50it/s]Evaluating raw model output:  57%|█████▋    | 679/1194 [09:22<06:21,  1.35it/s]Evaluating raw model output:  57%|█████▋    | 680/1194 [09:23<05:53,  1.45it/s]Evaluating raw model output:  57%|█████▋    | 681/1194 [09:23<05:22,  1.59it/s]Evaluating raw model output:  57%|█████▋    | 682/1194 [09:24<05:17,  1.61it/s]Evaluating raw model output:  57%|█████▋    | 683/1194 [09:24<05:06,  1.67it/s]Evaluating raw model output:  57%|█████▋    | 684/1194 [09:25<05:53,  1.44it/s]Evaluating raw model output:  57%|█████▋    | 685/1194 [09:26<05:44,  1.48it/s]Evaluating raw model output:  57%|█████▋    | 686/1194 [09:26<05:22,  1.57it/s]Evaluating raw model output:  58%|█████▊    | 687/1194 [09:27<06:40,  1.27it/s]Evaluating raw model output:  58%|█████▊    | 688/1194 [09:28<05:54,  1.43it/s]Evaluating raw model output:  58%|█████▊    | 689/1194 [09:28<05:29,  1.53it/s]Evaluating raw model output:  58%|█████▊    | 690/1194 [09:29<05:34,  1.51it/s]Evaluating raw model output:  58%|█████▊    | 691/1194 [09:30<05:46,  1.45it/s]Evaluating raw model output:  58%|█████▊    | 692/1194 [09:31<07:09,  1.17it/s]Evaluating raw model output:  58%|█████▊    | 693/1194 [09:32<06:25,  1.30it/s]Evaluating raw model output:  58%|█████▊    | 694/1194 [09:32<05:53,  1.42it/s]Evaluating raw model output:  58%|█████▊    | 695/1194 [09:33<05:32,  1.50it/s]Evaluating raw model output:  58%|█████▊    | 696/1194 [09:34<06:16,  1.32it/s]Evaluating raw model output:  58%|█████▊    | 697/1194 [09:34<05:44,  1.44it/s]Evaluating raw model output:  58%|█████▊    | 698/1194 [09:35<06:41,  1.24it/s]Evaluating raw model output:  59%|█████▊    | 699/1194 [09:36<06:02,  1.36it/s]Evaluating raw model output:  59%|█████▊    | 700/1194 [09:37<05:38,  1.46it/s]Evaluating raw model output:  59%|█████▊    | 701/1194 [09:37<05:17,  1.55it/s]Evaluating raw model output:  59%|█████▉    | 702/1194 [09:38<05:01,  1.63it/s]Evaluating raw model output:  59%|█████▉    | 703/1194 [09:39<07:05,  1.15it/s]Evaluating raw model output:  59%|█████▉    | 704/1194 [09:41<08:54,  1.09s/it]Evaluating raw model output:  59%|█████▉    | 705/1194 [09:41<07:37,  1.07it/s]Evaluating raw model output:  59%|█████▉    | 706/1194 [09:42<06:38,  1.22it/s]Evaluating raw model output:  59%|█████▉    | 707/1194 [09:43<08:19,  1.03s/it]Evaluating raw model output:  59%|█████▉    | 708/1194 [09:44<07:06,  1.14it/s]Evaluating raw model output:  59%|█████▉    | 709/1194 [09:44<06:18,  1.28it/s]Evaluating raw model output:  59%|█████▉    | 710/1194 [09:45<05:43,  1.41it/s]Evaluating raw model output:  60%|█████▉    | 711/1194 [09:46<06:19,  1.27it/s]Evaluating raw model output:  60%|█████▉    | 712/1194 [09:47<05:45,  1.40it/s]Evaluating raw model output:  60%|█████▉    | 713/1194 [09:47<05:22,  1.49it/s]Evaluating raw model output:  60%|█████▉    | 714/1194 [09:48<05:03,  1.58it/s]Evaluating raw model output:  60%|█████▉    | 715/1194 [09:48<04:48,  1.66it/s]Evaluating raw model output:  60%|█████▉    | 716/1194 [09:49<04:39,  1.71it/s]Evaluating raw model output:  60%|██████    | 717/1194 [09:49<04:52,  1.63it/s]Evaluating raw model output:  60%|██████    | 718/1194 [09:50<04:40,  1.69it/s]Evaluating raw model output:  60%|██████    | 719/1194 [09:52<07:17,  1.09it/s]Evaluating raw model output:  60%|██████    | 720/1194 [09:52<06:22,  1.24it/s]Evaluating raw model output:  60%|██████    | 721/1194 [09:53<05:47,  1.36it/s]Evaluating raw model output:  60%|██████    | 722/1194 [09:53<05:32,  1.42it/s]Evaluating raw model output:  61%|██████    | 723/1194 [09:55<06:38,  1.18it/s]Evaluating raw model output:  61%|██████    | 724/1194 [09:55<06:02,  1.30it/s]Evaluating raw model output:  61%|██████    | 725/1194 [09:56<05:31,  1.42it/s]Evaluating raw model output:  61%|██████    | 726/1194 [09:56<05:07,  1.52it/s]Evaluating raw model output:  61%|██████    | 727/1194 [09:57<05:07,  1.52it/s]Evaluating raw model output:  61%|██████    | 728/1194 [09:58<05:33,  1.40it/s]Evaluating raw model output:  61%|██████    | 729/1194 [09:58<05:04,  1.53it/s]Evaluating raw model output:  61%|██████    | 730/1194 [09:59<04:47,  1.62it/s]Evaluating raw model output:  61%|██████    | 731/1194 [09:59<04:37,  1.67it/s]Evaluating raw model output:  61%|██████▏   | 732/1194 [10:00<04:31,  1.70it/s]Evaluating raw model output:  61%|██████▏   | 733/1194 [10:01<06:24,  1.20it/s]Evaluating raw model output:  61%|██████▏   | 734/1194 [10:02<05:41,  1.35it/s]Evaluating raw model output:  62%|██████▏   | 735/1194 [10:02<05:14,  1.46it/s]Evaluating raw model output:  62%|██████▏   | 736/1194 [10:03<04:51,  1.57it/s]Evaluating raw model output:  62%|██████▏   | 737/1194 [10:03<04:37,  1.65it/s]Evaluating raw model output:  62%|██████▏   | 738/1194 [10:04<04:28,  1.70it/s]Evaluating raw model output:  62%|██████▏   | 739/1194 [10:04<04:13,  1.79it/s]Evaluating raw model output:  62%|██████▏   | 740/1194 [10:05<04:24,  1.71it/s]Evaluating raw model output:  62%|██████▏   | 741/1194 [10:06<05:19,  1.42it/s]Evaluating raw model output:  62%|██████▏   | 742/1194 [10:07<06:28,  1.16it/s]Evaluating raw model output:  62%|██████▏   | 743/1194 [10:09<07:49,  1.04s/it]Evaluating raw model output:  62%|██████▏   | 744/1194 [10:09<06:45,  1.11it/s]Evaluating raw model output:  62%|██████▏   | 745/1194 [10:10<06:02,  1.24it/s]Evaluating raw model output:  62%|██████▏   | 746/1194 [10:11<05:28,  1.36it/s]Evaluating raw model output:  63%|██████▎   | 747/1194 [10:11<04:58,  1.50it/s]Evaluating raw model output:  63%|██████▎   | 748/1194 [10:12<04:44,  1.57it/s]Evaluating raw model output:  63%|██████▎   | 749/1194 [10:12<04:30,  1.64it/s]Evaluating raw model output:  63%|██████▎   | 750/1194 [10:13<04:31,  1.63it/s]Evaluating raw model output:  63%|██████▎   | 751/1194 [10:14<05:17,  1.40it/s]Evaluating raw model output:  63%|██████▎   | 752/1194 [10:14<04:53,  1.51it/s]Evaluating raw model output:  63%|██████▎   | 753/1194 [10:15<04:39,  1.58it/s]Evaluating raw model output:  63%|██████▎   | 754/1194 [10:15<04:26,  1.65it/s]Evaluating raw model output:  63%|██████▎   | 755/1194 [10:16<04:16,  1.71it/s]Evaluating raw model output:  63%|██████▎   | 756/1194 [10:16<04:08,  1.77it/s]Evaluating raw model output:  63%|██████▎   | 757/1194 [10:17<04:04,  1.78it/s]Evaluating raw model output:  63%|██████▎   | 758/1194 [10:18<04:01,  1.81it/s]Evaluating raw model output:  64%|██████▎   | 759/1194 [10:18<04:01,  1.80it/s]Evaluating raw model output:  64%|██████▎   | 760/1194 [10:19<03:59,  1.81it/s]Evaluating raw model output:  64%|██████▎   | 761/1194 [10:20<04:43,  1.53it/s]Evaluating raw model output:  64%|██████▍   | 762/1194 [10:21<06:32,  1.10it/s]Evaluating raw model output:  64%|██████▍   | 763/1194 [10:22<05:50,  1.23it/s]Evaluating raw model output:  64%|██████▍   | 764/1194 [10:22<05:13,  1.37it/s]Evaluating raw model output:  64%|██████▍   | 765/1194 [10:23<04:51,  1.47it/s]Evaluating raw model output:  64%|██████▍   | 766/1194 [10:23<04:37,  1.54it/s]Evaluating raw model output:  64%|██████▍   | 767/1194 [10:24<04:26,  1.60it/s]Evaluating raw model output:  64%|██████▍   | 768/1194 [10:24<04:15,  1.67it/s]Evaluating raw model output:  64%|██████▍   | 769/1194 [10:25<04:09,  1.71it/s]Evaluating raw model output:  64%|██████▍   | 770/1194 [10:25<04:04,  1.73it/s]Evaluating raw model output:  65%|██████▍   | 771/1194 [10:26<04:00,  1.76it/s]Evaluating raw model output:  65%|██████▍   | 772/1194 [10:27<03:56,  1.78it/s]Evaluating raw model output:  65%|██████▍   | 773/1194 [10:28<04:59,  1.41it/s]Evaluating raw model output:  65%|██████▍   | 774/1194 [10:29<05:48,  1.21it/s]Evaluating raw model output:  65%|██████▍   | 775/1194 [10:29<05:05,  1.37it/s]Evaluating raw model output:  65%|██████▍   | 776/1194 [10:30<04:46,  1.46it/s]Evaluating raw model output:  65%|██████▌   | 777/1194 [10:31<06:09,  1.13it/s]Evaluating raw model output:  65%|██████▌   | 778/1194 [10:32<06:50,  1.01it/s]Evaluating raw model output:  65%|██████▌   | 779/1194 [10:33<05:59,  1.16it/s]Evaluating raw model output:  65%|██████▌   | 780/1194 [10:34<05:19,  1.29it/s]Evaluating raw model output:  65%|██████▌   | 781/1194 [10:34<04:56,  1.39it/s]Evaluating raw model output:  65%|██████▌   | 782/1194 [10:35<05:28,  1.25it/s]Evaluating raw model output:  66%|██████▌   | 783/1194 [10:36<05:08,  1.33it/s]Evaluating raw model output:  66%|██████▌   | 784/1194 [10:36<04:43,  1.45it/s]Evaluating raw model output:  66%|██████▌   | 785/1194 [10:37<04:19,  1.58it/s]Evaluating raw model output:  66%|██████▌   | 786/1194 [10:37<04:06,  1.65it/s]Evaluating raw model output:  66%|██████▌   | 787/1194 [10:38<03:52,  1.75it/s]Evaluating raw model output:  66%|██████▌   | 788/1194 [10:38<03:48,  1.78it/s]Evaluating raw model output:  66%|██████▌   | 789/1194 [10:39<03:53,  1.74it/s]Evaluating raw model output:  66%|██████▌   | 790/1194 [10:40<03:50,  1.75it/s]Evaluating raw model output:  66%|██████▌   | 791/1194 [10:40<03:44,  1.79it/s]Evaluating raw model output:  66%|██████▋   | 792/1194 [10:41<03:36,  1.86it/s]Evaluating raw model output:  66%|██████▋   | 793/1194 [10:41<03:31,  1.90it/s]Evaluating raw model output:  66%|██████▋   | 794/1194 [10:42<03:41,  1.81it/s]Evaluating raw model output:  67%|██████▋   | 795/1194 [10:42<03:50,  1.73it/s]Evaluating raw model output:  67%|██████▋   | 796/1194 [10:43<04:50,  1.37it/s]Evaluating raw model output:  67%|██████▋   | 797/1194 [10:44<04:55,  1.34it/s]Evaluating raw model output:  67%|██████▋   | 798/1194 [10:45<04:41,  1.41it/s]Evaluating raw model output:  67%|██████▋   | 799/1194 [10:45<04:33,  1.44it/s]Evaluating raw model output:  67%|██████▋   | 800/1194 [10:46<04:27,  1.47it/s]Evaluating raw model output:  67%|██████▋   | 801/1194 [10:47<04:17,  1.53it/s]Evaluating raw model output:  67%|██████▋   | 802/1194 [10:48<04:46,  1.37it/s]Evaluating raw model output:  67%|██████▋   | 803/1194 [10:48<04:26,  1.47it/s]Evaluating raw model output:  67%|██████▋   | 804/1194 [10:49<03:59,  1.63it/s]Evaluating raw model output:  67%|██████▋   | 805/1194 [10:49<03:52,  1.67it/s]Evaluating raw model output:  68%|██████▊   | 806/1194 [10:50<03:47,  1.70it/s]Evaluating raw model output:  68%|██████▊   | 807/1194 [10:50<03:44,  1.72it/s]Evaluating raw model output:  68%|██████▊   | 808/1194 [10:51<03:38,  1.77it/s]Evaluating raw model output:  68%|██████▊   | 809/1194 [10:52<04:28,  1.43it/s]Evaluating raw model output:  68%|██████▊   | 810/1194 [10:52<04:09,  1.54it/s]Evaluating raw model output:  68%|██████▊   | 811/1194 [10:53<03:57,  1.62it/s]Evaluating raw model output:  68%|██████▊   | 812/1194 [10:54<03:51,  1.65it/s]Evaluating raw model output:  68%|██████▊   | 813/1194 [10:54<03:41,  1.72it/s]Evaluating raw model output:  68%|██████▊   | 814/1194 [10:55<03:40,  1.73it/s]Evaluating raw model output:  68%|██████▊   | 815/1194 [10:56<04:39,  1.35it/s]Evaluating raw model output:  68%|██████▊   | 816/1194 [10:56<04:18,  1.46it/s]Evaluating raw model output:  68%|██████▊   | 817/1194 [10:57<04:08,  1.52it/s]Evaluating raw model output:  69%|██████▊   | 818/1194 [10:57<03:50,  1.63it/s]Evaluating raw model output:  69%|██████▊   | 819/1194 [10:59<05:34,  1.12it/s]Evaluating raw model output:  69%|██████▊   | 820/1194 [11:01<06:55,  1.11s/it]Evaluating raw model output:  69%|██████▉   | 821/1194 [11:01<05:55,  1.05it/s]Evaluating raw model output:  69%|██████▉   | 822/1194 [11:02<06:26,  1.04s/it]Evaluating raw model output:  69%|██████▉   | 823/1194 [11:03<05:32,  1.12it/s]Evaluating raw model output:  69%|██████▉   | 824/1194 [11:04<04:57,  1.25it/s]Evaluating raw model output:  69%|██████▉   | 825/1194 [11:04<04:27,  1.38it/s]Evaluating raw model output:  69%|██████▉   | 826/1194 [11:05<04:07,  1.48it/s]Evaluating raw model output:  69%|██████▉   | 827/1194 [11:05<03:54,  1.57it/s]Evaluating raw model output:  69%|██████▉   | 828/1194 [11:06<03:43,  1.64it/s]Evaluating raw model output:  69%|██████▉   | 829/1194 [11:06<03:34,  1.70it/s]Evaluating raw model output:  70%|██████▉   | 830/1194 [11:07<04:40,  1.30it/s]Evaluating raw model output:  70%|██████▉   | 831/1194 [11:09<05:12,  1.16it/s]Evaluating raw model output:  70%|██████▉   | 832/1194 [11:09<04:32,  1.33it/s]Evaluating raw model output:  70%|██████▉   | 833/1194 [11:10<04:08,  1.45it/s]Evaluating raw model output:  70%|██████▉   | 834/1194 [11:10<03:52,  1.55it/s]Evaluating raw model output:  70%|██████▉   | 835/1194 [11:11<04:47,  1.25it/s]Evaluating raw model output:  70%|███████   | 836/1194 [11:12<04:20,  1.38it/s]Evaluating raw model output:  70%|███████   | 837/1194 [11:12<04:00,  1.48it/s]Evaluating raw model output:  70%|███████   | 838/1194 [11:14<05:05,  1.17it/s]Evaluating raw model output:  70%|███████   | 839/1194 [11:15<05:08,  1.15it/s]Evaluating raw model output:  70%|███████   | 840/1194 [11:15<04:26,  1.33it/s]Evaluating raw model output:  70%|███████   | 841/1194 [11:16<04:03,  1.45it/s]Evaluating raw model output:  71%|███████   | 842/1194 [11:16<03:41,  1.59it/s]Evaluating raw model output:  71%|███████   | 843/1194 [11:17<03:34,  1.63it/s]Evaluating raw model output:  71%|███████   | 844/1194 [11:17<03:27,  1.69it/s]Evaluating raw model output:  71%|███████   | 845/1194 [11:18<03:22,  1.72it/s]Evaluating raw model output:  71%|███████   | 846/1194 [11:19<04:13,  1.37it/s]Evaluating raw model output:  71%|███████   | 847/1194 [11:20<04:49,  1.20it/s]Evaluating raw model output:  71%|███████   | 848/1194 [11:21<04:28,  1.29it/s]Evaluating raw model output:  71%|███████   | 849/1194 [11:21<04:36,  1.25it/s]Evaluating raw model output:  71%|███████   | 850/1194 [11:22<04:21,  1.32it/s]Evaluating raw model output:  71%|███████▏  | 851/1194 [11:23<03:57,  1.44it/s]Evaluating raw model output:  71%|███████▏  | 852/1194 [11:23<03:53,  1.46it/s]Evaluating raw model output:  71%|███████▏  | 853/1194 [11:24<03:51,  1.48it/s]Evaluating raw model output:  72%|███████▏  | 854/1194 [11:24<03:36,  1.57it/s]Evaluating raw model output:  72%|███████▏  | 855/1194 [11:25<03:40,  1.54it/s]Evaluating raw model output:  72%|███████▏  | 856/1194 [11:26<04:07,  1.36it/s]Evaluating raw model output:  72%|███████▏  | 857/1194 [11:27<03:48,  1.47it/s]Evaluating raw model output:  72%|███████▏  | 858/1194 [11:27<03:32,  1.58it/s]Evaluating raw model output:  72%|███████▏  | 859/1194 [11:28<03:19,  1.68it/s]Evaluating raw model output:  72%|███████▏  | 860/1194 [11:28<03:19,  1.68it/s]Evaluating raw model output:  72%|███████▏  | 861/1194 [11:29<03:09,  1.76it/s]Evaluating raw model output:  72%|███████▏  | 862/1194 [11:29<03:07,  1.77it/s]Evaluating raw model output:  72%|███████▏  | 863/1194 [11:30<03:05,  1.79it/s]Evaluating raw model output:  72%|███████▏  | 864/1194 [11:30<03:06,  1.77it/s]Evaluating raw model output:  72%|███████▏  | 865/1194 [11:31<03:43,  1.47it/s]Evaluating raw model output:  73%|███████▎  | 866/1194 [11:32<03:30,  1.56it/s]Evaluating raw model output:  73%|███████▎  | 867/1194 [11:33<04:01,  1.35it/s]Evaluating raw model output:  73%|███████▎  | 868/1194 [11:33<03:43,  1.46it/s]Evaluating raw model output:  73%|███████▎  | 869/1194 [11:34<03:32,  1.53it/s]Evaluating raw model output:  73%|███████▎  | 870/1194 [11:35<04:00,  1.35it/s]Evaluating raw model output:  73%|███████▎  | 871/1194 [11:36<03:42,  1.45it/s]Evaluating raw model output:  73%|███████▎  | 872/1194 [11:36<03:27,  1.55it/s]Evaluating raw model output:  73%|███████▎  | 873/1194 [11:37<03:17,  1.62it/s]Evaluating raw model output:  73%|███████▎  | 874/1194 [11:37<03:07,  1.71it/s]Evaluating raw model output:  73%|███████▎  | 875/1194 [11:38<03:03,  1.74it/s]Evaluating raw model output:  73%|███████▎  | 876/1194 [11:38<03:01,  1.76it/s]Evaluating raw model output:  73%|███████▎  | 877/1194 [11:39<02:58,  1.77it/s]Evaluating raw model output:  74%|███████▎  | 878/1194 [11:39<02:49,  1.86it/s]Evaluating raw model output:  74%|███████▎  | 879/1194 [11:40<02:48,  1.86it/s]Evaluating raw model output:  74%|███████▎  | 880/1194 [11:40<02:49,  1.85it/s]Evaluating raw model output:  74%|███████▍  | 881/1194 [11:41<03:22,  1.55it/s]Evaluating raw model output:  74%|███████▍  | 882/1194 [11:42<03:50,  1.35it/s]Evaluating raw model output:  74%|███████▍  | 883/1194 [11:43<04:04,  1.27it/s]Evaluating raw model output:  74%|███████▍  | 884/1194 [11:44<04:32,  1.14it/s]Evaluating raw model output:  74%|███████▍  | 885/1194 [11:45<04:44,  1.09it/s]Evaluating raw model output:  74%|███████▍  | 886/1194 [11:46<04:10,  1.23it/s]Evaluating raw model output:  74%|███████▍  | 887/1194 [11:47<04:35,  1.12it/s]Evaluating raw model output:  74%|███████▍  | 888/1194 [11:47<04:01,  1.27it/s]Evaluating raw model output:  74%|███████▍  | 889/1194 [11:49<05:32,  1.09s/it]Evaluating raw model output:  75%|███████▍  | 890/1194 [11:50<04:40,  1.09it/s]Evaluating raw model output:  75%|███████▍  | 891/1194 [11:50<04:04,  1.24it/s]Evaluating raw model output:  75%|███████▍  | 892/1194 [11:51<03:42,  1.36it/s]Evaluating raw model output:  75%|███████▍  | 893/1194 [11:52<04:31,  1.11it/s]Evaluating raw model output:  75%|███████▍  | 894/1194 [11:53<03:58,  1.26it/s]Evaluating raw model output:  75%|███████▍  | 895/1194 [11:54<05:00,  1.01s/it]Evaluating raw model output:  75%|███████▌  | 896/1194 [11:55<04:17,  1.16it/s]Evaluating raw model output:  75%|███████▌  | 897/1194 [11:56<04:40,  1.06it/s]Evaluating raw model output:  75%|███████▌  | 898/1194 [11:57<04:14,  1.16it/s]Evaluating raw model output:  75%|███████▌  | 899/1194 [11:58<05:06,  1.04s/it]Evaluating raw model output:  75%|███████▌  | 900/1194 [11:59<04:44,  1.03it/s]Evaluating raw model output:  75%|███████▌  | 901/1194 [11:59<04:19,  1.13it/s]Evaluating raw model output:  76%|███████▌  | 902/1194 [12:00<04:02,  1.21it/s]Evaluating raw model output:  76%|███████▌  | 903/1194 [12:01<03:48,  1.27it/s]Evaluating raw model output:  76%|███████▌  | 904/1194 [12:02<03:42,  1.31it/s]Evaluating raw model output:  76%|███████▌  | 905/1194 [12:02<03:35,  1.34it/s]Evaluating raw model output:  76%|███████▌  | 906/1194 [12:03<03:26,  1.39it/s]Evaluating raw model output:  76%|███████▌  | 907/1194 [12:03<03:09,  1.51it/s]Evaluating raw model output:  76%|███████▌  | 908/1194 [12:04<03:28,  1.37it/s]Evaluating raw model output:  76%|███████▌  | 909/1194 [12:05<03:09,  1.50it/s]Evaluating raw model output:  76%|███████▌  | 910/1194 [12:05<02:53,  1.63it/s]Evaluating raw model output:  76%|███████▋  | 911/1194 [12:06<02:49,  1.67it/s]Evaluating raw model output:  76%|███████▋  | 912/1194 [12:06<02:42,  1.73it/s]Evaluating raw model output:  76%|███████▋  | 913/1194 [12:07<02:36,  1.80it/s]Evaluating raw model output:  77%|███████▋  | 914/1194 [12:08<02:40,  1.75it/s]Evaluating raw model output:  77%|███████▋  | 915/1194 [12:08<02:38,  1.76it/s]Evaluating raw model output:  77%|███████▋  | 916/1194 [12:09<03:44,  1.24it/s]Evaluating raw model output:  77%|███████▋  | 917/1194 [12:10<03:23,  1.36it/s]Evaluating raw model output:  77%|███████▋  | 918/1194 [12:11<03:06,  1.48it/s]Evaluating raw model output:  77%|███████▋  | 919/1194 [12:11<02:57,  1.55it/s]Evaluating raw model output:  77%|███████▋  | 920/1194 [12:12<02:47,  1.63it/s]Evaluating raw model output:  77%|███████▋  | 921/1194 [12:13<03:13,  1.41it/s]Evaluating raw model output:  77%|███████▋  | 922/1194 [12:13<03:02,  1.49it/s]Evaluating raw model output:  77%|███████▋  | 923/1194 [12:14<02:51,  1.58it/s]Evaluating raw model output:  77%|███████▋  | 924/1194 [12:15<03:18,  1.36it/s]Evaluating raw model output:  77%|███████▋  | 925/1194 [12:15<02:57,  1.52it/s]Evaluating raw model output:  78%|███████▊  | 926/1194 [12:16<02:45,  1.62it/s]Evaluating raw model output:  78%|███████▊  | 927/1194 [12:16<02:34,  1.72it/s]Evaluating raw model output:  78%|███████▊  | 928/1194 [12:17<02:33,  1.73it/s]Evaluating raw model output:  78%|███████▊  | 929/1194 [12:17<02:34,  1.72it/s]Evaluating raw model output:  78%|███████▊  | 930/1194 [12:18<02:31,  1.74it/s]Evaluating raw model output:  78%|███████▊  | 931/1194 [12:19<02:31,  1.74it/s]Evaluating raw model output:  78%|███████▊  | 932/1194 [12:19<02:30,  1.75it/s]Evaluating raw model output:  78%|███████▊  | 933/1194 [12:20<02:31,  1.72it/s]Evaluating raw model output:  78%|███████▊  | 934/1194 [12:20<02:26,  1.78it/s]Evaluating raw model output:  78%|███████▊  | 935/1194 [12:21<02:29,  1.74it/s]Evaluating raw model output:  78%|███████▊  | 936/1194 [12:21<02:26,  1.77it/s]Evaluating raw model output:  78%|███████▊  | 937/1194 [12:22<02:24,  1.78it/s]Evaluating raw model output:  79%|███████▊  | 938/1194 [12:23<03:28,  1.23it/s]Evaluating raw model output:  79%|███████▊  | 939/1194 [12:24<03:13,  1.32it/s]Evaluating raw model output:  79%|███████▊  | 940/1194 [12:25<03:04,  1.37it/s]Evaluating raw model output:  79%|███████▉  | 941/1194 [12:25<02:53,  1.46it/s]Evaluating raw model output:  79%|███████▉  | 942/1194 [12:26<02:37,  1.60it/s]Evaluating raw model output:  79%|███████▉  | 943/1194 [12:27<02:58,  1.40it/s]Evaluating raw model output:  79%|███████▉  | 944/1194 [12:27<02:45,  1.51it/s]Evaluating raw model output:  79%|███████▉  | 945/1194 [12:28<02:34,  1.61it/s]Evaluating raw model output:  79%|███████▉  | 946/1194 [12:28<02:27,  1.68it/s]Evaluating raw model output:  79%|███████▉  | 947/1194 [12:29<02:18,  1.78it/s]Evaluating raw model output:  79%|███████▉  | 948/1194 [12:29<02:15,  1.81it/s]Evaluating raw model output:  79%|███████▉  | 949/1194 [12:30<03:04,  1.33it/s]Evaluating raw model output:  80%|███████▉  | 950/1194 [12:31<02:48,  1.45it/s]Evaluating raw model output:  80%|███████▉  | 951/1194 [12:32<02:36,  1.55it/s]Evaluating raw model output:  80%|███████▉  | 952/1194 [12:32<02:28,  1.63it/s]Evaluating raw model output:  80%|███████▉  | 953/1194 [12:33<02:20,  1.72it/s]Evaluating raw model output:  80%|███████▉  | 954/1194 [12:33<02:15,  1.77it/s]Evaluating raw model output:  80%|███████▉  | 955/1194 [12:34<02:12,  1.80it/s]Evaluating raw model output:  80%|████████  | 956/1194 [12:35<02:59,  1.33it/s]Evaluating raw model output:  80%|████████  | 957/1194 [12:36<02:53,  1.37it/s]Evaluating raw model output:  80%|████████  | 958/1194 [12:36<02:45,  1.43it/s]Evaluating raw model output:  80%|████████  | 959/1194 [12:37<03:03,  1.28it/s]Evaluating raw model output:  80%|████████  | 960/1194 [12:38<02:54,  1.34it/s]Evaluating raw model output:  80%|████████  | 961/1194 [12:38<02:44,  1.42it/s]Evaluating raw model output:  81%|████████  | 962/1194 [12:40<03:15,  1.19it/s]Evaluating raw model output:  81%|████████  | 963/1194 [12:40<03:00,  1.28it/s]Evaluating raw model output:  81%|████████  | 964/1194 [12:42<03:42,  1.04it/s]Evaluating raw model output:  81%|████████  | 965/1194 [12:42<03:12,  1.19it/s]Evaluating raw model output:  81%|████████  | 966/1194 [12:43<02:52,  1.32it/s]Evaluating raw model output:  81%|████████  | 967/1194 [12:43<02:37,  1.44it/s]Evaluating raw model output:  81%|████████  | 968/1194 [12:44<03:03,  1.23it/s]Evaluating raw model output:  81%|████████  | 969/1194 [12:45<02:46,  1.35it/s]Evaluating raw model output:  81%|████████  | 970/1194 [12:45<02:32,  1.47it/s]Evaluating raw model output:  81%|████████▏ | 971/1194 [12:46<02:24,  1.55it/s]Evaluating raw model output:  81%|████████▏ | 972/1194 [12:47<03:02,  1.21it/s]Evaluating raw model output:  81%|████████▏ | 973/1194 [12:48<02:44,  1.34it/s]Evaluating raw model output:  82%|████████▏ | 974/1194 [12:48<02:30,  1.46it/s]Evaluating raw model output:  82%|████████▏ | 975/1194 [12:49<02:21,  1.55it/s]Evaluating raw model output:  82%|████████▏ | 976/1194 [12:50<02:42,  1.34it/s]Evaluating raw model output:  82%|████████▏ | 977/1194 [12:50<02:29,  1.45it/s]Evaluating raw model output:  82%|████████▏ | 978/1194 [12:51<02:44,  1.32it/s]Evaluating raw model output:  82%|████████▏ | 979/1194 [12:52<02:35,  1.38it/s]Evaluating raw model output:  82%|████████▏ | 980/1194 [12:53<02:29,  1.43it/s]Evaluating raw model output:  82%|████████▏ | 981/1194 [12:53<02:19,  1.53it/s]Evaluating raw model output:  82%|████████▏ | 982/1194 [12:54<02:24,  1.46it/s]Evaluating raw model output:  82%|████████▏ | 983/1194 [12:55<02:16,  1.55it/s]Evaluating raw model output:  82%|████████▏ | 984/1194 [12:56<03:17,  1.07it/s]Evaluating raw model output:  82%|████████▏ | 985/1194 [12:57<02:50,  1.22it/s]Evaluating raw model output:  83%|████████▎ | 986/1194 [12:58<03:16,  1.06it/s]Evaluating raw model output:  83%|████████▎ | 987/1194 [12:58<02:51,  1.21it/s]Evaluating raw model output:  83%|████████▎ | 988/1194 [12:59<02:31,  1.36it/s]Evaluating raw model output:  83%|████████▎ | 989/1194 [13:00<02:21,  1.45it/s]Evaluating raw model output:  83%|████████▎ | 990/1194 [13:00<02:11,  1.55it/s]Evaluating raw model output:  83%|████████▎ | 991/1194 [13:01<02:05,  1.61it/s]Evaluating raw model output:  83%|████████▎ | 992/1194 [13:01<01:56,  1.73it/s]Evaluating raw model output:  83%|████████▎ | 993/1194 [13:02<01:56,  1.73it/s]Evaluating raw model output:  83%|████████▎ | 994/1194 [13:02<01:52,  1.78it/s]Evaluating raw model output:  83%|████████▎ | 995/1194 [13:03<01:51,  1.79it/s]Evaluating raw model output:  83%|████████▎ | 996/1194 [13:03<01:50,  1.80it/s]Evaluating raw model output:  84%|████████▎ | 997/1194 [13:04<02:21,  1.40it/s]Evaluating raw model output:  84%|████████▎ | 998/1194 [13:05<02:32,  1.28it/s]Evaluating raw model output:  84%|████████▎ | 999/1194 [13:06<02:17,  1.42it/s]Evaluating raw model output:  84%|████████▍ | 1000/1194 [13:06<02:08,  1.52it/s]Evaluating raw model output:  84%|████████▍ | 1001/1194 [13:07<01:57,  1.64it/s]Evaluating raw model output:  84%|████████▍ | 1002/1194 [13:07<01:53,  1.69it/s]Evaluating raw model output:  84%|████████▍ | 1003/1194 [13:08<02:12,  1.45it/s]Evaluating raw model output:  84%|████████▍ | 1004/1194 [13:09<02:06,  1.50it/s]Evaluating raw model output:  84%|████████▍ | 1005/1194 [13:10<02:01,  1.56it/s]Evaluating raw model output:  84%|████████▍ | 1006/1194 [13:10<01:57,  1.61it/s]Evaluating raw model output:  84%|████████▍ | 1007/1194 [13:11<01:54,  1.63it/s]Evaluating raw model output:  84%|████████▍ | 1008/1194 [13:12<02:12,  1.40it/s]Evaluating raw model output:  85%|████████▍ | 1009/1194 [13:12<02:11,  1.41it/s]Evaluating raw model output:  85%|████████▍ | 1010/1194 [13:13<02:19,  1.32it/s]Evaluating raw model output:  85%|████████▍ | 1011/1194 [13:14<02:36,  1.17it/s]Evaluating raw model output:  85%|████████▍ | 1012/1194 [13:15<02:21,  1.29it/s]Evaluating raw model output:  85%|████████▍ | 1013/1194 [13:16<02:30,  1.20it/s]Evaluating raw model output:  85%|████████▍ | 1014/1194 [13:17<02:16,  1.32it/s]Evaluating raw model output:  85%|████████▌ | 1015/1194 [13:17<02:05,  1.42it/s]Evaluating raw model output:  85%|████████▌ | 1016/1194 [13:18<01:58,  1.50it/s]Evaluating raw model output:  85%|████████▌ | 1017/1194 [13:19<02:31,  1.17it/s]Evaluating raw model output:  85%|████████▌ | 1018/1194 [13:20<02:14,  1.31it/s]Evaluating raw model output:  85%|████████▌ | 1019/1194 [13:20<02:03,  1.41it/s]Evaluating raw model output:  85%|████████▌ | 1020/1194 [13:21<01:55,  1.51it/s]Evaluating raw model output:  86%|████████▌ | 1021/1194 [13:21<01:48,  1.59it/s]Evaluating raw model output:  86%|████████▌ | 1022/1194 [13:22<01:40,  1.71it/s]Evaluating raw model output:  86%|████████▌ | 1023/1194 [13:22<01:35,  1.80it/s]Evaluating raw model output:  86%|████████▌ | 1024/1194 [13:23<01:34,  1.79it/s]Evaluating raw model output:  86%|████████▌ | 1025/1194 [13:23<01:34,  1.80it/s]Evaluating raw model output:  86%|████████▌ | 1026/1194 [13:24<01:33,  1.80it/s]Evaluating raw model output:  86%|████████▌ | 1027/1194 [13:25<02:05,  1.33it/s]Evaluating raw model output:  86%|████████▌ | 1028/1194 [13:26<02:11,  1.26it/s]Evaluating raw model output:  86%|████████▌ | 1029/1194 [13:26<01:55,  1.43it/s]Evaluating raw model output:  86%|████████▋ | 1030/1194 [13:27<01:43,  1.59it/s]Evaluating raw model output:  86%|████████▋ | 1031/1194 [13:27<01:38,  1.66it/s]Evaluating raw model output:  86%|████████▋ | 1032/1194 [13:28<01:34,  1.71it/s]Evaluating raw model output:  87%|████████▋ | 1033/1194 [13:28<01:28,  1.82it/s]Evaluating raw model output:  87%|████████▋ | 1034/1194 [13:29<01:33,  1.72it/s]Evaluating raw model output:  87%|████████▋ | 1035/1194 [13:30<01:36,  1.65it/s]Evaluating raw model output:  87%|████████▋ | 1036/1194 [13:31<01:47,  1.46it/s]Evaluating raw model output:  87%|████████▋ | 1037/1194 [13:31<01:48,  1.45it/s]Evaluating raw model output:  87%|████████▋ | 1038/1194 [13:32<01:40,  1.55it/s]Evaluating raw model output:  87%|████████▋ | 1039/1194 [13:32<01:34,  1.65it/s]Evaluating raw model output:  87%|████████▋ | 1040/1194 [13:33<01:31,  1.68it/s]Evaluating raw model output:  87%|████████▋ | 1041/1194 [13:34<01:46,  1.44it/s]Evaluating raw model output:  87%|████████▋ | 1042/1194 [13:35<01:56,  1.31it/s]Evaluating raw model output:  87%|████████▋ | 1043/1194 [13:36<02:03,  1.22it/s]Evaluating raw model output:  87%|████████▋ | 1044/1194 [13:36<01:50,  1.36it/s]Evaluating raw model output:  88%|████████▊ | 1045/1194 [13:37<02:06,  1.18it/s]Evaluating raw model output:  88%|████████▊ | 1046/1194 [13:38<01:51,  1.32it/s]Evaluating raw model output:  88%|████████▊ | 1047/1194 [13:39<02:11,  1.12it/s]Evaluating raw model output:  88%|████████▊ | 1048/1194 [13:40<01:58,  1.23it/s]Evaluating raw model output:  88%|████████▊ | 1049/1194 [13:40<01:45,  1.38it/s]Evaluating raw model output:  88%|████████▊ | 1050/1194 [13:41<01:33,  1.53it/s]Evaluating raw model output:  88%|████████▊ | 1051/1194 [13:41<01:27,  1.63it/s]Evaluating raw model output:  88%|████████▊ | 1052/1194 [13:42<01:23,  1.70it/s]Evaluating raw model output:  88%|████████▊ | 1053/1194 [13:42<01:18,  1.79it/s]Evaluating raw model output:  88%|████████▊ | 1054/1194 [13:43<01:16,  1.82it/s]Evaluating raw model output:  88%|████████▊ | 1055/1194 [13:43<01:14,  1.87it/s]Evaluating raw model output:  88%|████████▊ | 1056/1194 [13:44<01:13,  1.89it/s]Evaluating raw model output:  89%|████████▊ | 1057/1194 [13:44<01:14,  1.84it/s]Evaluating raw model output:  89%|████████▊ | 1058/1194 [13:45<01:14,  1.83it/s]Evaluating raw model output:  89%|████████▊ | 1059/1194 [13:46<01:17,  1.74it/s]Evaluating raw model output:  89%|████████▉ | 1060/1194 [13:46<01:13,  1.82it/s]Evaluating raw model output:  89%|████████▉ | 1061/1194 [13:47<01:30,  1.47it/s]Evaluating raw model output:  89%|████████▉ | 1062/1194 [13:48<01:24,  1.57it/s]Evaluating raw model output:  89%|████████▉ | 1063/1194 [13:49<01:51,  1.18it/s]Evaluating raw model output:  89%|████████▉ | 1064/1194 [13:50<01:47,  1.20it/s]Evaluating raw model output:  89%|████████▉ | 1065/1194 [13:50<01:38,  1.30it/s]Evaluating raw model output:  89%|████████▉ | 1066/1194 [13:51<01:48,  1.18it/s]Evaluating raw model output:  89%|████████▉ | 1067/1194 [13:52<01:41,  1.25it/s]Evaluating raw model output:  89%|████████▉ | 1068/1194 [13:53<01:32,  1.36it/s]Evaluating raw model output:  90%|████████▉ | 1069/1194 [13:53<01:25,  1.47it/s]Evaluating raw model output:  90%|████████▉ | 1070/1194 [13:54<01:19,  1.56it/s]Evaluating raw model output:  90%|████████▉ | 1071/1194 [13:54<01:15,  1.64it/s]Evaluating raw model output:  90%|████████▉ | 1072/1194 [13:55<01:10,  1.74it/s]Evaluating raw model output:  90%|████████▉ | 1073/1194 [13:55<01:08,  1.76it/s]Evaluating raw model output:  90%|████████▉ | 1074/1194 [13:56<01:08,  1.76it/s]Evaluating raw model output:  90%|█████████ | 1075/1194 [13:57<01:07,  1.78it/s]Evaluating raw model output:  90%|█████████ | 1076/1194 [13:58<01:50,  1.07it/s]Evaluating raw model output:  90%|█████████ | 1077/1194 [13:59<01:35,  1.23it/s]Evaluating raw model output:  90%|█████████ | 1078/1194 [13:59<01:24,  1.37it/s]Evaluating raw model output:  90%|█████████ | 1079/1194 [14:00<01:18,  1.47it/s]Evaluating raw model output:  90%|█████████ | 1080/1194 [14:00<01:11,  1.60it/s]Evaluating raw model output:  91%|█████████ | 1081/1194 [14:01<01:09,  1.64it/s]Evaluating raw model output:  91%|█████████ | 1082/1194 [14:02<01:27,  1.28it/s]Evaluating raw model output:  91%|█████████ | 1083/1194 [14:03<01:20,  1.38it/s]Evaluating raw model output:  91%|█████████ | 1084/1194 [14:04<01:25,  1.28it/s]Evaluating raw model output:  91%|█████████ | 1085/1194 [14:04<01:17,  1.40it/s]Evaluating raw model output:  91%|█████████ | 1086/1194 [14:05<01:31,  1.18it/s]Evaluating raw model output:  91%|█████████ | 1087/1194 [14:07<01:47,  1.00s/it]Evaluating raw model output:  91%|█████████ | 1088/1194 [14:07<01:31,  1.16it/s]Evaluating raw model output:  91%|█████████ | 1089/1194 [14:08<01:20,  1.30it/s]Evaluating raw model output:  91%|█████████▏| 1090/1194 [14:08<01:13,  1.42it/s]Evaluating raw model output:  91%|█████████▏| 1091/1194 [14:10<01:23,  1.23it/s]Evaluating raw model output:  91%|█████████▏| 1092/1194 [14:11<01:35,  1.07it/s]Evaluating raw model output:  92%|█████████▏| 1093/1194 [14:11<01:24,  1.19it/s]Evaluating raw model output:  92%|█████████▏| 1094/1194 [14:12<01:15,  1.33it/s]Evaluating raw model output:  92%|█████████▏| 1095/1194 [14:12<01:09,  1.42it/s]Evaluating raw model output:  92%|█████████▏| 1096/1194 [14:13<01:16,  1.29it/s]Evaluating raw model output:  92%|█████████▏| 1097/1194 [14:14<01:08,  1.41it/s]Evaluating raw model output:  92%|█████████▏| 1098/1194 [14:15<01:07,  1.42it/s]Evaluating raw model output:  92%|█████████▏| 1099/1194 [14:15<01:02,  1.53it/s]Evaluating raw model output:  92%|█████████▏| 1100/1194 [14:16<00:57,  1.63it/s]Evaluating raw model output:  92%|█████████▏| 1101/1194 [14:17<01:09,  1.34it/s]Evaluating raw model output:  92%|█████████▏| 1102/1194 [14:17<01:03,  1.44it/s]Evaluating raw model output:  92%|█████████▏| 1103/1194 [14:18<01:08,  1.34it/s]Evaluating raw model output:  92%|█████████▏| 1104/1194 [14:19<01:01,  1.46it/s]Evaluating raw model output:  93%|█████████▎| 1105/1194 [14:19<00:58,  1.52it/s]Evaluating raw model output:  93%|█████████▎| 1106/1194 [14:20<00:55,  1.59it/s]Evaluating raw model output:  93%|█████████▎| 1107/1194 [14:22<01:19,  1.10it/s]Evaluating raw model output:  93%|█████████▎| 1108/1194 [14:23<01:23,  1.03it/s]Evaluating raw model output:  93%|█████████▎| 1109/1194 [14:24<01:22,  1.03it/s]Evaluating raw model output:  93%|█████████▎| 1110/1194 [14:24<01:10,  1.19it/s]Evaluating raw model output:  93%|█████████▎| 1111/1194 [14:25<01:03,  1.32it/s]Evaluating raw model output:  93%|█████████▎| 1112/1194 [14:26<01:06,  1.24it/s]Evaluating raw model output:  93%|█████████▎| 1113/1194 [14:26<01:01,  1.31it/s]Evaluating raw model output:  93%|█████████▎| 1114/1194 [14:28<01:25,  1.07s/it]Evaluating raw model output:  93%|█████████▎| 1115/1194 [14:29<01:13,  1.07it/s]Evaluating raw model output:  93%|█████████▎| 1116/1194 [14:30<01:18,  1.00s/it]Evaluating raw model output:  94%|█████████▎| 1117/1194 [14:30<01:07,  1.15it/s]Evaluating raw model output:  94%|█████████▎| 1118/1194 [14:31<00:58,  1.30it/s]Evaluating raw model output:  94%|█████████▎| 1119/1194 [14:32<00:53,  1.41it/s]Evaluating raw model output:  94%|█████████▍| 1120/1194 [14:32<00:58,  1.28it/s]Evaluating raw model output:  94%|█████████▍| 1121/1194 [14:33<00:51,  1.41it/s]Evaluating raw model output:  94%|█████████▍| 1122/1194 [14:34<00:48,  1.48it/s]Evaluating raw model output:  94%|█████████▍| 1123/1194 [14:34<00:45,  1.56it/s]Evaluating raw model output:  94%|█████████▍| 1124/1194 [14:35<00:42,  1.65it/s]Evaluating raw model output:  94%|█████████▍| 1125/1194 [14:36<00:47,  1.45it/s]Evaluating raw model output:  94%|█████████▍| 1126/1194 [14:36<00:45,  1.51it/s]Evaluating raw model output:  94%|█████████▍| 1127/1194 [14:37<00:41,  1.61it/s]Evaluating raw model output:  94%|█████████▍| 1128/1194 [14:38<00:46,  1.43it/s]Evaluating raw model output:  95%|█████████▍| 1129/1194 [14:38<00:40,  1.59it/s]Evaluating raw model output:  95%|█████████▍| 1130/1194 [14:39<00:39,  1.64it/s]Evaluating raw model output:  95%|█████████▍| 1131/1194 [14:39<00:36,  1.75it/s]Evaluating raw model output:  95%|█████████▍| 1132/1194 [14:40<00:34,  1.77it/s]Evaluating raw model output:  95%|█████████▍| 1133/1194 [14:40<00:33,  1.81it/s]Evaluating raw model output:  95%|█████████▍| 1134/1194 [14:41<00:32,  1.84it/s]Evaluating raw model output:  95%|█████████▌| 1135/1194 [14:41<00:31,  1.87it/s]Evaluating raw model output:  95%|█████████▌| 1136/1194 [14:42<00:38,  1.49it/s]Evaluating raw model output:  95%|█████████▌| 1137/1194 [14:43<00:37,  1.53it/s]Evaluating raw model output:  95%|█████████▌| 1138/1194 [14:43<00:34,  1.61it/s]Evaluating raw model output:  95%|█████████▌| 1139/1194 [14:44<00:32,  1.67it/s]Evaluating raw model output:  95%|█████████▌| 1140/1194 [14:44<00:31,  1.71it/s]Evaluating raw model output:  96%|█████████▌| 1141/1194 [14:45<00:29,  1.80it/s]Evaluating raw model output:  96%|█████████▌| 1142/1194 [14:46<00:34,  1.49it/s]Evaluating raw model output:  96%|█████████▌| 1143/1194 [14:46<00:32,  1.57it/s]Evaluating raw model output:  96%|█████████▌| 1144/1194 [14:47<00:30,  1.64it/s]Evaluating raw model output:  96%|█████████▌| 1145/1194 [14:47<00:28,  1.72it/s]Evaluating raw model output:  96%|█████████▌| 1146/1194 [14:48<00:27,  1.77it/s]Evaluating raw model output:  96%|█████████▌| 1147/1194 [14:48<00:25,  1.85it/s]Evaluating raw model output:  96%|█████████▌| 1148/1194 [14:49<00:25,  1.82it/s]Evaluating raw model output:  96%|█████████▌| 1149/1194 [14:50<00:24,  1.80it/s]Evaluating raw model output:  96%|█████████▋| 1150/1194 [14:50<00:24,  1.76it/s]Evaluating raw model output:  96%|█████████▋| 1151/1194 [14:51<00:32,  1.31it/s]Evaluating raw model output:  96%|█████████▋| 1152/1194 [14:52<00:29,  1.42it/s]Evaluating raw model output:  97%|█████████▋| 1153/1194 [14:53<00:27,  1.51it/s]Evaluating raw model output:  97%|█████████▋| 1154/1194 [14:53<00:24,  1.61it/s]Evaluating raw model output:  97%|█████████▋| 1155/1194 [14:54<00:23,  1.69it/s]Evaluating raw model output:  97%|█████████▋| 1156/1194 [14:54<00:21,  1.79it/s]Evaluating raw model output:  97%|█████████▋| 1157/1194 [14:55<00:20,  1.81it/s]Evaluating raw model output:  97%|█████████▋| 1158/1194 [14:56<00:24,  1.48it/s]Evaluating raw model output:  97%|█████████▋| 1159/1194 [14:56<00:22,  1.57it/s]Evaluating raw model output:  97%|█████████▋| 1160/1194 [14:57<00:20,  1.66it/s]Evaluating raw model output:  97%|█████████▋| 1161/1194 [14:58<00:26,  1.27it/s]Evaluating raw model output:  97%|█████████▋| 1162/1194 [14:58<00:22,  1.42it/s]Evaluating raw model output:  97%|█████████▋| 1163/1194 [14:59<00:19,  1.56it/s]Evaluating raw model output:  97%|█████████▋| 1164/1194 [14:59<00:17,  1.72it/s]Evaluating raw model output:  98%|█████████▊| 1165/1194 [15:00<00:16,  1.77it/s]Evaluating raw model output:  98%|█████████▊| 1166/1194 [15:01<00:18,  1.49it/s]Evaluating raw model output:  98%|█████████▊| 1167/1194 [15:01<00:16,  1.62it/s]Evaluating raw model output:  98%|█████████▊| 1168/1194 [15:02<00:15,  1.71it/s]Evaluating raw model output:  98%|█████████▊| 1169/1194 [15:03<00:19,  1.27it/s]Evaluating raw model output:  98%|█████████▊| 1170/1194 [15:04<00:20,  1.17it/s]Evaluating raw model output:  98%|█████████▊| 1171/1194 [15:05<00:21,  1.07it/s]Evaluating raw model output:  98%|█████████▊| 1172/1194 [15:06<00:17,  1.23it/s]Evaluating raw model output:  98%|█████████▊| 1173/1194 [15:06<00:15,  1.37it/s]Evaluating raw model output:  98%|█████████▊| 1174/1194 [15:07<00:13,  1.45it/s]Evaluating raw model output:  98%|█████████▊| 1175/1194 [15:07<00:12,  1.55it/s]Evaluating raw model output:  98%|█████████▊| 1176/1194 [15:08<00:10,  1.70it/s]Evaluating raw model output:  99%|█████████▊| 1177/1194 [15:09<00:12,  1.31it/s]Evaluating raw model output:  99%|█████████▊| 1178/1194 [15:10<00:11,  1.41it/s]Evaluating raw model output:  99%|█████████▊| 1179/1194 [15:11<00:13,  1.15it/s]Evaluating raw model output:  99%|█████████▉| 1180/1194 [15:11<00:10,  1.31it/s]Evaluating raw model output:  99%|█████████▉| 1181/1194 [15:12<00:09,  1.42it/s]Evaluating raw model output:  99%|█████████▉| 1182/1194 [15:12<00:07,  1.58it/s]Evaluating raw model output:  99%|█████████▉| 1183/1194 [15:13<00:06,  1.58it/s]Evaluating raw model output:  99%|█████████▉| 1184/1194 [15:14<00:06,  1.66it/s]Evaluating raw model output:  99%|█████████▉| 1185/1194 [15:14<00:05,  1.77it/s]Evaluating raw model output:  99%|█████████▉| 1186/1194 [15:15<00:04,  1.82it/s]Evaluating raw model output:  99%|█████████▉| 1187/1194 [15:16<00:04,  1.43it/s]Evaluating raw model output:  99%|█████████▉| 1188/1194 [15:16<00:03,  1.56it/s]Evaluating raw model output: 100%|█████████▉| 1189/1194 [15:17<00:03,  1.39it/s]Evaluating raw model output: 100%|█████████▉| 1190/1194 [15:17<00:02,  1.54it/s]Evaluating raw model output: 100%|█████████▉| 1191/1194 [15:18<00:01,  1.62it/s]Evaluating raw model output: 100%|█████████▉| 1192/1194 [15:19<00:01,  1.69it/s]Evaluating raw model output: 100%|█████████▉| 1193/1194 [15:19<00:00,  1.69it/s]Evaluating raw model output: 100%|██████████| 1194/1194 [15:20<00:00,  1.50it/s]Evaluating raw model output: 100%|██████████| 1194/1194 [15:20<00:00,  1.30it/s]

==================== 原始模型结果（无校准） ====================
Unseen mAP: 22.56
============================================================
The mAP is 27.24, rare: 24.06, none-rare: 28.19,
>>> zero-shot setting(unseen_verb!!)
full mAP: 27.24 unseen: 22.56 seen: 28.01
[Checkpoint] New best unseen mAP=22.5603 at epoch 2: /root/autodl-tmp/Lain/reviewer_revision/14_uv_lain_matched_seed66/checkpoints/best_unseen.pt
[Checkpoint] Removed old checkpoint: /root/autodl-tmp/Lain/reviewer_revision/14_uv_lain_matched_seed66/checkpoints/ckpt_04444_01.pt
==> Iteration 9000 | Interaction Loss: 0.9338
Epoch [3/20], Iter. [0112/4444], Loss: 1.2447, Time/iter[Data/Train/Total]: [0.004s/2.001s/2.005s], Window[Data/Train]: [2.02s/1000.35s], Remain: 2:24:44.513577
==> Iteration 9500 | Interaction Loss: 0.8719
Epoch [3/20], Iter. [0612/4444], Loss: 1.2570, Time/iter[Data/Train/Total]: [0.002s/1.936s/1.938s], Window[Data/Train]: [1.01s/968.23s], Remain: 2:03:48.277084
==> Iteration 10000 | Interaction Loss: 1.2274
Epoch [3/20], Iter. [1112/4444], Loss: 1.2751, Time/iter[Data/Train/Total]: [0.002s/1.835s/1.837s], Window[Data/Train]: [0.93s/917.46s], Remain: 1:42:00.156252
==> Iteration 10500 | Interaction Loss: 1.2134
Epoch [3/20], Iter. [1612/4444], Loss: 1.2469, Time/iter[Data/Train/Total]: [0.002s/1.846s/1.848s], Window[Data/Train]: [0.96s/923.05s], Remain: 1:27:13.624668
==> Iteration 11000 | Interaction Loss: 1.2568
Epoch [3/20], Iter. [2112/4444], Loss: 1.2563, Time/iter[Data/Train/Total]: [0.002s/1.857s/1.858s], Window[Data/Train]: [0.94s/928.30s], Remain: 1:12:13.974799
==> Iteration 11500 | Interaction Loss: 1.3978
Epoch [3/20], Iter. [2612/4444], Loss: 1.2772, Time/iter[Data/Train/Total]: [0.002s/1.857s/1.858s], Window[Data/Train]: [0.94s/928.30s], Remain: 0:56:44.711378
==> Iteration 12000 | Interaction Loss: 1.3319
Epoch [3/20], Iter. [3112/4444], Loss: 1.2506, Time/iter[Data/Train/Total]: [0.002s/1.838s/1.840s], Window[Data/Train]: [0.92s/919.08s], Remain: 0:40:50.878952
==> Iteration 12500 | Interaction Loss: 1.0018
Epoch [3/20], Iter. [3612/4444], Loss: 1.2432, Time/iter[Data/Train/Total]: [0.002s/1.894s/1.896s], Window[Data/Train]: [0.97s/947.03s], Remain: 0:26:17.470552
==> Iteration 13000 | Interaction Loss: 1.1097
Epoch [3/20], Iter. [4112/4444], Loss: 1.2468, Time/iter[Data/Train/Total]: [0.002s/1.847s/1.849s], Window[Data/Train]: [0.95s/923.43s], Remain: 0:10:13.788482
Evaluating raw model output:   0%|          | 0/1194 [00:00<?, ?it/s]Evaluating raw model output:   0%|          | 1/1194 [00:04<1:20:44,  4.06s/it]Evaluating raw model output:   0%|          | 2/1194 [00:05<53:17,  2.68s/it]  Evaluating raw model output:   0%|          | 3/1194 [00:07<43:21,  2.18s/it]Evaluating raw model output:   0%|          | 4/1194 [00:07<31:01,  1.56s/it]Evaluating raw model output:   0%|          | 5/1194 [00:09<28:37,  1.44s/it]Evaluating raw model output:   1%|          | 6/1194 [00:10<30:42,  1.55s/it]Evaluating raw model output:   1%|          | 7/1194 [00:12<30:52,  1.56s/it]Evaluating raw model output:   1%|          | 8/1194 [00:13<29:01,  1.47s/it]Evaluating raw model output:   1%|          | 9/1194 [00:14<23:18,  1.18s/it]Evaluating raw model output:   1%|          | 10/1194 [00:14<19:20,  1.02it/s]Evaluating raw model output:   1%|          | 11/1194 [00:16<21:36,  1.10s/it]Evaluating raw model output:   1%|          | 12/1194 [00:16<18:13,  1.08it/s]Evaluating raw model output:   1%|          | 13/1194 [00:17<16:29,  1.19it/s]Evaluating raw model output:   1%|          | 14/1194 [00:18<19:40,  1.00s/it]Evaluating raw model output:   1%|▏         | 15/1194 [00:19<17:25,  1.13it/s]Evaluating raw model output:   1%|▏         | 16/1194 [00:20<19:26,  1.01it/s]Evaluating raw model output:   1%|▏         | 17/1194 [00:22<21:58,  1.12s/it]Evaluating raw model output:   2%|▏         | 18/1194 [00:23<22:19,  1.14s/it]Evaluating raw model output:   2%|▏         | 19/1194 [00:24<25:26,  1.30s/it]Evaluating raw model output:   2%|▏         | 20/1194 [00:26<24:13,  1.24s/it]Evaluating raw model output:   2%|▏         | 21/1194 [00:26<20:24,  1.04s/it]Evaluating raw model output:   2%|▏         | 22/1194 [00:27<17:26,  1.12it/s]Evaluating raw model output:   2%|▏         | 23/1194 [00:27<15:31,  1.26it/s]Evaluating raw model output:   2%|▏         | 24/1194 [00:28<14:01,  1.39it/s]Evaluating raw model output:   2%|▏         | 25/1194 [00:29<18:57,  1.03it/s]Evaluating raw model output:   2%|▏         | 26/1194 [00:30<16:30,  1.18it/s]Evaluating raw model output:   2%|▏         | 27/1194 [00:32<21:33,  1.11s/it]Evaluating raw model output:   2%|▏         | 28/1194 [00:33<23:38,  1.22s/it]Evaluating raw model output:   2%|▏         | 29/1194 [00:34<20:24,  1.05s/it]Evaluating raw model output:   3%|▎         | 30/1194 [00:34<17:19,  1.12it/s]Evaluating raw model output:   3%|▎         | 31/1194 [00:35<19:01,  1.02it/s]Evaluating raw model output:   3%|▎         | 32/1194 [00:37<22:49,  1.18s/it]Evaluating raw model output:   3%|▎         | 33/1194 [00:38<22:29,  1.16s/it]Evaluating raw model output:   3%|▎         | 34/1194 [00:39<19:04,  1.01it/s]Evaluating raw model output:   3%|▎         | 35/1194 [00:40<21:30,  1.11s/it]Evaluating raw model output:   3%|▎         | 36/1194 [00:42<24:43,  1.28s/it]Evaluating raw model output:   3%|▎         | 37/1194 [00:42<20:28,  1.06s/it]Evaluating raw model output:   3%|▎         | 38/1194 [00:43<18:43,  1.03it/s]Evaluating raw model output:   3%|▎         | 39/1194 [00:44<17:01,  1.13it/s]Evaluating raw model output:   3%|▎         | 40/1194 [00:46<22:19,  1.16s/it]Evaluating raw model output:   3%|▎         | 41/1194 [00:47<20:38,  1.07s/it]Evaluating raw model output:   4%|▎         | 42/1194 [00:48<20:57,  1.09s/it]Evaluating raw model output:   4%|▎         | 43/1194 [00:49<20:08,  1.05s/it]Evaluating raw model output:   4%|▎         | 44/1194 [00:49<17:45,  1.08it/s]Evaluating raw model output:   4%|▍         | 45/1194 [00:50<15:14,  1.26it/s]Evaluating raw model output:   4%|▍         | 46/1194 [00:51<18:00,  1.06it/s]Evaluating raw model output:   4%|▍         | 47/1194 [00:52<15:56,  1.20it/s]Evaluating raw model output:   4%|▍         | 48/1194 [00:52<14:17,  1.34it/s]Evaluating raw model output:   4%|▍         | 49/1194 [00:54<19:46,  1.04s/it]Evaluating raw model output:   4%|▍         | 50/1194 [00:54<16:36,  1.15it/s]Evaluating raw model output:   4%|▍         | 51/1194 [00:55<14:34,  1.31it/s]Evaluating raw model output:   4%|▍         | 52/1194 [00:55<13:13,  1.44it/s]Evaluating raw model output:   4%|▍         | 53/1194 [00:57<17:20,  1.10it/s]Evaluating raw model output:   5%|▍         | 54/1194 [00:58<17:12,  1.10it/s]Evaluating raw model output:   5%|▍         | 55/1194 [00:58<15:05,  1.26it/s]Evaluating raw model output:   5%|▍         | 56/1194 [00:59<14:55,  1.27it/s]Evaluating raw model output:   5%|▍         | 57/1194 [01:00<17:58,  1.05it/s]Evaluating raw model output:   5%|▍         | 58/1194 [01:02<20:47,  1.10s/it]Evaluating raw model output:   5%|▍         | 59/1194 [01:03<18:28,  1.02it/s]Evaluating raw model output:   5%|▌         | 60/1194 [01:04<22:31,  1.19s/it]Evaluating raw model output:   5%|▌         | 61/1194 [01:05<20:51,  1.10s/it]Evaluating raw model output:   5%|▌         | 62/1194 [01:06<17:28,  1.08it/s]Evaluating raw model output:   5%|▌         | 63/1194 [01:06<17:12,  1.10it/s]Evaluating raw model output:   5%|▌         | 64/1194 [01:07<15:21,  1.23it/s]Evaluating raw model output:   5%|▌         | 65/1194 [01:09<19:46,  1.05s/it]Evaluating raw model output:   6%|▌         | 66/1194 [01:10<22:34,  1.20s/it]Evaluating raw model output:   6%|▌         | 67/1194 [01:11<18:43,  1.00it/s]Evaluating raw model output:   6%|▌         | 68/1194 [01:12<20:52,  1.11s/it]Evaluating raw model output:   6%|▌         | 69/1194 [01:13<17:53,  1.05it/s]Evaluating raw model output:   6%|▌         | 70/1194 [01:13<15:42,  1.19it/s]Evaluating raw model output:   6%|▌         | 71/1194 [01:14<17:30,  1.07it/s]Evaluating raw model output:   6%|▌         | 72/1194 [01:15<15:21,  1.22it/s]Evaluating raw model output:   6%|▌         | 73/1194 [01:16<13:53,  1.35it/s]Evaluating raw model output:   6%|▌         | 74/1194 [01:16<12:49,  1.45it/s]Evaluating raw model output:   6%|▋         | 75/1194 [01:17<16:03,  1.16it/s]Evaluating raw model output:   6%|▋         | 76/1194 [01:18<14:20,  1.30it/s]Evaluating raw model output:   6%|▋         | 77/1194 [01:19<15:03,  1.24it/s]Evaluating raw model output:   7%|▋         | 78/1194 [01:19<13:29,  1.38it/s]Evaluating raw model output:   7%|▋         | 79/1194 [01:21<16:37,  1.12it/s]Evaluating raw model output:   7%|▋         | 80/1194 [01:21<14:48,  1.25it/s]Evaluating raw model output:   7%|▋         | 81/1194 [01:22<13:32,  1.37it/s]Evaluating raw model output:   7%|▋         | 82/1194 [01:23<16:32,  1.12it/s]Evaluating raw model output:   7%|▋         | 83/1194 [01:24<17:02,  1.09it/s]Evaluating raw model output:   7%|▋         | 84/1194 [01:25<19:29,  1.05s/it]Evaluating raw model output:   7%|▋         | 85/1194 [01:27<20:37,  1.12s/it]Evaluating raw model output:   7%|▋         | 86/1194 [01:28<20:29,  1.11s/it]Evaluating raw model output:   7%|▋         | 87/1194 [01:28<18:05,  1.02it/s]Evaluating raw model output:   7%|▋         | 88/1194 [01:29<17:41,  1.04it/s]Evaluating raw model output:   7%|▋         | 89/1194 [01:31<21:31,  1.17s/it]Evaluating raw model output:   8%|▊         | 90/1194 [01:32<18:05,  1.02it/s]Evaluating raw model output:   8%|▊         | 91/1194 [01:32<15:40,  1.17it/s]Evaluating raw model output:   8%|▊         | 92/1194 [01:33<18:12,  1.01it/s]Evaluating raw model output:   8%|▊         | 93/1194 [01:34<17:56,  1.02it/s]Evaluating raw model output:   8%|▊         | 94/1194 [01:36<19:12,  1.05s/it]Evaluating raw model output:   8%|▊         | 95/1194 [01:36<16:32,  1.11it/s]Evaluating raw model output:   8%|▊         | 96/1194 [01:38<20:55,  1.14s/it]Evaluating raw model output:   8%|▊         | 97/1194 [01:39<22:22,  1.22s/it]Evaluating raw model output:   8%|▊         | 98/1194 [01:40<19:08,  1.05s/it]Evaluating raw model output:   8%|▊         | 99/1194 [01:41<16:41,  1.09it/s]Evaluating raw model output:   8%|▊         | 100/1194 [01:41<15:16,  1.19it/s]Evaluating raw model output:   8%|▊         | 101/1194 [01:43<18:09,  1.00it/s]Evaluating raw model output:   9%|▊         | 102/1194 [01:43<17:34,  1.04it/s]Evaluating raw model output:   9%|▊         | 103/1194 [01:45<21:35,  1.19s/it]Evaluating raw model output:   9%|▊         | 104/1194 [01:46<21:33,  1.19s/it]Evaluating raw model output:   9%|▉         | 105/1194 [01:48<24:27,  1.35s/it]Evaluating raw model output:   9%|▉         | 106/1194 [01:49<21:46,  1.20s/it]Evaluating raw model output:   9%|▉         | 107/1194 [01:49<17:51,  1.01it/s]Evaluating raw model output:   9%|▉         | 108/1194 [01:50<17:32,  1.03it/s]Evaluating raw model output:   9%|▉         | 109/1194 [01:51<15:31,  1.16it/s]Evaluating raw model output:   9%|▉         | 110/1194 [01:52<16:33,  1.09it/s]Evaluating raw model output:   9%|▉         | 111/1194 [01:53<17:36,  1.03it/s]Evaluating raw model output:   9%|▉         | 112/1194 [01:54<15:52,  1.14it/s]Evaluating raw model output:   9%|▉         | 113/1194 [01:55<16:36,  1.09it/s]Evaluating raw model output:  10%|▉         | 114/1194 [01:55<14:44,  1.22it/s]Evaluating raw model output:  10%|▉         | 115/1194 [01:56<12:49,  1.40it/s]Evaluating raw model output:  10%|▉         | 116/1194 [01:56<11:40,  1.54it/s]Evaluating raw model output:  10%|▉         | 117/1194 [01:58<16:40,  1.08it/s]Evaluating raw model output:  10%|▉         | 118/1194 [01:59<16:37,  1.08it/s]Evaluating raw model output:  10%|▉         | 119/1194 [02:00<17:14,  1.04it/s]Evaluating raw model output:  10%|█         | 120/1194 [02:01<18:58,  1.06s/it]Evaluating raw model output:  10%|█         | 121/1194 [02:03<22:07,  1.24s/it]Evaluating raw model output:  10%|█         | 122/1194 [02:03<18:24,  1.03s/it]Evaluating raw model output:  10%|█         | 123/1194 [02:04<17:58,  1.01s/it]Evaluating raw model output:  10%|█         | 124/1194 [02:06<19:25,  1.09s/it]Evaluating raw model output:  10%|█         | 125/1194 [02:07<21:25,  1.20s/it]Evaluating raw model output:  11%|█         | 126/1194 [02:08<22:15,  1.25s/it]Evaluating raw model output:  11%|█         | 127/1194 [02:09<18:32,  1.04s/it]Evaluating raw model output:  11%|█         | 128/1194 [02:11<21:19,  1.20s/it]Evaluating raw model output:  11%|█         | 129/1194 [02:11<17:45,  1.00s/it]Evaluating raw model output:  11%|█         | 130/1194 [02:12<15:18,  1.16it/s]Evaluating raw model output:  11%|█         | 131/1194 [02:12<13:57,  1.27it/s]Evaluating raw model output:  11%|█         | 132/1194 [02:13<12:49,  1.38it/s]Evaluating raw model output:  11%|█         | 133/1194 [02:14<13:51,  1.28it/s]Evaluating raw model output:  11%|█         | 134/1194 [02:15<16:59,  1.04it/s]Evaluating raw model output:  11%|█▏        | 135/1194 [02:16<15:31,  1.14it/s]Evaluating raw model output:  11%|█▏        | 136/1194 [02:18<20:06,  1.14s/it]Evaluating raw model output:  11%|█▏        | 137/1194 [02:18<17:14,  1.02it/s]Evaluating raw model output:  12%|█▏        | 138/1194 [02:19<17:56,  1.02s/it]Evaluating raw model output:  12%|█▏        | 139/1194 [02:20<17:22,  1.01it/s]Evaluating raw model output:  12%|█▏        | 140/1194 [02:21<15:35,  1.13it/s]Evaluating raw model output:  12%|█▏        | 141/1194 [02:21<13:33,  1.29it/s]Evaluating raw model output:  12%|█▏        | 142/1194 [02:23<16:10,  1.08it/s]Evaluating raw model output:  12%|█▏        | 143/1194 [02:23<14:11,  1.23it/s]Evaluating raw model output:  12%|█▏        | 144/1194 [02:24<12:41,  1.38it/s]Evaluating raw model output:  12%|█▏        | 145/1194 [02:25<14:33,  1.20it/s]Evaluating raw model output:  12%|█▏        | 146/1194 [02:25<13:02,  1.34it/s]Evaluating raw model output:  12%|█▏        | 147/1194 [02:26<15:15,  1.14it/s]Evaluating raw model output:  12%|█▏        | 148/1194 [02:27<13:31,  1.29it/s]Evaluating raw model output:  12%|█▏        | 149/1194 [02:28<12:10,  1.43it/s]Evaluating raw model output:  13%|█▎        | 150/1194 [02:29<15:58,  1.09it/s]Evaluating raw model output:  13%|█▎        | 151/1194 [02:30<14:07,  1.23it/s]Evaluating raw model output:  13%|█▎        | 152/1194 [02:30<12:45,  1.36it/s]Evaluating raw model output:  13%|█▎        | 153/1194 [02:31<15:40,  1.11it/s]Evaluating raw model output:  13%|█▎        | 154/1194 [02:33<18:09,  1.05s/it]Evaluating raw model output:  13%|█▎        | 155/1194 [02:33<15:34,  1.11it/s]Evaluating raw model output:  13%|█▎        | 156/1194 [02:34<13:37,  1.27it/s]Evaluating raw model output:  13%|█▎        | 157/1194 [02:36<18:01,  1.04s/it]Evaluating raw model output:  13%|█▎        | 158/1194 [02:36<15:56,  1.08it/s]Evaluating raw model output:  13%|█▎        | 159/1194 [02:37<17:02,  1.01it/s]Evaluating raw model output:  13%|█▎        | 160/1194 [02:38<14:40,  1.17it/s]Evaluating raw model output:  13%|█▎        | 161/1194 [02:38<13:38,  1.26it/s]Evaluating raw model output:  14%|█▎        | 162/1194 [02:39<12:48,  1.34it/s]Evaluating raw model output:  14%|█▎        | 163/1194 [02:40<13:36,  1.26it/s]Evaluating raw model output:  14%|█▎        | 164/1194 [02:41<12:23,  1.39it/s]Evaluating raw model output:  14%|█▍        | 165/1194 [02:41<11:30,  1.49it/s]Evaluating raw model output:  14%|█▍        | 166/1194 [02:42<10:55,  1.57it/s]Evaluating raw model output:  14%|█▍        | 167/1194 [02:43<13:39,  1.25it/s]Evaluating raw model output:  14%|█▍        | 168/1194 [02:44<14:38,  1.17it/s]Evaluating raw model output:  14%|█▍        | 169/1194 [02:45<18:09,  1.06s/it]Evaluating raw model output:  14%|█▍        | 170/1194 [02:47<18:55,  1.11s/it]Evaluating raw model output:  14%|█▍        | 171/1194 [02:48<21:34,  1.27s/it]Evaluating raw model output:  14%|█▍        | 172/1194 [02:49<17:38,  1.04s/it]Evaluating raw model output:  14%|█▍        | 173/1194 [02:50<18:04,  1.06s/it]Evaluating raw model output:  15%|█▍        | 174/1194 [02:51<18:17,  1.08s/it]Evaluating raw model output:  15%|█▍        | 175/1194 [02:52<16:48,  1.01it/s]Evaluating raw model output:  15%|█▍        | 176/1194 [02:52<15:19,  1.11it/s]Evaluating raw model output:  15%|█▍        | 177/1194 [02:53<13:52,  1.22it/s]Evaluating raw model output:  15%|█▍        | 178/1194 [02:55<17:50,  1.05s/it]Evaluating raw model output:  15%|█▍        | 179/1194 [02:56<18:13,  1.08s/it]Evaluating raw model output:  15%|█▌        | 180/1194 [02:56<15:25,  1.10it/s]Evaluating raw model output:  15%|█▌        | 181/1194 [02:57<16:09,  1.04it/s]Evaluating raw model output:  15%|█▌        | 182/1194 [02:58<14:04,  1.20it/s]Evaluating raw model output:  15%|█▌        | 183/1194 [02:58<12:31,  1.35it/s]Evaluating raw model output:  15%|█▌        | 184/1194 [03:00<16:56,  1.01s/it]Evaluating raw model output:  15%|█▌        | 185/1194 [03:01<14:39,  1.15it/s]Evaluating raw model output:  16%|█▌        | 186/1194 [03:01<13:34,  1.24it/s]Evaluating raw model output:  16%|█▌        | 187/1194 [03:02<12:17,  1.37it/s]Evaluating raw model output:  16%|█▌        | 188/1194 [03:02<11:01,  1.52it/s]Evaluating raw model output:  16%|█▌        | 189/1194 [03:04<16:00,  1.05it/s]Evaluating raw model output:  16%|█▌        | 190/1194 [03:05<13:55,  1.20it/s]Evaluating raw model output:  16%|█▌        | 191/1194 [03:05<12:10,  1.37it/s]Evaluating raw model output:  16%|█▌        | 192/1194 [03:06<13:17,  1.26it/s]Evaluating raw model output:  16%|█▌        | 193/1194 [03:07<15:48,  1.06it/s]Evaluating raw model output:  16%|█▌        | 194/1194 [03:08<16:25,  1.01it/s]Evaluating raw model output:  16%|█▋        | 195/1194 [03:09<14:00,  1.19it/s]Evaluating raw model output:  16%|█▋        | 196/1194 [03:09<12:09,  1.37it/s]Evaluating raw model output:  16%|█▋        | 197/1194 [03:11<17:14,  1.04s/it]Evaluating raw model output:  17%|█▋        | 198/1194 [03:12<14:42,  1.13it/s]Evaluating raw model output:  17%|█▋        | 199/1194 [03:13<18:48,  1.13s/it]Evaluating raw model output:  17%|█▋        | 200/1194 [03:15<19:38,  1.19s/it]Evaluating raw model output:  17%|█▋        | 201/1194 [03:16<19:41,  1.19s/it]Evaluating raw model output:  17%|█▋        | 202/1194 [03:16<16:22,  1.01it/s]Evaluating raw model output:  17%|█▋        | 203/1194 [03:17<14:45,  1.12it/s]Evaluating raw model output:  17%|█▋        | 204/1194 [03:19<17:38,  1.07s/it]Evaluating raw model output:  17%|█▋        | 205/1194 [03:19<15:37,  1.06it/s]Evaluating raw model output:  17%|█▋        | 206/1194 [03:20<13:37,  1.21it/s]Evaluating raw model output:  17%|█▋        | 207/1194 [03:20<12:13,  1.35it/s]Evaluating raw model output:  17%|█▋        | 208/1194 [03:21<11:25,  1.44it/s]Evaluating raw model output:  18%|█▊        | 209/1194 [03:22<14:56,  1.10it/s]Evaluating raw model output:  18%|█▊        | 210/1194 [03:23<16:06,  1.02it/s]Evaluating raw model output:  18%|█▊        | 211/1194 [03:24<14:01,  1.17it/s]Evaluating raw model output:  18%|█▊        | 212/1194 [03:25<12:32,  1.31it/s]Evaluating raw model output:  18%|█▊        | 213/1194 [03:25<11:27,  1.43it/s]Evaluating raw model output:  18%|█▊        | 214/1194 [03:26<14:21,  1.14it/s]Evaluating raw model output:  18%|█▊        | 215/1194 [03:27<12:38,  1.29it/s]Evaluating raw model output:  18%|█▊        | 216/1194 [03:27<11:31,  1.41it/s]Evaluating raw model output:  18%|█▊        | 217/1194 [03:28<11:08,  1.46it/s]Evaluating raw model output:  18%|█▊        | 218/1194 [03:30<15:22,  1.06it/s]Evaluating raw model output:  18%|█▊        | 219/1194 [03:30<13:51,  1.17it/s]Evaluating raw model output:  18%|█▊        | 220/1194 [03:31<12:30,  1.30it/s]Evaluating raw model output:  19%|█▊        | 221/1194 [03:32<13:18,  1.22it/s]Evaluating raw model output:  19%|█▊        | 222/1194 [03:32<12:01,  1.35it/s]Evaluating raw model output:  19%|█▊        | 223/1194 [03:33<11:02,  1.47it/s]Evaluating raw model output:  19%|█▉        | 224/1194 [03:34<12:11,  1.33it/s]Evaluating raw model output:  19%|█▉        | 225/1194 [03:35<14:38,  1.10it/s]Evaluating raw model output:  19%|█▉        | 226/1194 [03:36<14:45,  1.09it/s]Evaluating raw model output:  19%|█▉        | 227/1194 [03:37<15:09,  1.06it/s]Evaluating raw model output:  19%|█▉        | 228/1194 [03:38<13:16,  1.21it/s]Evaluating raw model output:  19%|█▉        | 229/1194 [03:38<12:01,  1.34it/s]Evaluating raw model output:  19%|█▉        | 230/1194 [03:39<11:03,  1.45it/s]Evaluating raw model output:  19%|█▉        | 231/1194 [03:39<10:19,  1.55it/s]Evaluating raw model output:  19%|█▉        | 232/1194 [03:40<09:59,  1.60it/s]Evaluating raw model output:  20%|█▉        | 233/1194 [03:40<10:18,  1.55it/s]Evaluating raw model output:  20%|█▉        | 234/1194 [03:41<09:50,  1.63it/s]Evaluating raw model output:  20%|█▉        | 235/1194 [03:42<09:20,  1.71it/s]Evaluating raw model output:  20%|█▉        | 236/1194 [03:42<09:26,  1.69it/s]Evaluating raw model output:  20%|█▉        | 237/1194 [03:43<09:00,  1.77it/s]Evaluating raw model output:  20%|█▉        | 238/1194 [03:43<09:03,  1.76it/s]Evaluating raw model output:  20%|██        | 239/1194 [03:44<09:08,  1.74it/s]Evaluating raw model output:  20%|██        | 240/1194 [03:44<09:04,  1.75it/s]Evaluating raw model output:  20%|██        | 241/1194 [03:45<09:05,  1.75it/s]Evaluating raw model output:  20%|██        | 242/1194 [03:45<08:49,  1.80it/s]Evaluating raw model output:  20%|██        | 243/1194 [03:46<08:47,  1.80it/s]Evaluating raw model output:  20%|██        | 244/1194 [03:47<10:59,  1.44it/s]Evaluating raw model output:  21%|██        | 245/1194 [03:48<10:11,  1.55it/s]Evaluating raw model output:  21%|██        | 246/1194 [03:48<09:40,  1.63it/s]Evaluating raw model output:  21%|██        | 247/1194 [03:49<11:17,  1.40it/s]Evaluating raw model output:  21%|██        | 248/1194 [03:50<13:35,  1.16it/s]Evaluating raw model output:  21%|██        | 249/1194 [03:51<12:07,  1.30it/s]Evaluating raw model output:  21%|██        | 250/1194 [03:51<10:55,  1.44it/s]Evaluating raw model output:  21%|██        | 251/1194 [03:53<13:03,  1.20it/s]Evaluating raw model output:  21%|██        | 252/1194 [03:53<11:57,  1.31it/s]Evaluating raw model output:  21%|██        | 253/1194 [03:54<11:05,  1.41it/s]Evaluating raw model output:  21%|██▏       | 254/1194 [03:55<15:48,  1.01s/it]Evaluating raw model output:  21%|██▏       | 255/1194 [03:56<13:25,  1.17it/s]Evaluating raw model output:  21%|██▏       | 256/1194 [03:57<15:09,  1.03it/s]Evaluating raw model output:  22%|██▏       | 257/1194 [03:58<15:13,  1.03it/s]Evaluating raw model output:  22%|██▏       | 258/1194 [03:59<15:46,  1.01s/it]Evaluating raw model output:  22%|██▏       | 259/1194 [04:00<16:15,  1.04s/it]Evaluating raw model output:  22%|██▏       | 260/1194 [04:01<16:30,  1.06s/it]Evaluating raw model output:  22%|██▏       | 261/1194 [04:02<16:13,  1.04s/it]Evaluating raw model output:  22%|██▏       | 262/1194 [04:04<19:11,  1.23s/it]Evaluating raw model output:  22%|██▏       | 263/1194 [04:05<16:05,  1.04s/it]Evaluating raw model output:  22%|██▏       | 264/1194 [04:05<14:04,  1.10it/s]Evaluating raw model output:  22%|██▏       | 265/1194 [04:06<14:34,  1.06it/s]Evaluating raw model output:  22%|██▏       | 266/1194 [04:07<13:36,  1.14it/s]Evaluating raw model output:  22%|██▏       | 267/1194 [04:08<12:40,  1.22it/s]Evaluating raw model output:  22%|██▏       | 268/1194 [04:09<13:48,  1.12it/s]Evaluating raw model output:  23%|██▎       | 269/1194 [04:09<12:19,  1.25it/s]Evaluating raw model output:  23%|██▎       | 270/1194 [04:10<11:22,  1.35it/s]Evaluating raw model output:  23%|██▎       | 271/1194 [04:11<11:07,  1.38it/s]Evaluating raw model output:  23%|██▎       | 272/1194 [04:12<12:24,  1.24it/s]Evaluating raw model output:  23%|██▎       | 273/1194 [04:12<12:09,  1.26it/s]Evaluating raw model output:  23%|██▎       | 274/1194 [04:14<13:29,  1.14it/s]Evaluating raw model output:  23%|██▎       | 275/1194 [04:14<11:58,  1.28it/s]Evaluating raw model output:  23%|██▎       | 276/1194 [04:15<14:40,  1.04it/s]Evaluating raw model output:  23%|██▎       | 277/1194 [04:17<16:26,  1.08s/it]Evaluating raw model output:  23%|██▎       | 278/1194 [04:17<14:04,  1.08it/s]Evaluating raw model output:  23%|██▎       | 279/1194 [04:18<12:17,  1.24it/s]Evaluating raw model output:  23%|██▎       | 280/1194 [04:19<11:44,  1.30it/s]Evaluating raw model output:  24%|██▎       | 281/1194 [04:19<10:39,  1.43it/s]Evaluating raw model output:  24%|██▎       | 282/1194 [04:20<10:01,  1.52it/s]Evaluating raw model output:  24%|██▎       | 283/1194 [04:20<10:05,  1.51it/s]Evaluating raw model output:  24%|██▍       | 284/1194 [04:21<09:59,  1.52it/s]Evaluating raw model output:  24%|██▍       | 285/1194 [04:22<09:30,  1.59it/s]Evaluating raw model output:  24%|██▍       | 286/1194 [04:23<11:42,  1.29it/s]Evaluating raw model output:  24%|██▍       | 287/1194 [04:24<13:38,  1.11it/s]Evaluating raw model output:  24%|██▍       | 288/1194 [04:24<12:11,  1.24it/s]Evaluating raw model output:  24%|██▍       | 289/1194 [04:25<10:47,  1.40it/s]Evaluating raw model output:  24%|██▍       | 290/1194 [04:26<10:34,  1.43it/s]Evaluating raw model output:  24%|██▍       | 291/1194 [04:26<10:00,  1.50it/s]Evaluating raw model output:  24%|██▍       | 292/1194 [04:27<09:24,  1.60it/s]Evaluating raw model output:  25%|██▍       | 293/1194 [04:27<09:03,  1.66it/s]Evaluating raw model output:  25%|██▍       | 294/1194 [04:28<08:55,  1.68it/s]Evaluating raw model output:  25%|██▍       | 295/1194 [04:28<08:50,  1.69it/s]Evaluating raw model output:  25%|██▍       | 296/1194 [04:30<10:53,  1.37it/s]Evaluating raw model output:  25%|██▍       | 297/1194 [04:30<09:52,  1.51it/s]Evaluating raw model output:  25%|██▍       | 298/1194 [04:31<09:29,  1.57it/s]Evaluating raw model output:  25%|██▌       | 299/1194 [04:31<09:08,  1.63it/s]Evaluating raw model output:  25%|██▌       | 300/1194 [04:32<10:50,  1.37it/s]Evaluating raw model output:  25%|██▌       | 301/1194 [04:34<14:26,  1.03it/s]Evaluating raw model output:  25%|██▌       | 302/1194 [04:34<12:35,  1.18it/s]Evaluating raw model output:  25%|██▌       | 303/1194 [04:35<11:20,  1.31it/s]Evaluating raw model output:  25%|██▌       | 304/1194 [04:36<12:14,  1.21it/s]Evaluating raw model output:  26%|██▌       | 305/1194 [04:36<11:21,  1.31it/s]Evaluating raw model output:  26%|██▌       | 306/1194 [04:37<10:22,  1.43it/s]Evaluating raw model output:  26%|██▌       | 307/1194 [04:38<11:03,  1.34it/s]Evaluating raw model output:  26%|██▌       | 308/1194 [04:39<11:53,  1.24it/s]Evaluating raw model output:  26%|██▌       | 309/1194 [04:40<12:11,  1.21it/s]Evaluating raw model output:  26%|██▌       | 310/1194 [04:40<11:03,  1.33it/s]Evaluating raw model output:  26%|██▌       | 311/1194 [04:41<10:20,  1.42it/s]Evaluating raw model output:  26%|██▌       | 312/1194 [04:43<15:29,  1.05s/it]Evaluating raw model output:  26%|██▌       | 313/1194 [04:43<13:49,  1.06it/s]Evaluating raw model output:  26%|██▋       | 314/1194 [04:44<14:23,  1.02it/s]Evaluating raw model output:  26%|██▋       | 315/1194 [04:45<12:31,  1.17it/s]Evaluating raw model output:  26%|██▋       | 316/1194 [04:46<12:51,  1.14it/s]Evaluating raw model output:  27%|██▋       | 317/1194 [04:47<13:46,  1.06it/s]Evaluating raw model output:  27%|██▋       | 318/1194 [04:49<16:56,  1.16s/it]Evaluating raw model output:  27%|██▋       | 319/1194 [04:49<14:18,  1.02it/s]Evaluating raw model output:  27%|██▋       | 320/1194 [04:50<12:16,  1.19it/s]Evaluating raw model output:  27%|██▋       | 321/1194 [04:50<11:01,  1.32it/s]Evaluating raw model output:  27%|██▋       | 322/1194 [04:51<12:26,  1.17it/s]Evaluating raw model output:  27%|██▋       | 323/1194 [04:52<11:03,  1.31it/s]Evaluating raw model output:  27%|██▋       | 324/1194 [04:53<11:32,  1.26it/s]Evaluating raw model output:  27%|██▋       | 325/1194 [04:54<12:43,  1.14it/s]Evaluating raw model output:  27%|██▋       | 326/1194 [04:55<11:51,  1.22it/s]Evaluating raw model output:  27%|██▋       | 327/1194 [04:55<10:47,  1.34it/s]Evaluating raw model output:  27%|██▋       | 328/1194 [04:56<11:40,  1.24it/s]Evaluating raw model output:  28%|██▊       | 329/1194 [04:57<10:41,  1.35it/s]Evaluating raw model output:  28%|██▊       | 330/1194 [04:57<10:29,  1.37it/s]Evaluating raw model output:  28%|██▊       | 331/1194 [04:58<10:13,  1.41it/s]Evaluating raw model output:  28%|██▊       | 332/1194 [04:59<09:31,  1.51it/s]Evaluating raw model output:  28%|██▊       | 333/1194 [04:59<09:09,  1.57it/s]Evaluating raw model output:  28%|██▊       | 334/1194 [05:00<08:54,  1.61it/s]Evaluating raw model output:  28%|██▊       | 335/1194 [05:00<08:44,  1.64it/s]Evaluating raw model output:  28%|██▊       | 336/1194 [05:01<08:38,  1.65it/s]Evaluating raw model output:  28%|██▊       | 337/1194 [05:02<11:15,  1.27it/s]Evaluating raw model output:  28%|██▊       | 338/1194 [05:03<10:21,  1.38it/s]Evaluating raw model output:  28%|██▊       | 339/1194 [05:03<09:31,  1.50it/s]Evaluating raw model output:  28%|██▊       | 340/1194 [05:04<09:15,  1.54it/s]Evaluating raw model output:  29%|██▊       | 341/1194 [05:05<11:38,  1.22it/s]Evaluating raw model output:  29%|██▊       | 342/1194 [05:07<14:47,  1.04s/it]Evaluating raw model output:  29%|██▊       | 343/1194 [05:07<13:07,  1.08it/s]Evaluating raw model output:  29%|██▉       | 344/1194 [05:08<11:31,  1.23it/s]Evaluating raw model output:  29%|██▉       | 345/1194 [05:09<14:47,  1.05s/it]Evaluating raw model output:  29%|██▉       | 346/1194 [05:10<12:39,  1.12it/s]Evaluating raw model output:  29%|██▉       | 347/1194 [05:10<10:51,  1.30it/s]Evaluating raw model output:  29%|██▉       | 348/1194 [05:11<10:03,  1.40it/s]Evaluating raw model output:  29%|██▉       | 349/1194 [05:12<09:23,  1.50it/s]Evaluating raw model output:  29%|██▉       | 350/1194 [05:13<12:24,  1.13it/s]Evaluating raw model output:  29%|██▉       | 351/1194 [05:14<13:36,  1.03it/s]Evaluating raw model output:  29%|██▉       | 352/1194 [05:15<11:52,  1.18it/s]Evaluating raw model output:  30%|██▉       | 353/1194 [05:15<10:33,  1.33it/s]Evaluating raw model output:  30%|██▉       | 354/1194 [05:16<09:41,  1.44it/s]Evaluating raw model output:  30%|██▉       | 355/1194 [05:16<09:08,  1.53it/s]Evaluating raw model output:  30%|██▉       | 356/1194 [05:17<08:42,  1.60it/s]Evaluating raw model output:  30%|██▉       | 357/1194 [05:19<13:15,  1.05it/s]Evaluating raw model output:  30%|██▉       | 358/1194 [05:19<12:23,  1.12it/s]Evaluating raw model output:  30%|███       | 359/1194 [05:20<11:20,  1.23it/s]Evaluating raw model output:  30%|███       | 360/1194 [05:21<11:00,  1.26it/s]Evaluating raw model output:  30%|███       | 361/1194 [05:21<10:33,  1.31it/s]Evaluating raw model output:  30%|███       | 362/1194 [05:22<09:42,  1.43it/s]Evaluating raw model output:  30%|███       | 363/1194 [05:23<09:06,  1.52it/s]Evaluating raw model output:  30%|███       | 364/1194 [05:23<08:52,  1.56it/s]Evaluating raw model output:  31%|███       | 365/1194 [05:24<08:17,  1.67it/s]Evaluating raw model output:  31%|███       | 366/1194 [05:24<08:01,  1.72it/s]Evaluating raw model output:  31%|███       | 367/1194 [05:25<10:19,  1.33it/s]Evaluating raw model output:  31%|███       | 368/1194 [05:26<09:33,  1.44it/s]Evaluating raw model output:  31%|███       | 369/1194 [05:26<08:48,  1.56it/s]Evaluating raw model output:  31%|███       | 370/1194 [05:27<08:24,  1.63it/s]Evaluating raw model output:  31%|███       | 371/1194 [05:28<10:40,  1.29it/s]Evaluating raw model output:  31%|███       | 372/1194 [05:29<09:51,  1.39it/s]Evaluating raw model output:  31%|███       | 373/1194 [05:29<09:16,  1.47it/s]Evaluating raw model output:  31%|███▏      | 374/1194 [05:31<12:28,  1.09it/s]Evaluating raw model output:  31%|███▏      | 375/1194 [05:31<10:58,  1.24it/s]Evaluating raw model output:  31%|███▏      | 376/1194 [05:32<09:50,  1.39it/s]Evaluating raw model output:  32%|███▏      | 377/1194 [05:32<09:08,  1.49it/s]Evaluating raw model output:  32%|███▏      | 378/1194 [05:33<08:26,  1.61it/s]Evaluating raw model output:  32%|███▏      | 379/1194 [05:33<08:04,  1.68it/s]Evaluating raw model output:  32%|███▏      | 380/1194 [05:34<09:07,  1.49it/s]Evaluating raw model output:  32%|███▏      | 381/1194 [05:35<09:52,  1.37it/s]Evaluating raw model output:  32%|███▏      | 382/1194 [05:37<13:18,  1.02it/s]Evaluating raw model output:  32%|███▏      | 383/1194 [05:38<16:09,  1.19s/it]Evaluating raw model output:  32%|███▏      | 384/1194 [05:40<15:43,  1.17s/it]Evaluating raw model output:  32%|███▏      | 385/1194 [05:40<14:23,  1.07s/it]Evaluating raw model output:  32%|███▏      | 386/1194 [05:41<14:28,  1.08s/it]Evaluating raw model output:  32%|███▏      | 387/1194 [05:42<12:51,  1.05it/s]Evaluating raw model output:  32%|███▏      | 388/1194 [05:43<12:02,  1.12it/s]Evaluating raw model output:  33%|███▎      | 389/1194 [05:43<10:19,  1.30it/s]Evaluating raw model output:  33%|███▎      | 390/1194 [05:45<13:18,  1.01it/s]Evaluating raw model output:  33%|███▎      | 391/1194 [05:46<12:28,  1.07it/s]Evaluating raw model output:  33%|███▎      | 392/1194 [05:46<10:57,  1.22it/s]Evaluating raw model output:  33%|███▎      | 393/1194 [05:47<09:56,  1.34it/s]Evaluating raw model output:  33%|███▎      | 394/1194 [05:48<12:02,  1.11it/s]Evaluating raw model output:  33%|███▎      | 395/1194 [05:49<10:32,  1.26it/s]Evaluating raw model output:  33%|███▎      | 396/1194 [05:50<11:39,  1.14it/s]Evaluating raw model output:  33%|███▎      | 397/1194 [05:51<11:52,  1.12it/s]Evaluating raw model output:  33%|███▎      | 398/1194 [05:51<10:23,  1.28it/s]Evaluating raw model output:  33%|███▎      | 399/1194 [05:52<09:34,  1.38it/s]Evaluating raw model output:  34%|███▎      | 400/1194 [05:52<08:54,  1.49it/s]Evaluating raw model output:  34%|███▎      | 401/1194 [05:53<08:35,  1.54it/s]Evaluating raw model output:  34%|███▎      | 402/1194 [05:53<08:03,  1.64it/s]Evaluating raw model output:  34%|███▍      | 403/1194 [05:54<07:45,  1.70it/s]Evaluating raw model output:  34%|███▍      | 404/1194 [05:55<07:43,  1.71it/s]Evaluating raw model output:  34%|███▍      | 405/1194 [05:55<07:32,  1.74it/s]Evaluating raw model output:  34%|███▍      | 406/1194 [05:57<11:50,  1.11it/s]Evaluating raw model output:  34%|███▍      | 407/1194 [05:58<12:29,  1.05it/s]Evaluating raw model output:  34%|███▍      | 408/1194 [05:58<10:57,  1.19it/s]Evaluating raw model output:  34%|███▍      | 409/1194 [06:00<12:33,  1.04it/s]Evaluating raw model output:  34%|███▍      | 410/1194 [06:00<10:45,  1.22it/s]Evaluating raw model output:  34%|███▍      | 411/1194 [06:01<09:34,  1.36it/s]Evaluating raw model output:  35%|███▍      | 412/1194 [06:01<08:52,  1.47it/s]Evaluating raw model output:  35%|███▍      | 413/1194 [06:02<09:46,  1.33it/s]Evaluating raw model output:  35%|███▍      | 414/1194 [06:03<08:55,  1.46it/s]Evaluating raw model output:  35%|███▍      | 415/1194 [06:03<08:24,  1.55it/s]Evaluating raw model output:  35%|███▍      | 416/1194 [06:04<08:08,  1.59it/s]Evaluating raw model output:  35%|███▍      | 417/1194 [06:04<07:49,  1.66it/s]Evaluating raw model output:  35%|███▌      | 418/1194 [06:05<07:30,  1.72it/s]Evaluating raw model output:  35%|███▌      | 419/1194 [06:05<07:27,  1.73it/s]Evaluating raw model output:  35%|███▌      | 420/1194 [06:07<10:20,  1.25it/s]Evaluating raw model output:  35%|███▌      | 421/1194 [06:08<12:21,  1.04it/s]Evaluating raw model output:  35%|███▌      | 422/1194 [06:09<10:41,  1.20it/s]Evaluating raw model output:  35%|███▌      | 423/1194 [06:09<09:31,  1.35it/s]Evaluating raw model output:  36%|███▌      | 424/1194 [06:10<08:43,  1.47it/s]Evaluating raw model output:  36%|███▌      | 425/1194 [06:10<07:57,  1.61it/s]Evaluating raw model output:  36%|███▌      | 426/1194 [06:11<07:34,  1.69it/s]Evaluating raw model output:  36%|███▌      | 427/1194 [06:11<07:14,  1.76it/s]Evaluating raw model output:  36%|███▌      | 428/1194 [06:12<08:37,  1.48it/s]Evaluating raw model output:  36%|███▌      | 429/1194 [06:13<11:01,  1.16it/s]Evaluating raw model output:  36%|███▌      | 430/1194 [06:14<09:41,  1.31it/s]Evaluating raw model output:  36%|███▌      | 431/1194 [06:14<08:48,  1.44it/s]Evaluating raw model output:  36%|███▌      | 432/1194 [06:15<08:02,  1.58it/s]Evaluating raw model output:  36%|███▋      | 433/1194 [06:16<09:20,  1.36it/s]Evaluating raw model output:  36%|███▋      | 434/1194 [06:17<12:15,  1.03it/s]Evaluating raw model output:  36%|███▋      | 435/1194 [06:18<12:05,  1.05it/s]Evaluating raw model output:  37%|███▋      | 436/1194 [06:20<12:51,  1.02s/it]Evaluating raw model output:  37%|███▋      | 437/1194 [06:20<11:13,  1.12it/s]Evaluating raw model output:  37%|███▋      | 438/1194 [06:21<09:55,  1.27it/s]Evaluating raw model output:  37%|███▋      | 439/1194 [06:21<08:57,  1.40it/s]Evaluating raw model output:  37%|███▋      | 440/1194 [06:22<08:23,  1.50it/s]Evaluating raw model output:  37%|███▋      | 441/1194 [06:22<08:02,  1.56it/s]Evaluating raw model output:  37%|███▋      | 442/1194 [06:23<07:43,  1.62it/s]Evaluating raw model output:  37%|███▋      | 443/1194 [06:24<07:55,  1.58it/s]Evaluating raw model output:  37%|███▋      | 444/1194 [06:24<07:41,  1.62it/s]Evaluating raw model output:  37%|███▋      | 445/1194 [06:25<07:28,  1.67it/s]Evaluating raw model output:  37%|███▋      | 446/1194 [06:25<07:09,  1.74it/s]Evaluating raw model output:  37%|███▋      | 447/1194 [06:26<07:01,  1.77it/s]Evaluating raw model output:  38%|███▊      | 448/1194 [06:26<06:54,  1.80it/s]Evaluating raw model output:  38%|███▊      | 449/1194 [06:27<06:49,  1.82it/s]Evaluating raw model output:  38%|███▊      | 450/1194 [06:27<06:48,  1.82it/s]Evaluating raw model output:  38%|███▊      | 451/1194 [06:28<06:42,  1.85it/s]Evaluating raw model output:  38%|███▊      | 452/1194 [06:28<06:26,  1.92it/s]Evaluating raw model output:  38%|███▊      | 453/1194 [06:30<09:03,  1.36it/s]Evaluating raw model output:  38%|███▊      | 454/1194 [06:31<10:27,  1.18it/s]Evaluating raw model output:  38%|███▊      | 455/1194 [06:31<09:46,  1.26it/s]Evaluating raw model output:  38%|███▊      | 456/1194 [06:32<09:27,  1.30it/s]Evaluating raw model output:  38%|███▊      | 457/1194 [06:33<08:41,  1.41it/s]Evaluating raw model output:  38%|███▊      | 458/1194 [06:33<08:06,  1.51it/s]Evaluating raw model output:  38%|███▊      | 459/1194 [06:34<08:18,  1.47it/s]Evaluating raw model output:  39%|███▊      | 460/1194 [06:35<08:58,  1.36it/s]Evaluating raw model output:  39%|███▊      | 461/1194 [06:35<08:44,  1.40it/s]Evaluating raw model output:  39%|███▊      | 462/1194 [06:36<08:16,  1.47it/s]Evaluating raw model output:  39%|███▉      | 463/1194 [06:37<09:05,  1.34it/s]Evaluating raw model output:  39%|███▉      | 464/1194 [06:38<11:32,  1.05it/s]Evaluating raw model output:  39%|███▉      | 465/1194 [06:39<11:18,  1.07it/s]Evaluating raw model output:  39%|███▉      | 466/1194 [06:40<09:48,  1.24it/s]Evaluating raw model output:  39%|███▉      | 467/1194 [06:40<08:44,  1.39it/s]Evaluating raw model output:  39%|███▉      | 468/1194 [06:41<09:35,  1.26it/s]Evaluating raw model output:  39%|███▉      | 469/1194 [06:42<08:53,  1.36it/s]Evaluating raw model output:  39%|███▉      | 470/1194 [06:42<08:18,  1.45it/s]Evaluating raw model output:  39%|███▉      | 471/1194 [06:43<07:49,  1.54it/s]Evaluating raw model output:  40%|███▉      | 472/1194 [06:45<11:40,  1.03it/s]Evaluating raw model output:  40%|███▉      | 473/1194 [06:45<09:59,  1.20it/s]Evaluating raw model output:  40%|███▉      | 474/1194 [06:46<08:53,  1.35it/s]Evaluating raw model output:  40%|███▉      | 475/1194 [06:46<08:09,  1.47it/s]Evaluating raw model output:  40%|███▉      | 476/1194 [06:48<11:25,  1.05it/s]Evaluating raw model output:  40%|███▉      | 477/1194 [06:49<10:14,  1.17it/s]Evaluating raw model output:  40%|████      | 478/1194 [06:50<11:23,  1.05it/s]Evaluating raw model output:  40%|████      | 479/1194 [06:50<10:09,  1.17it/s]Evaluating raw model output:  40%|████      | 480/1194 [06:52<11:30,  1.03it/s]Evaluating raw model output:  40%|████      | 481/1194 [06:53<14:01,  1.18s/it]Evaluating raw model output:  40%|████      | 482/1194 [06:54<11:48,  1.01it/s]Evaluating raw model output:  40%|████      | 483/1194 [06:54<10:09,  1.17it/s]Evaluating raw model output:  41%|████      | 484/1194 [06:55<09:01,  1.31it/s]Evaluating raw model output:  41%|████      | 485/1194 [06:55<08:16,  1.43it/s]Evaluating raw model output:  41%|████      | 486/1194 [06:57<10:01,  1.18it/s]Evaluating raw model output:  41%|████      | 487/1194 [06:58<11:22,  1.04it/s]Evaluating raw model output:  41%|████      | 488/1194 [06:58<09:39,  1.22it/s]Evaluating raw model output:  41%|████      | 489/1194 [06:59<08:38,  1.36it/s]Evaluating raw model output:  41%|████      | 490/1194 [06:59<08:00,  1.47it/s]Evaluating raw model output:  41%|████      | 491/1194 [07:00<08:37,  1.36it/s]Evaluating raw model output:  41%|████      | 492/1194 [07:01<07:53,  1.48it/s]Evaluating raw model output:  41%|████▏     | 493/1194 [07:01<07:26,  1.57it/s]Evaluating raw model output:  41%|████▏     | 494/1194 [07:02<07:24,  1.58it/s]Evaluating raw model output:  41%|████▏     | 495/1194 [07:03<07:18,  1.59it/s]Evaluating raw model output:  42%|████▏     | 496/1194 [07:03<07:07,  1.63it/s]Evaluating raw model output:  42%|████▏     | 497/1194 [07:04<06:49,  1.70it/s]Evaluating raw model output:  42%|████▏     | 498/1194 [07:04<06:41,  1.73it/s]Evaluating raw model output:  42%|████▏     | 499/1194 [07:05<06:32,  1.77it/s]Evaluating raw model output:  42%|████▏     | 500/1194 [07:05<06:35,  1.75it/s]Evaluating raw model output:  42%|████▏     | 501/1194 [07:06<06:29,  1.78it/s]Evaluating raw model output:  42%|████▏     | 502/1194 [07:08<10:19,  1.12it/s]Evaluating raw model output:  42%|████▏     | 503/1194 [07:08<09:08,  1.26it/s]Evaluating raw model output:  42%|████▏     | 504/1194 [07:09<08:19,  1.38it/s]Evaluating raw model output:  42%|████▏     | 505/1194 [07:09<08:03,  1.42it/s]Evaluating raw model output:  42%|████▏     | 506/1194 [07:10<08:02,  1.43it/s]Evaluating raw model output:  42%|████▏     | 507/1194 [07:11<09:12,  1.24it/s]Evaluating raw model output:  43%|████▎     | 508/1194 [07:12<08:58,  1.27it/s]Evaluating raw model output:  43%|████▎     | 509/1194 [07:12<08:06,  1.41it/s]Evaluating raw model output:  43%|████▎     | 510/1194 [07:14<10:54,  1.04it/s]Evaluating raw model output:  43%|████▎     | 511/1194 [07:15<12:34,  1.10s/it]Evaluating raw model output:  43%|████▎     | 512/1194 [07:16<10:38,  1.07it/s]Evaluating raw model output:  43%|████▎     | 513/1194 [07:17<09:45,  1.16it/s]Evaluating raw model output:  43%|████▎     | 514/1194 [07:17<08:48,  1.29it/s]Evaluating raw model output:  43%|████▎     | 515/1194 [07:18<10:07,  1.12it/s]Evaluating raw model output:  43%|████▎     | 516/1194 [07:19<10:02,  1.12it/s]Evaluating raw model output:  43%|████▎     | 517/1194 [07:20<08:42,  1.30it/s]Evaluating raw model output:  43%|████▎     | 518/1194 [07:21<09:22,  1.20it/s]Evaluating raw model output:  43%|████▎     | 519/1194 [07:21<08:30,  1.32it/s]Evaluating raw model output:  44%|████▎     | 520/1194 [07:22<07:51,  1.43it/s]Evaluating raw model output:  44%|████▎     | 521/1194 [07:22<07:21,  1.53it/s]Evaluating raw model output:  44%|████▎     | 522/1194 [07:23<07:04,  1.58it/s]Evaluating raw model output:  44%|████▍     | 523/1194 [07:24<06:44,  1.66it/s]Evaluating raw model output:  44%|████▍     | 524/1194 [07:24<06:39,  1.68it/s]Evaluating raw model output:  44%|████▍     | 525/1194 [07:25<06:33,  1.70it/s]Evaluating raw model output:  44%|████▍     | 526/1194 [07:26<08:34,  1.30it/s]Evaluating raw model output:  44%|████▍     | 527/1194 [07:26<07:42,  1.44it/s]Evaluating raw model output:  44%|████▍     | 528/1194 [07:28<10:18,  1.08it/s]Evaluating raw model output:  44%|████▍     | 529/1194 [07:29<11:04,  1.00it/s]Evaluating raw model output:  44%|████▍     | 530/1194 [07:30<09:38,  1.15it/s]Evaluating raw model output:  44%|████▍     | 531/1194 [07:31<10:48,  1.02it/s]Evaluating raw model output:  45%|████▍     | 532/1194 [07:31<09:13,  1.20it/s]Evaluating raw model output:  45%|████▍     | 533/1194 [07:32<08:13,  1.34it/s]Evaluating raw model output:  45%|████▍     | 534/1194 [07:32<07:30,  1.47it/s]Evaluating raw model output:  45%|████▍     | 535/1194 [07:33<07:25,  1.48it/s]Evaluating raw model output:  45%|████▍     | 536/1194 [07:34<09:02,  1.21it/s]Evaluating raw model output:  45%|████▍     | 537/1194 [07:35<08:07,  1.35it/s]Evaluating raw model output:  45%|████▌     | 538/1194 [07:35<07:20,  1.49it/s]Evaluating raw model output:  45%|████▌     | 539/1194 [07:36<06:51,  1.59it/s]Evaluating raw model output:  45%|████▌     | 540/1194 [07:36<06:50,  1.59it/s]Evaluating raw model output:  45%|████▌     | 541/1194 [07:37<06:30,  1.67it/s]Evaluating raw model output:  45%|████▌     | 542/1194 [07:38<06:24,  1.70it/s]Evaluating raw model output:  45%|████▌     | 543/1194 [07:38<06:20,  1.71it/s]Evaluating raw model output:  46%|████▌     | 544/1194 [07:39<08:00,  1.35it/s]Evaluating raw model output:  46%|████▌     | 545/1194 [07:41<10:30,  1.03it/s]Evaluating raw model output:  46%|████▌     | 546/1194 [07:41<09:06,  1.18it/s]Evaluating raw model output:  46%|████▌     | 547/1194 [07:42<08:09,  1.32it/s]Evaluating raw model output:  46%|████▌     | 548/1194 [07:42<07:16,  1.48it/s]Evaluating raw model output:  46%|████▌     | 549/1194 [07:43<06:49,  1.57it/s]Evaluating raw model output:  46%|████▌     | 550/1194 [07:43<06:38,  1.62it/s]Evaluating raw model output:  46%|████▌     | 551/1194 [07:44<06:18,  1.70it/s]Evaluating raw model output:  46%|████▌     | 552/1194 [07:45<06:09,  1.74it/s]Evaluating raw model output:  46%|████▋     | 553/1194 [07:46<07:35,  1.41it/s]Evaluating raw model output:  46%|████▋     | 554/1194 [07:47<09:06,  1.17it/s]Evaluating raw model output:  46%|████▋     | 555/1194 [07:48<11:55,  1.12s/it]Evaluating raw model output:  47%|████▋     | 556/1194 [07:49<09:57,  1.07it/s]Evaluating raw model output:  47%|████▋     | 557/1194 [07:50<09:54,  1.07it/s]Evaluating raw model output:  47%|████▋     | 558/1194 [07:51<08:55,  1.19it/s]Evaluating raw model output:  47%|████▋     | 559/1194 [07:52<09:36,  1.10it/s]Evaluating raw model output:  47%|████▋     | 560/1194 [07:52<08:32,  1.24it/s]Evaluating raw model output:  47%|████▋     | 561/1194 [07:53<08:11,  1.29it/s]Evaluating raw model output:  47%|████▋     | 562/1194 [07:53<07:31,  1.40it/s]Evaluating raw model output:  47%|████▋     | 563/1194 [07:54<07:06,  1.48it/s]Evaluating raw model output:  47%|████▋     | 564/1194 [07:55<06:48,  1.54it/s]Evaluating raw model output:  47%|████▋     | 565/1194 [07:55<06:37,  1.58it/s]Evaluating raw model output:  47%|████▋     | 566/1194 [07:56<06:17,  1.66it/s]Evaluating raw model output:  47%|████▋     | 567/1194 [07:56<06:26,  1.62it/s]Evaluating raw model output:  48%|████▊     | 568/1194 [07:57<06:16,  1.66it/s]Evaluating raw model output:  48%|████▊     | 569/1194 [07:57<05:55,  1.76it/s]Evaluating raw model output:  48%|████▊     | 570/1194 [07:58<06:11,  1.68it/s]Evaluating raw model output:  48%|████▊     | 571/1194 [07:59<06:07,  1.70it/s]Evaluating raw model output:  48%|████▊     | 572/1194 [08:00<07:49,  1.32it/s]Evaluating raw model output:  48%|████▊     | 573/1194 [08:00<07:06,  1.45it/s]Evaluating raw model output:  48%|████▊     | 574/1194 [08:01<07:59,  1.29it/s]Evaluating raw model output:  48%|████▊     | 575/1194 [08:02<07:28,  1.38it/s]Evaluating raw model output:  48%|████▊     | 576/1194 [08:03<07:04,  1.46it/s]Evaluating raw model output:  48%|████▊     | 577/1194 [08:03<06:34,  1.57it/s]Evaluating raw model output:  48%|████▊     | 578/1194 [08:04<06:25,  1.60it/s]Evaluating raw model output:  48%|████▊     | 579/1194 [08:04<05:58,  1.71it/s]Evaluating raw model output:  49%|████▊     | 580/1194 [08:06<08:24,  1.22it/s]Evaluating raw model output:  49%|████▊     | 581/1194 [08:06<07:20,  1.39it/s]Evaluating raw model output:  49%|████▊     | 582/1194 [08:07<09:07,  1.12it/s]Evaluating raw model output:  49%|████▉     | 583/1194 [08:08<07:59,  1.27it/s]Evaluating raw model output:  49%|████▉     | 584/1194 [08:08<07:08,  1.42it/s]Evaluating raw model output:  49%|████▉     | 585/1194 [08:09<06:41,  1.52it/s]Evaluating raw model output:  49%|████▉     | 586/1194 [08:09<06:25,  1.58it/s]Evaluating raw model output:  49%|████▉     | 587/1194 [08:10<06:15,  1.61it/s]Evaluating raw model output:  49%|████▉     | 588/1194 [08:11<06:00,  1.68it/s]Evaluating raw model output:  49%|████▉     | 589/1194 [08:11<05:45,  1.75it/s]Evaluating raw model output:  49%|████▉     | 590/1194 [08:12<05:51,  1.72it/s]Evaluating raw model output:  49%|████▉     | 591/1194 [08:12<05:50,  1.72it/s]Evaluating raw model output:  50%|████▉     | 592/1194 [08:13<05:30,  1.82it/s]Evaluating raw model output:  50%|████▉     | 593/1194 [08:13<05:28,  1.83it/s]Evaluating raw model output:  50%|████▉     | 594/1194 [08:14<06:28,  1.55it/s]Evaluating raw model output:  50%|████▉     | 595/1194 [08:15<06:10,  1.62it/s]Evaluating raw model output:  50%|████▉     | 596/1194 [08:15<05:54,  1.69it/s]Evaluating raw model output:  50%|█████     | 597/1194 [08:16<05:50,  1.70it/s]Evaluating raw model output:  50%|█████     | 598/1194 [08:16<05:45,  1.72it/s]Evaluating raw model output:  50%|█████     | 599/1194 [08:17<05:29,  1.81it/s]Evaluating raw model output:  50%|█████     | 600/1194 [08:18<07:00,  1.41it/s]Evaluating raw model output:  50%|█████     | 601/1194 [08:19<06:29,  1.52it/s]Evaluating raw model output:  50%|█████     | 602/1194 [08:19<06:05,  1.62it/s]Evaluating raw model output:  51%|█████     | 603/1194 [08:20<05:49,  1.69it/s]Evaluating raw model output:  51%|█████     | 604/1194 [08:21<06:45,  1.45it/s]Evaluating raw model output:  51%|█████     | 605/1194 [08:21<06:18,  1.56it/s]Evaluating raw model output:  51%|█████     | 606/1194 [08:22<05:58,  1.64it/s]Evaluating raw model output:  51%|█████     | 607/1194 [08:23<08:00,  1.22it/s]Evaluating raw model output:  51%|█████     | 608/1194 [08:23<07:15,  1.35it/s]Evaluating raw model output:  51%|█████     | 609/1194 [08:24<06:39,  1.46it/s]Evaluating raw model output:  51%|█████     | 610/1194 [08:25<06:16,  1.55it/s]Evaluating raw model output:  51%|█████     | 611/1194 [08:25<06:14,  1.56it/s]Evaluating raw model output:  51%|█████▏    | 612/1194 [08:26<06:13,  1.56it/s]Evaluating raw model output:  51%|█████▏    | 613/1194 [08:27<06:29,  1.49it/s]Evaluating raw model output:  51%|█████▏    | 614/1194 [08:27<06:24,  1.51it/s]Evaluating raw model output:  52%|█████▏    | 615/1194 [08:28<06:08,  1.57it/s]Evaluating raw model output:  52%|█████▏    | 616/1194 [08:28<05:53,  1.63it/s]Evaluating raw model output:  52%|█████▏    | 617/1194 [08:29<05:58,  1.61it/s]Evaluating raw model output:  52%|█████▏    | 618/1194 [08:30<05:52,  1.64it/s]Evaluating raw model output:  52%|█████▏    | 619/1194 [08:30<05:38,  1.70it/s]Evaluating raw model output:  52%|█████▏    | 620/1194 [08:31<05:33,  1.72it/s]Evaluating raw model output:  52%|█████▏    | 621/1194 [08:31<05:24,  1.76it/s]Evaluating raw model output:  52%|█████▏    | 622/1194 [08:32<05:17,  1.80it/s]Evaluating raw model output:  52%|█████▏    | 623/1194 [08:32<05:10,  1.84it/s]Evaluating raw model output:  52%|█████▏    | 624/1194 [08:33<05:06,  1.86it/s]Evaluating raw model output:  52%|█████▏    | 625/1194 [08:33<05:04,  1.87it/s]Evaluating raw model output:  52%|█████▏    | 626/1194 [08:35<07:44,  1.22it/s]Evaluating raw model output:  53%|█████▎    | 627/1194 [08:35<06:57,  1.36it/s]Evaluating raw model output:  53%|█████▎    | 628/1194 [08:36<06:45,  1.40it/s]Evaluating raw model output:  53%|█████▎    | 629/1194 [08:37<06:27,  1.46it/s]Evaluating raw model output:  53%|█████▎    | 630/1194 [08:37<05:58,  1.58it/s]Evaluating raw model output:  53%|█████▎    | 631/1194 [08:38<05:44,  1.64it/s]Evaluating raw model output:  53%|█████▎    | 632/1194 [08:38<05:30,  1.70it/s]Evaluating raw model output:  53%|█████▎    | 633/1194 [08:39<05:25,  1.72it/s]Evaluating raw model output:  53%|█████▎    | 634/1194 [08:39<05:21,  1.74it/s]Evaluating raw model output:  53%|█████▎    | 635/1194 [08:40<05:23,  1.73it/s]Evaluating raw model output:  53%|█████▎    | 636/1194 [08:40<05:14,  1.77it/s]Evaluating raw model output:  53%|█████▎    | 637/1194 [08:41<05:12,  1.78it/s]Evaluating raw model output:  53%|█████▎    | 638/1194 [08:42<05:10,  1.79it/s]Evaluating raw model output:  54%|█████▎    | 639/1194 [08:42<05:06,  1.81it/s]Evaluating raw model output:  54%|█████▎    | 640/1194 [08:43<07:02,  1.31it/s]Evaluating raw model output:  54%|█████▎    | 641/1194 [08:44<06:20,  1.45it/s]Evaluating raw model output:  54%|█████▍    | 642/1194 [08:44<05:56,  1.55it/s]Evaluating raw model output:  54%|█████▍    | 643/1194 [08:46<07:30,  1.22it/s]Evaluating raw model output:  54%|█████▍    | 644/1194 [08:46<06:50,  1.34it/s]Evaluating raw model output:  54%|█████▍    | 645/1194 [08:47<06:13,  1.47it/s]Evaluating raw model output:  54%|█████▍    | 646/1194 [08:48<06:55,  1.32it/s]Evaluating raw model output:  54%|█████▍    | 647/1194 [08:49<07:26,  1.22it/s]Evaluating raw model output:  54%|█████▍    | 648/1194 [08:49<06:38,  1.37it/s]Evaluating raw model output:  54%|█████▍    | 649/1194 [08:50<05:59,  1.52it/s]Evaluating raw model output:  54%|█████▍    | 650/1194 [08:50<05:36,  1.62it/s]Evaluating raw model output:  55%|█████▍    | 651/1194 [08:51<06:30,  1.39it/s]Evaluating raw model output:  55%|█████▍    | 652/1194 [08:52<06:04,  1.49it/s]Evaluating raw model output:  55%|█████▍    | 653/1194 [08:52<05:46,  1.56it/s]Evaluating raw model output:  55%|█████▍    | 654/1194 [08:53<07:01,  1.28it/s]Evaluating raw model output:  55%|█████▍    | 655/1194 [08:54<06:19,  1.42it/s]Evaluating raw model output:  55%|█████▍    | 656/1194 [08:54<05:51,  1.53it/s]Evaluating raw model output:  55%|█████▌    | 657/1194 [08:55<05:32,  1.61it/s]Evaluating raw model output:  55%|█████▌    | 658/1194 [08:56<06:46,  1.32it/s]Evaluating raw model output:  55%|█████▌    | 659/1194 [08:57<06:19,  1.41it/s]Evaluating raw model output:  55%|█████▌    | 660/1194 [08:58<07:33,  1.18it/s]Evaluating raw model output:  55%|█████▌    | 661/1194 [08:58<06:41,  1.33it/s]Evaluating raw model output:  55%|█████▌    | 662/1194 [08:59<06:09,  1.44it/s]Evaluating raw model output:  56%|█████▌    | 663/1194 [09:00<06:36,  1.34it/s]Evaluating raw model output:  56%|█████▌    | 664/1194 [09:00<06:01,  1.47it/s]Evaluating raw model output:  56%|█████▌    | 665/1194 [09:01<05:38,  1.56it/s]Evaluating raw model output:  56%|█████▌    | 666/1194 [09:02<05:40,  1.55it/s]Evaluating raw model output:  56%|█████▌    | 667/1194 [09:02<06:30,  1.35it/s]Evaluating raw model output:  56%|█████▌    | 668/1194 [09:03<06:15,  1.40it/s]Evaluating raw model output:  56%|█████▌    | 669/1194 [09:04<06:00,  1.46it/s]Evaluating raw model output:  56%|█████▌    | 670/1194 [09:04<05:53,  1.48it/s]Evaluating raw model output:  56%|█████▌    | 671/1194 [09:05<05:34,  1.56it/s]Evaluating raw model output:  56%|█████▋    | 672/1194 [09:05<05:17,  1.64it/s]Evaluating raw model output:  56%|█████▋    | 673/1194 [09:06<05:06,  1.70it/s]Evaluating raw model output:  56%|█████▋    | 674/1194 [09:07<04:56,  1.75it/s]Evaluating raw model output:  57%|█████▋    | 675/1194 [09:07<04:41,  1.84it/s]Evaluating raw model output:  57%|█████▋    | 676/1194 [09:08<04:49,  1.79it/s]Evaluating raw model output:  57%|█████▋    | 677/1194 [09:09<05:45,  1.49it/s]Evaluating raw model output:  57%|█████▋    | 678/1194 [09:09<05:27,  1.57it/s]Evaluating raw model output:  57%|█████▋    | 679/1194 [09:10<06:06,  1.41it/s]Evaluating raw model output:  57%|█████▋    | 680/1194 [09:11<05:39,  1.51it/s]Evaluating raw model output:  57%|█████▋    | 681/1194 [09:11<05:10,  1.65it/s]Evaluating raw model output:  57%|█████▋    | 682/1194 [09:12<05:07,  1.66it/s]Evaluating raw model output:  57%|█████▋    | 683/1194 [09:12<04:56,  1.73it/s]Evaluating raw model output:  57%|█████▋    | 684/1194 [09:13<05:45,  1.48it/s]Evaluating raw model output:  57%|█████▋    | 685/1194 [09:14<05:38,  1.51it/s]Evaluating raw model output:  57%|█████▋    | 686/1194 [09:14<05:19,  1.59it/s]Evaluating raw model output:  58%|█████▊    | 687/1194 [09:15<06:41,  1.26it/s]Evaluating raw model output:  58%|█████▊    | 688/1194 [09:16<05:55,  1.42it/s]Evaluating raw model output:  58%|█████▊    | 689/1194 [09:16<05:29,  1.53it/s]Evaluating raw model output:  58%|█████▊    | 690/1194 [09:17<05:14,  1.60it/s]Evaluating raw model output:  58%|█████▊    | 691/1194 [09:18<05:21,  1.56it/s]Evaluating raw model output:  58%|█████▊    | 692/1194 [09:19<06:41,  1.25it/s]Evaluating raw model output:  58%|█████▊    | 693/1194 [09:19<05:55,  1.41it/s]Evaluating raw model output:  58%|█████▊    | 694/1194 [09:20<05:39,  1.47it/s]Evaluating raw model output:  58%|█████▊    | 695/1194 [09:20<05:17,  1.57it/s]Evaluating raw model output:  58%|█████▊    | 696/1194 [09:21<06:01,  1.38it/s]Evaluating raw model output:  58%|█████▊    | 697/1194 [09:22<05:30,  1.50it/s]Evaluating raw model output:  58%|█████▊    | 698/1194 [09:23<06:30,  1.27it/s]Evaluating raw model output:  59%|█████▊    | 699/1194 [09:24<05:53,  1.40it/s]Evaluating raw model output:  59%|█████▊    | 700/1194 [09:24<05:28,  1.51it/s]Evaluating raw model output:  59%|█████▊    | 701/1194 [09:25<05:08,  1.60it/s]Evaluating raw model output:  59%|█████▉    | 702/1194 [09:25<05:00,  1.64it/s]Evaluating raw model output:  59%|█████▉    | 703/1194 [09:27<07:04,  1.16it/s]Evaluating raw model output:  59%|█████▉    | 704/1194 [09:28<08:52,  1.09s/it]Evaluating raw model output:  59%|█████▉    | 705/1194 [09:29<07:34,  1.08it/s]Evaluating raw model output:  59%|█████▉    | 706/1194 [09:29<06:41,  1.22it/s]Evaluating raw model output:  59%|█████▉    | 707/1194 [09:31<08:18,  1.02s/it]Evaluating raw model output:  59%|█████▉    | 708/1194 [09:31<07:05,  1.14it/s]Evaluating raw model output:  59%|█████▉    | 709/1194 [09:32<06:25,  1.26it/s]Evaluating raw model output:  59%|█████▉    | 710/1194 [09:33<05:51,  1.38it/s]Evaluating raw model output:  60%|█████▉    | 711/1194 [09:34<06:26,  1.25it/s]Evaluating raw model output:  60%|█████▉    | 712/1194 [09:34<05:50,  1.38it/s]Evaluating raw model output:  60%|█████▉    | 713/1194 [09:35<05:29,  1.46it/s]Evaluating raw model output:  60%|█████▉    | 714/1194 [09:35<05:09,  1.55it/s]Evaluating raw model output:  60%|█████▉    | 715/1194 [09:36<04:55,  1.62it/s]Evaluating raw model output:  60%|█████▉    | 716/1194 [09:36<04:42,  1.69it/s]Evaluating raw model output:  60%|██████    | 717/1194 [09:37<04:58,  1.60it/s]Evaluating raw model output:  60%|██████    | 718/1194 [09:38<04:45,  1.67it/s]Evaluating raw model output:  60%|██████    | 719/1194 [09:39<07:40,  1.03it/s]Evaluating raw model output:  60%|██████    | 720/1194 [09:40<07:00,  1.13it/s]Evaluating raw model output:  60%|██████    | 721/1194 [09:41<06:24,  1.23it/s]Evaluating raw model output:  60%|██████    | 722/1194 [09:41<05:59,  1.31it/s]Evaluating raw model output:  61%|██████    | 723/1194 [09:43<07:00,  1.12it/s]Evaluating raw model output:  61%|██████    | 724/1194 [09:43<06:18,  1.24it/s]Evaluating raw model output:  61%|██████    | 725/1194 [09:44<05:44,  1.36it/s]Evaluating raw model output:  61%|██████    | 726/1194 [09:44<05:17,  1.47it/s]Evaluating raw model output:  61%|██████    | 727/1194 [09:45<05:13,  1.49it/s]Evaluating raw model output:  61%|██████    | 728/1194 [09:46<05:37,  1.38it/s]Evaluating raw model output:  61%|██████    | 729/1194 [09:46<05:11,  1.49it/s]Evaluating raw model output:  61%|██████    | 730/1194 [09:47<04:57,  1.56it/s]Evaluating raw model output:  61%|██████    | 731/1194 [09:48<04:45,  1.62it/s]Evaluating raw model output:  61%|██████▏   | 732/1194 [09:48<04:37,  1.66it/s]Evaluating raw model output:  61%|██████▏   | 733/1194 [09:50<06:38,  1.16it/s]Evaluating raw model output:  61%|██████▏   | 734/1194 [09:50<05:52,  1.31it/s]Evaluating raw model output:  62%|██████▏   | 735/1194 [09:51<05:17,  1.44it/s]Evaluating raw model output:  62%|██████▏   | 736/1194 [09:51<04:56,  1.55it/s]Evaluating raw model output:  62%|██████▏   | 737/1194 [09:52<04:45,  1.60it/s]Evaluating raw model output:  62%|██████▏   | 738/1194 [09:52<04:38,  1.64it/s]Evaluating raw model output:  62%|██████▏   | 739/1194 [09:53<04:24,  1.72it/s]Evaluating raw model output:  62%|██████▏   | 740/1194 [09:54<04:42,  1.60it/s]Evaluating raw model output:  62%|██████▏   | 741/1194 [09:54<05:19,  1.42it/s]Evaluating raw model output:  62%|██████▏   | 742/1194 [09:56<06:14,  1.21it/s]Evaluating raw model output:  62%|██████▏   | 743/1194 [09:57<07:34,  1.01s/it]Evaluating raw model output:  62%|██████▏   | 744/1194 [09:58<06:30,  1.15it/s]Evaluating raw model output:  62%|██████▏   | 745/1194 [09:58<05:53,  1.27it/s]Evaluating raw model output:  62%|██████▏   | 746/1194 [09:59<05:24,  1.38it/s]Evaluating raw model output:  63%|██████▎   | 747/1194 [09:59<04:57,  1.50it/s]Evaluating raw model output:  63%|██████▎   | 748/1194 [10:00<04:43,  1.57it/s]Evaluating raw model output:  63%|██████▎   | 749/1194 [10:00<04:36,  1.61it/s]Evaluating raw model output:  63%|██████▎   | 750/1194 [10:01<04:28,  1.65it/s]Evaluating raw model output:  63%|██████▎   | 751/1194 [10:02<05:17,  1.39it/s]Evaluating raw model output:  63%|██████▎   | 752/1194 [10:02<04:55,  1.49it/s]Evaluating raw model output:  63%|██████▎   | 753/1194 [10:03<04:42,  1.56it/s]Evaluating raw model output:  63%|██████▎   | 754/1194 [10:04<04:29,  1.63it/s]Evaluating raw model output:  63%|██████▎   | 755/1194 [10:04<04:21,  1.68it/s]Evaluating raw model output:  63%|██████▎   | 756/1194 [10:05<04:08,  1.76it/s]Evaluating raw model output:  63%|██████▎   | 757/1194 [10:05<04:04,  1.78it/s]Evaluating raw model output:  63%|██████▎   | 758/1194 [10:06<04:02,  1.80it/s]Evaluating raw model output:  64%|██████▎   | 759/1194 [10:06<04:11,  1.73it/s]Evaluating raw model output:  64%|██████▎   | 760/1194 [10:07<04:07,  1.75it/s]Evaluating raw model output:  64%|██████▎   | 761/1194 [10:08<04:52,  1.48it/s]Evaluating raw model output:  64%|██████▍   | 762/1194 [10:09<06:44,  1.07it/s]Evaluating raw model output:  64%|██████▍   | 763/1194 [10:10<05:57,  1.21it/s]Evaluating raw model output:  64%|██████▍   | 764/1194 [10:11<05:16,  1.36it/s]Evaluating raw model output:  64%|██████▍   | 765/1194 [10:11<04:58,  1.44it/s]Evaluating raw model output:  64%|██████▍   | 766/1194 [10:12<04:39,  1.53it/s]Evaluating raw model output:  64%|██████▍   | 767/1194 [10:12<04:24,  1.61it/s]Evaluating raw model output:  64%|██████▍   | 768/1194 [10:13<04:15,  1.67it/s]Evaluating raw model output:  64%|██████▍   | 769/1194 [10:13<04:10,  1.70it/s]Evaluating raw model output:  64%|██████▍   | 770/1194 [10:14<04:10,  1.70it/s]Evaluating raw model output:  65%|██████▍   | 771/1194 [10:14<04:05,  1.72it/s]Evaluating raw model output:  65%|██████▍   | 772/1194 [10:15<04:00,  1.76it/s]Evaluating raw model output:  65%|██████▍   | 773/1194 [10:16<05:18,  1.32it/s]Evaluating raw model output:  65%|██████▍   | 774/1194 [10:17<06:18,  1.11it/s]Evaluating raw model output:  65%|██████▍   | 775/1194 [10:18<05:39,  1.23it/s]Evaluating raw model output:  65%|██████▍   | 776/1194 [10:19<05:11,  1.34it/s]Evaluating raw model output:  65%|██████▌   | 777/1194 [10:20<06:28,  1.07it/s]Evaluating raw model output:  65%|██████▌   | 778/1194 [10:21<07:00,  1.01s/it]Evaluating raw model output:  65%|██████▌   | 779/1194 [10:22<06:04,  1.14it/s]Evaluating raw model output:  65%|██████▌   | 780/1194 [10:22<05:18,  1.30it/s]Evaluating raw model output:  65%|██████▌   | 781/1194 [10:23<04:53,  1.41it/s]Evaluating raw model output:  65%|██████▌   | 782/1194 [10:24<05:27,  1.26it/s]Evaluating raw model output:  66%|██████▌   | 783/1194 [10:24<05:08,  1.33it/s]Evaluating raw model output:  66%|██████▌   | 784/1194 [10:25<04:44,  1.44it/s]Evaluating raw model output:  66%|██████▌   | 785/1194 [10:26<04:20,  1.57it/s]Evaluating raw model output:  66%|██████▌   | 786/1194 [10:26<04:07,  1.65it/s]Evaluating raw model output:  66%|██████▌   | 787/1194 [10:27<03:55,  1.73it/s]Evaluating raw model output:  66%|██████▌   | 788/1194 [10:27<03:43,  1.81it/s]Evaluating raw model output:  66%|██████▌   | 789/1194 [10:28<03:35,  1.88it/s]Evaluating raw model output:  66%|██████▌   | 790/1194 [10:28<03:35,  1.88it/s]Evaluating raw model output:  66%|██████▌   | 791/1194 [10:29<03:31,  1.90it/s]Evaluating raw model output:  66%|██████▋   | 792/1194 [10:29<03:26,  1.95it/s]Evaluating raw model output:  66%|██████▋   | 793/1194 [10:30<03:24,  1.96it/s]Evaluating raw model output:  66%|██████▋   | 794/1194 [10:30<03:38,  1.83it/s]Evaluating raw model output:  67%|██████▋   | 795/1194 [10:31<03:44,  1.77it/s]Evaluating raw model output:  67%|██████▋   | 796/1194 [10:32<04:34,  1.45it/s]Evaluating raw model output:  67%|██████▋   | 797/1194 [10:32<04:27,  1.49it/s]Evaluating raw model output:  67%|██████▋   | 798/1194 [10:33<04:03,  1.63it/s]Evaluating raw model output:  67%|██████▋   | 799/1194 [10:34<03:56,  1.67it/s]Evaluating raw model output:  67%|██████▋   | 800/1194 [10:34<04:01,  1.63it/s]Evaluating raw model output:  67%|██████▋   | 801/1194 [10:35<03:57,  1.66it/s]Evaluating raw model output:  67%|██████▋   | 802/1194 [10:36<04:32,  1.44it/s]Evaluating raw model output:  67%|██████▋   | 803/1194 [10:36<04:16,  1.53it/s]Evaluating raw model output:  67%|██████▋   | 804/1194 [10:37<03:59,  1.63it/s]Evaluating raw model output:  67%|██████▋   | 805/1194 [10:37<03:50,  1.69it/s]Evaluating raw model output:  68%|██████▊   | 806/1194 [10:38<03:47,  1.70it/s]Evaluating raw model output:  68%|██████▊   | 807/1194 [10:38<03:46,  1.71it/s]Evaluating raw model output:  68%|██████▊   | 808/1194 [10:39<03:39,  1.75it/s]Evaluating raw model output:  68%|██████▊   | 809/1194 [10:40<04:31,  1.42it/s]Evaluating raw model output:  68%|██████▊   | 810/1194 [10:40<04:08,  1.55it/s]Evaluating raw model output:  68%|██████▊   | 811/1194 [10:41<03:55,  1.63it/s]Evaluating raw model output:  68%|██████▊   | 812/1194 [10:42<03:47,  1.68it/s]Evaluating raw model output:  68%|██████▊   | 813/1194 [10:42<03:35,  1.77it/s]Evaluating raw model output:  68%|██████▊   | 814/1194 [10:43<03:32,  1.79it/s]Evaluating raw model output:  68%|██████▊   | 815/1194 [10:44<04:32,  1.39it/s]Evaluating raw model output:  68%|██████▊   | 816/1194 [10:44<04:10,  1.51it/s]Evaluating raw model output:  68%|██████▊   | 817/1194 [10:45<03:51,  1.63it/s]Evaluating raw model output:  69%|██████▊   | 818/1194 [10:45<03:38,  1.72it/s]Evaluating raw model output:  69%|██████▊   | 819/1194 [10:47<05:23,  1.16it/s]Evaluating raw model output:  69%|██████▊   | 820/1194 [10:48<06:47,  1.09s/it]Evaluating raw model output:  69%|██████▉   | 821/1194 [10:49<05:45,  1.08it/s]Evaluating raw model output:  69%|██████▉   | 822/1194 [10:50<06:15,  1.01s/it]Evaluating raw model output:  69%|██████▉   | 823/1194 [10:51<05:25,  1.14it/s]Evaluating raw model output:  69%|██████▉   | 824/1194 [10:51<04:51,  1.27it/s]Evaluating raw model output:  69%|██████▉   | 825/1194 [10:52<04:27,  1.38it/s]Evaluating raw model output:  69%|██████▉   | 826/1194 [10:52<04:16,  1.44it/s]Evaluating raw model output:  69%|██████▉   | 827/1194 [10:53<04:18,  1.42it/s]Evaluating raw model output:  69%|██████▉   | 828/1194 [10:54<04:15,  1.43it/s]Evaluating raw model output:  69%|██████▉   | 829/1194 [10:55<04:08,  1.47it/s]Evaluating raw model output:  70%|██████▉   | 830/1194 [10:56<05:01,  1.21it/s]Evaluating raw model output:  70%|██████▉   | 831/1194 [10:57<05:27,  1.11it/s]Evaluating raw model output:  70%|██████▉   | 832/1194 [10:57<04:41,  1.29it/s]Evaluating raw model output:  70%|██████▉   | 833/1194 [10:58<04:14,  1.42it/s]Evaluating raw model output:  70%|██████▉   | 834/1194 [10:58<03:57,  1.52it/s]Evaluating raw model output:  70%|██████▉   | 835/1194 [10:59<04:46,  1.25it/s]Evaluating raw model output:  70%|███████   | 836/1194 [11:00<04:17,  1.39it/s]Evaluating raw model output:  70%|███████   | 837/1194 [11:01<03:55,  1.51it/s]Evaluating raw model output:  70%|███████   | 838/1194 [11:02<05:01,  1.18it/s]Evaluating raw model output:  70%|███████   | 839/1194 [11:03<05:03,  1.17it/s]Evaluating raw model output:  70%|███████   | 840/1194 [11:03<04:23,  1.34it/s]Evaluating raw model output:  70%|███████   | 841/1194 [11:04<03:58,  1.48it/s]Evaluating raw model output:  71%|███████   | 842/1194 [11:04<03:36,  1.63it/s]Evaluating raw model output:  71%|███████   | 843/1194 [11:05<03:22,  1.73it/s]Evaluating raw model output:  71%|███████   | 844/1194 [11:05<03:23,  1.72it/s]Evaluating raw model output:  71%|███████   | 845/1194 [11:06<03:20,  1.74it/s]Evaluating raw model output:  71%|███████   | 846/1194 [11:07<04:05,  1.42it/s]Evaluating raw model output:  71%|███████   | 847/1194 [11:08<04:25,  1.31it/s]Evaluating raw model output:  71%|███████   | 848/1194 [11:08<04:00,  1.44it/s]Evaluating raw model output:  71%|███████   | 849/1194 [11:09<04:04,  1.41it/s]Evaluating raw model output:  71%|███████   | 850/1194 [11:10<03:46,  1.52it/s]Evaluating raw model output:  71%|███████▏  | 851/1194 [11:10<03:31,  1.63it/s]Evaluating raw model output:  71%|███████▏  | 852/1194 [11:11<03:38,  1.57it/s]Evaluating raw model output:  71%|███████▏  | 853/1194 [11:11<03:39,  1.56it/s]Evaluating raw model output:  72%|███████▏  | 854/1194 [11:12<03:27,  1.64it/s]Evaluating raw model output:  72%|███████▏  | 855/1194 [11:13<03:35,  1.57it/s]Evaluating raw model output:  72%|███████▏  | 856/1194 [11:14<04:03,  1.39it/s]Evaluating raw model output:  72%|███████▏  | 857/1194 [11:14<03:45,  1.49it/s]Evaluating raw model output:  72%|███████▏  | 858/1194 [11:15<03:29,  1.60it/s]Evaluating raw model output:  72%|███████▏  | 859/1194 [11:15<03:14,  1.72it/s]Evaluating raw model output:  72%|███████▏  | 860/1194 [11:16<03:12,  1.73it/s]Evaluating raw model output:  72%|███████▏  | 861/1194 [11:16<03:04,  1.81it/s]Evaluating raw model output:  72%|███████▏  | 862/1194 [11:17<03:02,  1.82it/s]Evaluating raw model output:  72%|███████▏  | 863/1194 [11:17<03:02,  1.82it/s]Evaluating raw model output:  72%|███████▏  | 864/1194 [11:18<03:01,  1.82it/s]Evaluating raw model output:  72%|███████▏  | 865/1194 [11:19<03:39,  1.50it/s]Evaluating raw model output:  73%|███████▎  | 866/1194 [11:19<03:25,  1.59it/s]Evaluating raw model output:  73%|███████▎  | 867/1194 [11:20<03:58,  1.37it/s]Evaluating raw model output:  73%|███████▎  | 868/1194 [11:21<03:36,  1.51it/s]Evaluating raw model output:  73%|███████▎  | 869/1194 [11:21<03:27,  1.57it/s]Evaluating raw model output:  73%|███████▎  | 870/1194 [11:22<03:52,  1.39it/s]Evaluating raw model output:  73%|███████▎  | 871/1194 [11:23<03:37,  1.49it/s]Evaluating raw model output:  73%|███████▎  | 872/1194 [11:23<03:25,  1.56it/s]Evaluating raw model output:  73%|███████▎  | 873/1194 [11:24<03:16,  1.64it/s]Evaluating raw model output:  73%|███████▎  | 874/1194 [11:24<03:06,  1.72it/s]Evaluating raw model output:  73%|███████▎  | 875/1194 [11:25<03:03,  1.74it/s]Evaluating raw model output:  73%|███████▎  | 876/1194 [11:26<03:00,  1.76it/s]Evaluating raw model output:  73%|███████▎  | 877/1194 [11:26<02:58,  1.77it/s]Evaluating raw model output:  74%|███████▎  | 878/1194 [11:27<02:50,  1.86it/s]Evaluating raw model output:  74%|███████▎  | 879/1194 [11:27<02:52,  1.83it/s]Evaluating raw model output:  74%|███████▎  | 880/1194 [11:28<02:53,  1.81it/s]Evaluating raw model output:  74%|███████▍  | 881/1194 [11:29<03:24,  1.53it/s]Evaluating raw model output:  74%|███████▍  | 882/1194 [11:30<04:06,  1.27it/s]Evaluating raw model output:  74%|███████▍  | 883/1194 [11:31<04:28,  1.16it/s]Evaluating raw model output:  74%|███████▍  | 884/1194 [11:32<04:48,  1.07it/s]Evaluating raw model output:  74%|███████▍  | 885/1194 [11:33<05:12,  1.01s/it]Evaluating raw model output:  74%|███████▍  | 886/1194 [11:34<04:48,  1.07it/s]Evaluating raw model output:  74%|███████▍  | 887/1194 [11:35<05:01,  1.02it/s]Evaluating raw model output:  74%|███████▍  | 888/1194 [11:35<04:22,  1.17it/s]Evaluating raw model output:  74%|███████▍  | 889/1194 [11:37<05:44,  1.13s/it]Evaluating raw model output:  75%|███████▍  | 890/1194 [11:38<04:50,  1.05it/s]Evaluating raw model output:  75%|███████▍  | 891/1194 [11:38<04:14,  1.19it/s]Evaluating raw model output:  75%|███████▍  | 892/1194 [11:39<03:50,  1.31it/s]Evaluating raw model output:  75%|███████▍  | 893/1194 [11:40<04:38,  1.08it/s]Evaluating raw model output:  75%|███████▍  | 894/1194 [11:41<04:02,  1.24it/s]Evaluating raw model output:  75%|███████▍  | 895/1194 [11:42<05:06,  1.02s/it]Evaluating raw model output:  75%|███████▌  | 896/1194 [11:43<04:22,  1.13it/s]Evaluating raw model output:  75%|███████▌  | 897/1194 [11:44<04:43,  1.05it/s]Evaluating raw model output:  75%|███████▌  | 898/1194 [11:44<04:06,  1.20it/s]Evaluating raw model output:  75%|███████▌  | 899/1194 [11:46<04:49,  1.02it/s]Evaluating raw model output:  75%|███████▌  | 900/1194 [11:46<04:09,  1.18it/s]Evaluating raw model output:  75%|███████▌  | 901/1194 [11:47<03:54,  1.25it/s]Evaluating raw model output:  76%|███████▌  | 902/1194 [11:48<03:32,  1.37it/s]Evaluating raw model output:  76%|███████▌  | 903/1194 [11:48<03:14,  1.49it/s]Evaluating raw model output:  76%|███████▌  | 904/1194 [11:49<03:06,  1.56it/s]Evaluating raw model output:  76%|███████▌  | 905/1194 [11:49<02:56,  1.63it/s]Evaluating raw model output:  76%|███████▌  | 906/1194 [11:50<02:55,  1.64it/s]Evaluating raw model output:  76%|███████▌  | 907/1194 [11:50<02:48,  1.71it/s]Evaluating raw model output:  76%|███████▌  | 908/1194 [11:51<03:17,  1.45it/s]Evaluating raw model output:  76%|███████▌  | 909/1194 [11:52<03:04,  1.55it/s]Evaluating raw model output:  76%|███████▌  | 910/1194 [11:52<02:52,  1.64it/s]Evaluating raw model output:  76%|███████▋  | 911/1194 [11:53<02:50,  1.66it/s]Evaluating raw model output:  76%|███████▋  | 912/1194 [11:54<02:42,  1.73it/s]Evaluating raw model output:  76%|███████▋  | 913/1194 [11:54<02:34,  1.82it/s]Evaluating raw model output:  77%|███████▋  | 914/1194 [11:55<02:36,  1.79it/s]Evaluating raw model output:  77%|███████▋  | 915/1194 [11:55<02:31,  1.84it/s]Evaluating raw model output:  77%|███████▋  | 916/1194 [11:56<03:36,  1.28it/s]Evaluating raw model output:  77%|███████▋  | 917/1194 [11:57<03:17,  1.40it/s]Evaluating raw model output:  77%|███████▋  | 918/1194 [11:58<03:03,  1.50it/s]Evaluating raw model output:  77%|███████▋  | 919/1194 [11:58<02:56,  1.56it/s]Evaluating raw model output:  77%|███████▋  | 920/1194 [11:59<02:46,  1.64it/s]Evaluating raw model output:  77%|███████▋  | 921/1194 [12:00<03:12,  1.42it/s]Evaluating raw model output:  77%|███████▋  | 922/1194 [12:00<03:05,  1.47it/s]Evaluating raw model output:  77%|███████▋  | 923/1194 [12:01<02:52,  1.57it/s]Evaluating raw model output:  77%|███████▋  | 924/1194 [12:02<03:18,  1.36it/s]Evaluating raw model output:  77%|███████▋  | 925/1194 [12:02<02:56,  1.52it/s]Evaluating raw model output:  78%|███████▊  | 926/1194 [12:03<02:44,  1.63it/s]Evaluating raw model output:  78%|███████▊  | 927/1194 [12:03<02:34,  1.73it/s]Evaluating raw model output:  78%|███████▊  | 928/1194 [12:04<02:32,  1.75it/s]Evaluating raw model output:  78%|███████▊  | 929/1194 [12:04<02:33,  1.72it/s]Evaluating raw model output:  78%|███████▊  | 930/1194 [12:05<02:31,  1.75it/s]Evaluating raw model output:  78%|███████▊  | 931/1194 [12:05<02:28,  1.77it/s]Evaluating raw model output:  78%|███████▊  | 932/1194 [12:06<02:27,  1.78it/s]Evaluating raw model output:  78%|███████▊  | 933/1194 [12:07<02:23,  1.81it/s]Evaluating raw model output:  78%|███████▊  | 934/1194 [12:07<02:20,  1.85it/s]Evaluating raw model output:  78%|███████▊  | 935/1194 [12:08<02:23,  1.81it/s]Evaluating raw model output:  78%|███████▊  | 936/1194 [12:08<02:26,  1.76it/s]Evaluating raw model output:  78%|███████▊  | 937/1194 [12:09<02:30,  1.70it/s]Evaluating raw model output:  79%|███████▊  | 938/1194 [12:10<03:42,  1.15it/s]Evaluating raw model output:  79%|███████▊  | 939/1194 [12:11<03:23,  1.25it/s]Evaluating raw model output:  79%|███████▊  | 940/1194 [12:12<03:10,  1.33it/s]Evaluating raw model output:  79%|███████▉  | 941/1194 [12:12<02:55,  1.44it/s]Evaluating raw model output:  79%|███████▉  | 942/1194 [12:13<02:38,  1.59it/s]Evaluating raw model output:  79%|███████▉  | 943/1194 [12:14<03:00,  1.39it/s]Evaluating raw model output:  79%|███████▉  | 944/1194 [12:14<02:46,  1.50it/s]Evaluating raw model output:  79%|███████▉  | 945/1194 [12:15<02:35,  1.60it/s]Evaluating raw model output:  79%|███████▉  | 946/1194 [12:15<02:31,  1.64it/s]Evaluating raw model output:  79%|███████▉  | 947/1194 [12:16<02:22,  1.73it/s]Evaluating raw model output:  79%|███████▉  | 948/1194 [12:16<02:19,  1.77it/s]Evaluating raw model output:  79%|███████▉  | 949/1194 [12:18<03:08,  1.30it/s]Evaluating raw model output:  80%|███████▉  | 950/1194 [12:18<02:52,  1.41it/s]Evaluating raw model output:  80%|███████▉  | 951/1194 [12:19<02:39,  1.53it/s]Evaluating raw model output:  80%|███████▉  | 952/1194 [12:19<02:30,  1.61it/s]Evaluating raw model output:  80%|███████▉  | 953/1194 [12:20<02:21,  1.71it/s]Evaluating raw model output:  80%|███████▉  | 954/1194 [12:20<02:15,  1.77it/s]Evaluating raw model output:  80%|███████▉  | 955/1194 [12:21<02:11,  1.82it/s]Evaluating raw model output:  80%|████████  | 956/1194 [12:22<02:59,  1.33it/s]Evaluating raw model output:  80%|████████  | 957/1194 [12:23<02:45,  1.43it/s]Evaluating raw model output:  80%|████████  | 958/1194 [12:23<02:28,  1.59it/s]Evaluating raw model output:  80%|████████  | 959/1194 [12:24<02:45,  1.42it/s]Evaluating raw model output:  80%|████████  | 960/1194 [12:24<02:35,  1.50it/s]Evaluating raw model output:  80%|████████  | 961/1194 [12:25<02:25,  1.60it/s]Evaluating raw model output:  81%|████████  | 962/1194 [12:26<03:01,  1.28it/s]Evaluating raw model output:  81%|████████  | 963/1194 [12:27<02:51,  1.35it/s]Evaluating raw model output:  81%|████████  | 964/1194 [12:28<03:32,  1.08it/s]Evaluating raw model output:  81%|████████  | 965/1194 [12:29<03:05,  1.23it/s]Evaluating raw model output:  81%|████████  | 966/1194 [12:29<02:46,  1.37it/s]Evaluating raw model output:  81%|████████  | 967/1194 [12:30<02:32,  1.49it/s]Evaluating raw model output:  81%|████████  | 968/1194 [12:31<02:58,  1.27it/s]Evaluating raw model output:  81%|████████  | 969/1194 [12:31<02:42,  1.38it/s]Evaluating raw model output:  81%|████████  | 970/1194 [12:32<02:29,  1.50it/s]Evaluating raw model output:  81%|████████▏ | 971/1194 [12:32<02:21,  1.57it/s]Evaluating raw model output:  81%|████████▏ | 972/1194 [12:34<03:01,  1.23it/s]Evaluating raw model output:  81%|████████▏ | 973/1194 [12:34<02:43,  1.35it/s]Evaluating raw model output:  82%|████████▏ | 974/1194 [12:35<02:28,  1.48it/s]Evaluating raw model output:  82%|████████▏ | 975/1194 [12:35<02:21,  1.54it/s]Evaluating raw model output:  82%|████████▏ | 976/1194 [12:36<02:42,  1.35it/s]Evaluating raw model output:  82%|████████▏ | 977/1194 [12:37<02:29,  1.45it/s]Evaluating raw model output:  82%|████████▏ | 978/1194 [12:38<02:43,  1.32it/s]Evaluating raw model output:  82%|████████▏ | 979/1194 [12:38<02:37,  1.37it/s]Evaluating raw model output:  82%|████████▏ | 980/1194 [12:39<02:30,  1.42it/s]Evaluating raw model output:  82%|████████▏ | 981/1194 [12:40<02:18,  1.54it/s]Evaluating raw model output:  82%|████████▏ | 982/1194 [12:40<02:23,  1.48it/s]Evaluating raw model output:  82%|████████▏ | 983/1194 [12:41<02:16,  1.54it/s]Evaluating raw model output:  82%|████████▏ | 984/1194 [12:43<03:19,  1.05it/s]Evaluating raw model output:  82%|████████▏ | 985/1194 [12:43<03:00,  1.16it/s]Evaluating raw model output:  83%|████████▎ | 986/1194 [12:45<03:35,  1.04s/it]Evaluating raw model output:  83%|████████▎ | 987/1194 [12:46<03:37,  1.05s/it]Evaluating raw model output:  83%|████████▎ | 988/1194 [12:46<03:04,  1.12it/s]Evaluating raw model output:  83%|████████▎ | 989/1194 [12:47<02:44,  1.25it/s]Evaluating raw model output:  83%|████████▎ | 990/1194 [12:47<02:28,  1.37it/s]Evaluating raw model output:  83%|████████▎ | 991/1194 [12:48<02:20,  1.44it/s]Evaluating raw model output:  83%|████████▎ | 992/1194 [12:49<02:10,  1.55it/s]Evaluating raw model output:  83%|████████▎ | 993/1194 [12:49<02:08,  1.56it/s]Evaluating raw model output:  83%|████████▎ | 994/1194 [12:50<02:00,  1.66it/s]Evaluating raw model output:  83%|████████▎ | 995/1194 [12:50<01:56,  1.71it/s]Evaluating raw model output:  83%|████████▎ | 996/1194 [12:51<01:53,  1.74it/s]Evaluating raw model output:  84%|████████▎ | 997/1194 [12:52<02:20,  1.40it/s]Evaluating raw model output:  84%|████████▎ | 998/1194 [12:53<02:30,  1.30it/s]Evaluating raw model output:  84%|████████▎ | 999/1194 [12:53<02:13,  1.46it/s]Evaluating raw model output:  84%|████████▍ | 1000/1194 [12:54<02:03,  1.57it/s]Evaluating raw model output:  84%|████████▍ | 1001/1194 [12:54<01:53,  1.71it/s]Evaluating raw model output:  84%|████████▍ | 1002/1194 [12:55<01:48,  1.76it/s]Evaluating raw model output:  84%|████████▍ | 1003/1194 [12:56<02:08,  1.49it/s]Evaluating raw model output:  84%|████████▍ | 1004/1194 [12:56<01:58,  1.60it/s]Evaluating raw model output:  84%|████████▍ | 1005/1194 [12:57<01:52,  1.68it/s]Evaluating raw model output:  84%|████████▍ | 1006/1194 [12:57<01:47,  1.74it/s]Evaluating raw model output:  84%|████████▍ | 1007/1194 [12:58<01:45,  1.77it/s]Evaluating raw model output:  84%|████████▍ | 1008/1194 [12:59<02:05,  1.48it/s]Evaluating raw model output:  85%|████████▍ | 1009/1194 [12:59<01:57,  1.57it/s]Evaluating raw model output:  85%|████████▍ | 1010/1194 [13:00<01:51,  1.65it/s]Evaluating raw model output:  85%|████████▍ | 1011/1194 [13:01<02:04,  1.48it/s]Evaluating raw model output:  85%|████████▍ | 1012/1194 [13:01<01:53,  1.61it/s]Evaluating raw model output:  85%|████████▍ | 1013/1194 [13:02<02:11,  1.38it/s]Evaluating raw model output:  85%|████████▍ | 1014/1194 [13:03<02:02,  1.48it/s]Evaluating raw model output:  85%|████████▌ | 1015/1194 [13:03<01:54,  1.56it/s]Evaluating raw model output:  85%|████████▌ | 1016/1194 [13:04<01:51,  1.59it/s]Evaluating raw model output:  85%|████████▌ | 1017/1194 [13:05<02:28,  1.19it/s]Evaluating raw model output:  85%|████████▌ | 1018/1194 [13:06<02:12,  1.33it/s]Evaluating raw model output:  85%|████████▌ | 1019/1194 [13:06<02:01,  1.44it/s]Evaluating raw model output:  85%|████████▌ | 1020/1194 [13:07<01:53,  1.53it/s]Evaluating raw model output:  86%|████████▌ | 1021/1194 [13:07<01:51,  1.56it/s]Evaluating raw model output:  86%|████████▌ | 1022/1194 [13:08<01:41,  1.69it/s]Evaluating raw model output:  86%|████████▌ | 1023/1194 [13:08<01:36,  1.77it/s]Evaluating raw model output:  86%|████████▌ | 1024/1194 [13:09<01:35,  1.77it/s]Evaluating raw model output:  86%|████████▌ | 1025/1194 [13:10<01:35,  1.78it/s]Evaluating raw model output:  86%|████████▌ | 1026/1194 [13:10<01:33,  1.80it/s]Evaluating raw model output:  86%|████████▌ | 1027/1194 [13:11<02:06,  1.32it/s]Evaluating raw model output:  86%|████████▌ | 1028/1194 [13:12<02:11,  1.26it/s]Evaluating raw model output:  86%|████████▌ | 1029/1194 [13:13<01:54,  1.44it/s]Evaluating raw model output:  86%|████████▋ | 1030/1194 [13:13<01:42,  1.60it/s]Evaluating raw model output:  86%|████████▋ | 1031/1194 [13:14<01:37,  1.66it/s]Evaluating raw model output:  86%|████████▋ | 1032/1194 [13:14<01:34,  1.71it/s]Evaluating raw model output:  87%|████████▋ | 1033/1194 [13:15<01:28,  1.82it/s]Evaluating raw model output:  87%|████████▋ | 1034/1194 [13:15<01:34,  1.70it/s]Evaluating raw model output:  87%|████████▋ | 1035/1194 [13:16<01:35,  1.66it/s]Evaluating raw model output:  87%|████████▋ | 1036/1194 [13:17<01:46,  1.48it/s]Evaluating raw model output:  87%|████████▋ | 1037/1194 [13:18<01:45,  1.48it/s]Evaluating raw model output:  87%|████████▋ | 1038/1194 [13:18<01:38,  1.58it/s]Evaluating raw model output:  87%|████████▋ | 1039/1194 [13:19<01:32,  1.67it/s]Evaluating raw model output:  87%|████████▋ | 1040/1194 [13:19<01:30,  1.70it/s]Evaluating raw model output:  87%|████████▋ | 1041/1194 [13:20<01:49,  1.40it/s]Evaluating raw model output:  87%|████████▋ | 1042/1194 [13:21<02:04,  1.22it/s]Evaluating raw model output:  87%|████████▋ | 1043/1194 [13:22<02:14,  1.12it/s]Evaluating raw model output:  87%|████████▋ | 1044/1194 [13:23<01:59,  1.26it/s]Evaluating raw model output:  88%|████████▊ | 1045/1194 [13:24<02:12,  1.12it/s]Evaluating raw model output:  88%|████████▊ | 1046/1194 [13:25<01:57,  1.26it/s]Evaluating raw model output:  88%|████████▊ | 1047/1194 [13:26<02:16,  1.07it/s]Evaluating raw model output:  88%|████████▊ | 1048/1194 [13:26<02:02,  1.19it/s]Evaluating raw model output:  88%|████████▊ | 1049/1194 [13:27<01:48,  1.34it/s]Evaluating raw model output:  88%|████████▊ | 1050/1194 [13:27<01:36,  1.50it/s]Evaluating raw model output:  88%|████████▊ | 1051/1194 [13:28<01:29,  1.59it/s]Evaluating raw model output:  88%|████████▊ | 1052/1194 [13:29<01:25,  1.66it/s]Evaluating raw model output:  88%|████████▊ | 1053/1194 [13:29<01:22,  1.71it/s]Evaluating raw model output:  88%|████████▊ | 1054/1194 [13:30<01:19,  1.76it/s]Evaluating raw model output:  88%|████████▊ | 1055/1194 [13:30<01:17,  1.79it/s]Evaluating raw model output:  88%|████████▊ | 1056/1194 [13:31<01:16,  1.80it/s]Evaluating raw model output:  89%|████████▊ | 1057/1194 [13:31<01:18,  1.75it/s]Evaluating raw model output:  89%|████████▊ | 1058/1194 [13:32<01:14,  1.82it/s]Evaluating raw model output:  89%|████████▊ | 1059/1194 [13:32<01:17,  1.73it/s]Evaluating raw model output:  89%|████████▉ | 1060/1194 [13:33<01:13,  1.81it/s]Evaluating raw model output:  89%|████████▉ | 1061/1194 [13:34<01:31,  1.46it/s]Evaluating raw model output:  89%|████████▉ | 1062/1194 [13:34<01:25,  1.54it/s]Evaluating raw model output:  89%|████████▉ | 1063/1194 [13:36<01:50,  1.18it/s]Evaluating raw model output:  89%|████████▉ | 1064/1194 [13:36<01:39,  1.30it/s]Evaluating raw model output:  89%|████████▉ | 1065/1194 [13:37<01:28,  1.46it/s]Evaluating raw model output:  89%|████████▉ | 1066/1194 [13:38<01:38,  1.30it/s]Evaluating raw model output:  89%|████████▉ | 1067/1194 [13:39<01:34,  1.34it/s]Evaluating raw model output:  89%|████████▉ | 1068/1194 [13:39<01:26,  1.45it/s]Evaluating raw model output:  90%|████████▉ | 1069/1194 [13:40<01:20,  1.55it/s]Evaluating raw model output:  90%|████████▉ | 1070/1194 [13:40<01:15,  1.64it/s]Evaluating raw model output:  90%|████████▉ | 1071/1194 [13:41<01:12,  1.69it/s]Evaluating raw model output:  90%|████████▉ | 1072/1194 [13:41<01:08,  1.77it/s]Evaluating raw model output:  90%|████████▉ | 1073/1194 [13:42<01:08,  1.77it/s]Evaluating raw model output:  90%|████████▉ | 1074/1194 [13:42<01:06,  1.81it/s]Evaluating raw model output:  90%|█████████ | 1075/1194 [13:43<01:06,  1.79it/s]Evaluating raw model output:  90%|█████████ | 1076/1194 [13:44<01:41,  1.16it/s]Evaluating raw model output:  90%|█████████ | 1077/1194 [13:45<01:29,  1.31it/s]Evaluating raw model output:  90%|█████████ | 1078/1194 [13:46<01:20,  1.43it/s]Evaluating raw model output:  90%|█████████ | 1079/1194 [13:46<01:16,  1.51it/s]Evaluating raw model output:  90%|█████████ | 1080/1194 [13:47<01:09,  1.64it/s]Evaluating raw model output:  91%|█████████ | 1081/1194 [13:47<01:08,  1.66it/s]Evaluating raw model output:  91%|█████████ | 1082/1194 [13:48<01:26,  1.30it/s]Evaluating raw model output:  91%|█████████ | 1083/1194 [13:49<01:18,  1.42it/s]Evaluating raw model output:  91%|█████████ | 1084/1194 [13:50<01:24,  1.30it/s]Evaluating raw model output:  91%|█████████ | 1085/1194 [13:50<01:17,  1.41it/s]Evaluating raw model output:  91%|█████████ | 1086/1194 [13:52<01:31,  1.18it/s]Evaluating raw model output:  91%|█████████ | 1087/1194 [13:53<01:47,  1.01s/it]Evaluating raw model output:  91%|█████████ | 1088/1194 [13:53<01:31,  1.16it/s]Evaluating raw model output:  91%|█████████ | 1089/1194 [13:54<01:20,  1.31it/s]Evaluating raw model output:  91%|█████████▏| 1090/1194 [13:54<01:12,  1.44it/s]Evaluating raw model output:  91%|█████████▏| 1091/1194 [13:56<01:23,  1.24it/s]Evaluating raw model output:  91%|█████████▏| 1092/1194 [13:57<01:38,  1.04it/s]Evaluating raw model output:  92%|█████████▏| 1093/1194 [13:58<01:30,  1.11it/s]Evaluating raw model output:  92%|█████████▏| 1094/1194 [13:58<01:22,  1.22it/s]Evaluating raw model output:  92%|█████████▏| 1095/1194 [13:59<01:16,  1.29it/s]Evaluating raw model output:  92%|█████████▏| 1096/1194 [14:00<01:20,  1.22it/s]Evaluating raw model output:  92%|█████████▏| 1097/1194 [14:00<01:11,  1.36it/s]Evaluating raw model output:  92%|█████████▏| 1098/1194 [14:01<01:07,  1.41it/s]Evaluating raw model output:  92%|█████████▏| 1099/1194 [14:02<01:01,  1.53it/s]Evaluating raw model output:  92%|█████████▏| 1100/1194 [14:02<00:57,  1.63it/s]Evaluating raw model output:  92%|█████████▏| 1101/1194 [14:03<01:07,  1.38it/s]Evaluating raw model output:  92%|█████████▏| 1102/1194 [14:04<01:03,  1.46it/s]Evaluating raw model output:  92%|█████████▏| 1103/1194 [14:05<01:07,  1.35it/s]Evaluating raw model output:  92%|█████████▏| 1104/1194 [14:05<01:01,  1.47it/s]Evaluating raw model output:  93%|█████████▎| 1105/1194 [14:06<00:56,  1.57it/s]Evaluating raw model output:  93%|█████████▎| 1106/1194 [14:06<00:53,  1.63it/s]Evaluating raw model output:  93%|█████████▎| 1107/1194 [14:08<01:16,  1.14it/s]Evaluating raw model output:  93%|█████████▎| 1108/1194 [14:09<01:20,  1.06it/s]Evaluating raw model output:  93%|█████████▎| 1109/1194 [14:10<01:21,  1.04it/s]Evaluating raw model output:  93%|█████████▎| 1110/1194 [14:10<01:08,  1.22it/s]Evaluating raw model output:  93%|█████████▎| 1111/1194 [14:11<01:01,  1.36it/s]Evaluating raw model output:  93%|█████████▎| 1112/1194 [14:11<00:57,  1.44it/s]Evaluating raw model output:  93%|█████████▎| 1113/1194 [14:12<00:53,  1.53it/s]Evaluating raw model output:  93%|█████████▎| 1114/1194 [14:14<01:15,  1.06it/s]Evaluating raw model output:  93%|█████████▎| 1115/1194 [14:14<01:04,  1.23it/s]Evaluating raw model output:  93%|█████████▎| 1116/1194 [14:15<01:11,  1.10it/s]Evaluating raw model output:  94%|█████████▎| 1117/1194 [14:16<01:01,  1.25it/s]Evaluating raw model output:  94%|█████████▎| 1118/1194 [14:16<00:54,  1.40it/s]Evaluating raw model output:  94%|█████████▎| 1119/1194 [14:17<00:50,  1.50it/s]Evaluating raw model output:  94%|█████████▍| 1120/1194 [14:18<00:55,  1.33it/s]Evaluating raw model output:  94%|█████████▍| 1121/1194 [14:18<00:50,  1.45it/s]Evaluating raw model output:  94%|█████████▍| 1122/1194 [14:19<00:47,  1.52it/s]Evaluating raw model output:  94%|█████████▍| 1123/1194 [14:19<00:44,  1.58it/s]Evaluating raw model output:  94%|█████████▍| 1124/1194 [14:20<00:42,  1.63it/s]Evaluating raw model output:  94%|█████████▍| 1125/1194 [14:21<00:48,  1.43it/s]Evaluating raw model output:  94%|█████████▍| 1126/1194 [14:22<00:45,  1.48it/s]Evaluating raw model output:  94%|█████████▍| 1127/1194 [14:22<00:42,  1.58it/s]Evaluating raw model output:  94%|█████████▍| 1128/1194 [14:23<00:46,  1.42it/s]Evaluating raw model output:  95%|█████████▍| 1129/1194 [14:23<00:41,  1.55it/s]Evaluating raw model output:  95%|█████████▍| 1130/1194 [14:24<00:39,  1.61it/s]Evaluating raw model output:  95%|█████████▍| 1131/1194 [14:25<00:36,  1.72it/s]Evaluating raw model output:  95%|█████████▍| 1132/1194 [14:25<00:35,  1.76it/s]Evaluating raw model output:  95%|█████████▍| 1133/1194 [14:26<00:34,  1.79it/s]Evaluating raw model output:  95%|█████████▍| 1134/1194 [14:26<00:32,  1.84it/s]Evaluating raw model output:  95%|█████████▌| 1135/1194 [14:27<00:30,  1.91it/s]Evaluating raw model output:  95%|█████████▌| 1136/1194 [14:28<00:38,  1.51it/s]Evaluating raw model output:  95%|█████████▌| 1137/1194 [14:28<00:37,  1.53it/s]Evaluating raw model output:  95%|█████████▌| 1138/1194 [14:29<00:34,  1.60it/s]Evaluating raw model output:  95%|█████████▌| 1139/1194 [14:29<00:33,  1.66it/s]Evaluating raw model output:  95%|█████████▌| 1140/1194 [14:30<00:32,  1.67it/s]Evaluating raw model output:  96%|█████████▌| 1141/1194 [14:30<00:29,  1.78it/s]Evaluating raw model output:  96%|█████████▌| 1142/1194 [14:31<00:35,  1.48it/s]Evaluating raw model output:  96%|█████████▌| 1143/1194 [14:32<00:34,  1.49it/s]Evaluating raw model output:  96%|█████████▌| 1144/1194 [14:33<00:33,  1.48it/s]Evaluating raw model output:  96%|█████████▌| 1145/1194 [14:33<00:33,  1.47it/s]Evaluating raw model output:  96%|█████████▌| 1146/1194 [14:34<00:31,  1.50it/s]Evaluating raw model output:  96%|█████████▌| 1147/1194 [14:35<00:29,  1.58it/s]Evaluating raw model output:  96%|█████████▌| 1148/1194 [14:35<00:28,  1.62it/s]Evaluating raw model output:  96%|█████████▌| 1149/1194 [14:36<00:27,  1.65it/s]Evaluating raw model output:  96%|█████████▋| 1150/1194 [14:36<00:26,  1.66it/s]Evaluating raw model output:  96%|█████████▋| 1151/1194 [14:38<00:34,  1.26it/s]Evaluating raw model output:  96%|█████████▋| 1152/1194 [14:38<00:30,  1.39it/s]Evaluating raw model output:  97%|█████████▋| 1153/1194 [14:39<00:27,  1.50it/s]Evaluating raw model output:  97%|█████████▋| 1154/1194 [14:39<00:24,  1.61it/s]Evaluating raw model output:  97%|█████████▋| 1155/1194 [14:40<00:23,  1.69it/s]Evaluating raw model output:  97%|█████████▋| 1156/1194 [14:40<00:21,  1.79it/s]Evaluating raw model output:  97%|█████████▋| 1157/1194 [14:41<00:20,  1.82it/s]Evaluating raw model output:  97%|█████████▋| 1158/1194 [14:42<00:24,  1.48it/s]Evaluating raw model output:  97%|█████████▋| 1159/1194 [14:42<00:22,  1.57it/s]Evaluating raw model output:  97%|█████████▋| 1160/1194 [14:43<00:20,  1.65it/s]Evaluating raw model output:  97%|█████████▋| 1161/1194 [14:44<00:26,  1.25it/s]Evaluating raw model output:  97%|█████████▋| 1162/1194 [14:45<00:22,  1.40it/s]Evaluating raw model output:  97%|█████████▋| 1163/1194 [14:45<00:20,  1.54it/s]Evaluating raw model output:  97%|█████████▋| 1164/1194 [14:45<00:17,  1.71it/s]Evaluating raw model output:  98%|█████████▊| 1165/1194 [14:46<00:16,  1.77it/s]Evaluating raw model output:  98%|█████████▊| 1166/1194 [14:47<00:18,  1.49it/s]Evaluating raw model output:  98%|█████████▊| 1167/1194 [14:47<00:16,  1.62it/s]Evaluating raw model output:  98%|█████████▊| 1168/1194 [14:48<00:15,  1.72it/s]Evaluating raw model output:  98%|█████████▊| 1169/1194 [14:49<00:18,  1.33it/s]Evaluating raw model output:  98%|█████████▊| 1170/1194 [14:50<00:18,  1.27it/s]Evaluating raw model output:  98%|█████████▊| 1171/1194 [14:51<00:19,  1.20it/s]Evaluating raw model output:  98%|█████████▊| 1172/1194 [14:51<00:16,  1.35it/s]Evaluating raw model output:  98%|█████████▊| 1173/1194 [14:52<00:14,  1.49it/s]Evaluating raw model output:  98%|█████████▊| 1174/1194 [14:52<00:12,  1.56it/s]Evaluating raw model output:  98%|█████████▊| 1175/1194 [14:53<00:11,  1.64it/s]Evaluating raw model output:  98%|█████████▊| 1176/1194 [14:53<00:10,  1.77it/s]Evaluating raw model output:  99%|█████████▊| 1177/1194 [14:55<00:12,  1.35it/s]Evaluating raw model output:  99%|█████████▊| 1178/1194 [14:55<00:11,  1.44it/s]Evaluating raw model output:  99%|█████████▊| 1179/1194 [14:56<00:12,  1.16it/s]Evaluating raw model output:  99%|█████████▉| 1180/1194 [14:57<00:10,  1.31it/s]Evaluating raw model output:  99%|█████████▉| 1181/1194 [14:58<00:09,  1.43it/s]Evaluating raw model output:  99%|█████████▉| 1182/1194 [14:58<00:07,  1.58it/s]Evaluating raw model output:  99%|█████████▉| 1183/1194 [14:59<00:06,  1.58it/s]Evaluating raw model output:  99%|█████████▉| 1184/1194 [14:59<00:06,  1.65it/s]Evaluating raw model output:  99%|█████████▉| 1185/1194 [15:00<00:05,  1.76it/s]Evaluating raw model output:  99%|█████████▉| 1186/1194 [15:00<00:04,  1.82it/s]Evaluating raw model output:  99%|█████████▉| 1187/1194 [15:01<00:04,  1.41it/s]Evaluating raw model output:  99%|█████████▉| 1188/1194 [15:02<00:03,  1.54it/s]Evaluating raw model output: 100%|█████████▉| 1189/1194 [15:03<00:03,  1.38it/s]Evaluating raw model output: 100%|█████████▉| 1190/1194 [15:03<00:02,  1.52it/s]Evaluating raw model output: 100%|█████████▉| 1191/1194 [15:04<00:01,  1.60it/s]Evaluating raw model output: 100%|█████████▉| 1192/1194 [15:04<00:01,  1.67it/s]Evaluating raw model output: 100%|█████████▉| 1193/1194 [15:05<00:00,  1.68it/s]Evaluating raw model output: 100%|██████████| 1194/1194 [15:06<00:00,  1.51it/s]Evaluating raw model output: 100%|██████████| 1194/1194 [15:06<00:00,  1.32it/s]

==================== 原始模型结果（无校准） ====================
Unseen mAP: 25.85
============================================================
The mAP is 29.97, rare: 29.14, none-rare: 30.22,
>>> zero-shot setting(unseen_verb!!)
full mAP: 29.97 unseen: 25.85 seen: 30.64
[Checkpoint] New best unseen mAP=25.8500 at epoch 3: /root/autodl-tmp/Lain/reviewer_revision/14_uv_lain_matched_seed66/checkpoints/best_unseen.pt
[Checkpoint] Removed old checkpoint: /root/autodl-tmp/Lain/reviewer_revision/14_uv_lain_matched_seed66/checkpoints/ckpt_08888_02.pt
==> Iteration 13500 | Interaction Loss: 1.2387
Epoch [4/20], Iter. [0168/4444], Loss: 1.2379, Time/iter[Data/Train/Total]: [0.003s/1.924s/1.927s], Window[Data/Train]: [1.64s/961.77s], Remain: 2:17:19.060478
==> Iteration 14000 | Interaction Loss: 1.4716
Epoch [4/20], Iter. [0668/4444], Loss: 1.2215, Time/iter[Data/Train/Total]: [0.002s/1.899s/1.901s], Window[Data/Train]: [0.97s/949.42s], Remain: 1:59:37.368485
==> Iteration 14500 | Interaction Loss: 1.8528
Epoch [4/20], Iter. [1168/4444], Loss: 1.2381, Time/iter[Data/Train/Total]: [0.002s/1.843s/1.845s], Window[Data/Train]: [0.97s/921.61s], Remain: 1:40:44.779717
==> Iteration 15000 | Interaction Loss: 1.0685
Epoch [4/20], Iter. [1668/4444], Loss: 1.2220, Time/iter[Data/Train/Total]: [0.002s/1.909s/1.911s], Window[Data/Train]: [1.00s/954.69s], Remain: 1:28:25.976891
==> Iteration 15500 | Interaction Loss: 1.2281
Epoch [4/20], Iter. [2168/4444], Loss: 1.2355, Time/iter[Data/Train/Total]: [0.002s/1.860s/1.862s], Window[Data/Train]: [0.99s/930.13s], Remain: 1:10:38.474634
==> Iteration 16000 | Interaction Loss: 0.7844
Epoch [4/20], Iter. [2668/4444], Loss: 1.2310, Time/iter[Data/Train/Total]: [0.002s/1.857s/1.859s], Window[Data/Train]: [1.00s/928.64s], Remain: 0:55:02.107079
==> Iteration 16500 | Interaction Loss: 0.8637
Epoch [4/20], Iter. [3168/4444], Loss: 1.2298, Time/iter[Data/Train/Total]: [0.002s/1.859s/1.861s], Window[Data/Train]: [0.95s/929.74s], Remain: 0:39:35.124578
==> Iteration 17000 | Interaction Loss: 1.0905
Epoch [4/20], Iter. [3668/4444], Loss: 1.2079, Time/iter[Data/Train/Total]: [0.002s/1.865s/1.867s], Window[Data/Train]: [0.96s/932.54s], Remain: 0:24:08.793281
==> Iteration 17500 | Interaction Loss: 1.0443
Epoch [4/20], Iter. [4168/4444], Loss: 1.2284, Time/iter[Data/Train/Total]: [0.002s/1.838s/1.840s], Window[Data/Train]: [0.95s/919.11s], Remain: 0:08:27.871215
Evaluating raw model output:   0%|          | 0/1194 [00:00<?, ?it/s]Evaluating raw model output:   0%|          | 1/1194 [00:03<1:08:20,  3.44s/it]Evaluating raw model output:   0%|          | 2/1194 [00:05<47:57,  2.41s/it]  Evaluating raw model output:   0%|          | 3/1194 [00:06<40:45,  2.05s/it]Evaluating raw model output:   0%|          | 4/1194 [00:07<29:46,  1.50s/it]Evaluating raw model output:   0%|          | 5/1194 [00:08<28:03,  1.42s/it]Evaluating raw model output:   1%|          | 6/1194 [00:10<30:40,  1.55s/it]Evaluating raw model output:   1%|          | 7/1194 [00:12<30:41,  1.55s/it]Evaluating raw model output:   1%|          | 8/1194 [00:13<28:55,  1.46s/it]Evaluating raw model output:   1%|          | 9/1194 [00:13<23:17,  1.18s/it]Evaluating raw model output:   1%|          | 10/1194 [00:14<19:28,  1.01it/s]Evaluating raw model output:   1%|          | 11/1194 [00:15<21:35,  1.10s/it]Evaluating raw model output:   1%|          | 12/1194 [00:16<18:44,  1.05it/s]Evaluating raw model output:   1%|          | 13/1194 [00:17<17:18,  1.14it/s]Evaluating raw model output:   1%|          | 14/1194 [00:18<20:33,  1.05s/it]Evaluating raw model output:   1%|▏         | 15/1194 [00:19<17:57,  1.09it/s]Evaluating raw model output:   1%|▏         | 16/1194 [00:20<19:21,  1.01it/s]Evaluating raw model output:   1%|▏         | 17/1194 [00:21<21:49,  1.11s/it]Evaluating raw model output:   2%|▏         | 18/1194 [00:22<22:03,  1.13s/it]Evaluating raw model output:   2%|▏         | 19/1194 [00:24<24:44,  1.26s/it]Evaluating raw model output:   2%|▏         | 20/1194 [00:25<23:06,  1.18s/it]Evaluating raw model output:   2%|▏         | 21/1194 [00:25<19:05,  1.02it/s]Evaluating raw model output:   2%|▏         | 22/1194 [00:26<16:48,  1.16it/s]Evaluating raw model output:   2%|▏         | 23/1194 [00:27<15:00,  1.30it/s]Evaluating raw model output:   2%|▏         | 24/1194 [00:27<13:40,  1.43it/s]Evaluating raw model output:   2%|▏         | 25/1194 [00:29<18:42,  1.04it/s]Evaluating raw model output:   2%|▏         | 26/1194 [00:29<16:24,  1.19it/s]Evaluating raw model output:   2%|▏         | 27/1194 [00:31<21:09,  1.09s/it]Evaluating raw model output:   2%|▏         | 28/1194 [00:32<23:11,  1.19s/it]Evaluating raw model output:   2%|▏         | 29/1194 [00:33<20:10,  1.04s/it]Evaluating raw model output:   3%|▎         | 30/1194 [00:34<17:05,  1.14it/s]Evaluating raw model output:   3%|▎         | 31/1194 [00:35<19:08,  1.01it/s]Evaluating raw model output:   3%|▎         | 32/1194 [00:36<22:45,  1.18s/it]Evaluating raw model output:   3%|▎         | 33/1194 [00:37<21:52,  1.13s/it]Evaluating raw model output:   3%|▎         | 34/1194 [00:38<18:35,  1.04it/s]Evaluating raw model output:   3%|▎         | 35/1194 [00:39<21:06,  1.09s/it]Evaluating raw model output:   3%|▎         | 36/1194 [00:41<24:09,  1.25s/it]Evaluating raw model output:   3%|▎         | 37/1194 [00:42<20:09,  1.05s/it]Evaluating raw model output:   3%|▎         | 38/1194 [00:42<18:28,  1.04it/s]Evaluating raw model output:   3%|▎         | 39/1194 [00:43<16:42,  1.15it/s]Evaluating raw model output:   3%|▎         | 40/1194 [00:45<21:43,  1.13s/it]Evaluating raw model output:   3%|▎         | 41/1194 [00:46<20:05,  1.05s/it]Evaluating raw model output:   4%|▎         | 42/1194 [00:47<20:25,  1.06s/it]Evaluating raw model output:   4%|▎         | 43/1194 [00:48<19:45,  1.03s/it]Evaluating raw model output:   4%|▎         | 44/1194 [00:48<17:25,  1.10it/s]Evaluating raw model output:   4%|▍         | 45/1194 [00:49<14:53,  1.29it/s]Evaluating raw model output:   4%|▍         | 46/1194 [00:50<17:39,  1.08it/s]Evaluating raw model output:   4%|▍         | 47/1194 [00:51<15:48,  1.21it/s]Evaluating raw model output:   4%|▍         | 48/1194 [00:51<14:58,  1.28it/s]Evaluating raw model output:   4%|▍         | 49/1194 [00:53<20:38,  1.08s/it]Evaluating raw model output:   4%|▍         | 50/1194 [00:54<17:11,  1.11it/s]Evaluating raw model output:   4%|▍         | 51/1194 [00:54<15:00,  1.27it/s]Evaluating raw model output:   4%|▍         | 52/1194 [00:55<13:29,  1.41it/s]Evaluating raw model output:   4%|▍         | 53/1194 [00:56<17:35,  1.08it/s]Evaluating raw model output:   5%|▍         | 54/1194 [00:57<17:20,  1.10it/s]Evaluating raw model output:   5%|▍         | 55/1194 [00:57<15:00,  1.26it/s]Evaluating raw model output:   5%|▍         | 56/1194 [00:58<14:52,  1.27it/s]Evaluating raw model output:   5%|▍         | 57/1194 [00:59<17:54,  1.06it/s]Evaluating raw model output:   5%|▍         | 58/1194 [01:01<19:52,  1.05s/it]Evaluating raw model output:   5%|▍         | 59/1194 [01:01<16:57,  1.12it/s]Evaluating raw model output:   5%|▌         | 60/1194 [01:03<21:27,  1.14s/it]Evaluating raw model output:   5%|▌         | 61/1194 [01:04<20:00,  1.06s/it]Evaluating raw model output:   5%|▌         | 62/1194 [01:04<16:53,  1.12it/s]Evaluating raw model output:   5%|▌         | 63/1194 [01:05<16:49,  1.12it/s]Evaluating raw model output:   5%|▌         | 64/1194 [01:06<14:58,  1.26it/s]Evaluating raw model output:   5%|▌         | 65/1194 [01:07<19:24,  1.03s/it]Evaluating raw model output:   6%|▌         | 66/1194 [01:09<22:14,  1.18s/it]Evaluating raw model output:   6%|▌         | 67/1194 [01:09<18:26,  1.02it/s]Evaluating raw model output:   6%|▌         | 68/1194 [01:11<20:35,  1.10s/it]Evaluating raw model output:   6%|▌         | 69/1194 [01:11<17:29,  1.07it/s]Evaluating raw model output:   6%|▌         | 70/1194 [01:12<15:11,  1.23it/s]Evaluating raw model output:   6%|▌         | 71/1194 [01:13<17:03,  1.10it/s]Evaluating raw model output:   6%|▌         | 72/1194 [01:14<15:08,  1.23it/s]Evaluating raw model output:   6%|▌         | 73/1194 [01:14<13:39,  1.37it/s]Evaluating raw model output:   6%|▌         | 74/1194 [01:15<12:38,  1.48it/s]Evaluating raw model output:   6%|▋         | 75/1194 [01:16<15:55,  1.17it/s]Evaluating raw model output:   6%|▋         | 76/1194 [01:17<14:18,  1.30it/s]Evaluating raw model output:   6%|▋         | 77/1194 [01:18<15:08,  1.23it/s]Evaluating raw model output:   7%|▋         | 78/1194 [01:18<13:42,  1.36it/s]Evaluating raw model output:   7%|▋         | 79/1194 [01:19<16:48,  1.11it/s]Evaluating raw model output:   7%|▋         | 80/1194 [01:20<14:44,  1.26it/s]Evaluating raw model output:   7%|▋         | 81/1194 [01:20<13:38,  1.36it/s]Evaluating raw model output:   7%|▋         | 82/1194 [01:22<16:45,  1.11it/s]Evaluating raw model output:   7%|▋         | 83/1194 [01:23<17:04,  1.08it/s]Evaluating raw model output:   7%|▋         | 84/1194 [01:24<19:34,  1.06s/it]Evaluating raw model output:   7%|▋         | 85/1194 [01:25<21:10,  1.15s/it]Evaluating raw model output:   7%|▋         | 86/1194 [01:27<21:52,  1.18s/it]Evaluating raw model output:   7%|▋         | 87/1194 [01:28<19:35,  1.06s/it]Evaluating raw model output:   7%|▋         | 88/1194 [01:28<18:44,  1.02s/it]Evaluating raw model output:   7%|▋         | 89/1194 [01:30<22:14,  1.21s/it]Evaluating raw model output:   8%|▊         | 90/1194 [01:31<18:35,  1.01s/it]Evaluating raw model output:   8%|▊         | 91/1194 [01:31<15:58,  1.15it/s]Evaluating raw model output:   8%|▊         | 92/1194 [01:32<18:17,  1.00it/s]Evaluating raw model output:   8%|▊         | 93/1194 [01:33<18:02,  1.02it/s]Evaluating raw model output:   8%|▊         | 94/1194 [01:35<19:13,  1.05s/it]Evaluating raw model output:   8%|▊         | 95/1194 [01:35<16:29,  1.11it/s]Evaluating raw model output:   8%|▊         | 96/1194 [01:37<20:03,  1.10s/it]Evaluating raw model output:   8%|▊         | 97/1194 [01:38<20:58,  1.15s/it]Evaluating raw model output:   8%|▊         | 98/1194 [01:39<17:34,  1.04it/s]Evaluating raw model output:   8%|▊         | 99/1194 [01:39<15:12,  1.20it/s]Evaluating raw model output:   8%|▊         | 100/1194 [01:40<14:12,  1.28it/s]Evaluating raw model output:   8%|▊         | 101/1194 [01:41<17:15,  1.06it/s]Evaluating raw model output:   9%|▊         | 102/1194 [01:42<17:04,  1.07it/s]Evaluating raw model output:   9%|▊         | 103/1194 [01:44<21:15,  1.17s/it]Evaluating raw model output:   9%|▊         | 104/1194 [01:45<21:07,  1.16s/it]Evaluating raw model output:   9%|▉         | 105/1194 [01:47<24:14,  1.34s/it]Evaluating raw model output:   9%|▉         | 106/1194 [01:47<21:36,  1.19s/it]Evaluating raw model output:   9%|▉         | 107/1194 [01:48<17:54,  1.01it/s]Evaluating raw model output:   9%|▉         | 108/1194 [01:49<17:33,  1.03it/s]Evaluating raw model output:   9%|▉         | 109/1194 [01:49<15:15,  1.18it/s]Evaluating raw model output:   9%|▉         | 110/1194 [01:50<16:19,  1.11it/s]Evaluating raw model output:   9%|▉         | 111/1194 [01:52<17:22,  1.04it/s]Evaluating raw model output:   9%|▉         | 112/1194 [01:52<15:32,  1.16it/s]Evaluating raw model output:   9%|▉         | 113/1194 [01:53<16:04,  1.12it/s]Evaluating raw model output:  10%|▉         | 114/1194 [01:54<14:05,  1.28it/s]Evaluating raw model output:  10%|▉         | 115/1194 [01:54<12:26,  1.44it/s]Evaluating raw model output:  10%|▉         | 116/1194 [01:55<11:33,  1.55it/s]Evaluating raw model output:  10%|▉         | 117/1194 [01:56<16:37,  1.08it/s]Evaluating raw model output:  10%|▉         | 118/1194 [01:57<16:40,  1.08it/s]Evaluating raw model output:  10%|▉         | 119/1194 [01:58<17:13,  1.04it/s]Evaluating raw model output:  10%|█         | 120/1194 [02:00<18:52,  1.05s/it]Evaluating raw model output:  10%|█         | 121/1194 [02:01<22:47,  1.27s/it]Evaluating raw model output:  10%|█         | 122/1194 [02:02<19:22,  1.08s/it]Evaluating raw model output:  10%|█         | 123/1194 [02:03<18:45,  1.05s/it]Evaluating raw model output:  10%|█         | 124/1194 [02:04<19:53,  1.12s/it]Evaluating raw model output:  10%|█         | 125/1194 [02:06<21:39,  1.22s/it]Evaluating raw model output:  11%|█         | 126/1194 [02:07<22:25,  1.26s/it]Evaluating raw model output:  11%|█         | 127/1194 [02:08<18:46,  1.06s/it]Evaluating raw model output:  11%|█         | 128/1194 [02:09<21:22,  1.20s/it]Evaluating raw model output:  11%|█         | 129/1194 [02:10<17:54,  1.01s/it]Evaluating raw model output:  11%|█         | 130/1194 [02:10<15:12,  1.17it/s]Evaluating raw model output:  11%|█         | 131/1194 [02:11<13:52,  1.28it/s]Evaluating raw model output:  11%|█         | 132/1194 [02:11<12:32,  1.41it/s]Evaluating raw model output:  11%|█         | 133/1194 [02:12<13:35,  1.30it/s]Evaluating raw model output:  11%|█         | 134/1194 [02:14<16:27,  1.07it/s]Evaluating raw model output:  11%|█▏        | 135/1194 [02:14<14:24,  1.22it/s]Evaluating raw model output:  11%|█▏        | 136/1194 [02:16<18:55,  1.07s/it]Evaluating raw model output:  11%|█▏        | 137/1194 [02:16<16:11,  1.09it/s]Evaluating raw model output:  12%|█▏        | 138/1194 [02:17<17:10,  1.02it/s]Evaluating raw model output:  12%|█▏        | 139/1194 [02:18<16:50,  1.04it/s]Evaluating raw model output:  12%|█▏        | 140/1194 [02:19<15:06,  1.16it/s]Evaluating raw model output:  12%|█▏        | 141/1194 [02:19<13:10,  1.33it/s]Evaluating raw model output:  12%|█▏        | 142/1194 [02:21<15:59,  1.10it/s]Evaluating raw model output:  12%|█▏        | 143/1194 [02:21<13:58,  1.25it/s]Evaluating raw model output:  12%|█▏        | 144/1194 [02:22<12:30,  1.40it/s]Evaluating raw model output:  12%|█▏        | 145/1194 [02:23<14:12,  1.23it/s]Evaluating raw model output:  12%|█▏        | 146/1194 [02:23<12:49,  1.36it/s]Evaluating raw model output:  12%|█▏        | 147/1194 [02:25<15:03,  1.16it/s]Evaluating raw model output:  12%|█▏        | 148/1194 [02:25<13:14,  1.32it/s]Evaluating raw model output:  12%|█▏        | 149/1194 [02:26<11:54,  1.46it/s]Evaluating raw model output:  13%|█▎        | 150/1194 [02:27<15:46,  1.10it/s]Evaluating raw model output:  13%|█▎        | 151/1194 [02:28<13:52,  1.25it/s]Evaluating raw model output:  13%|█▎        | 152/1194 [02:28<12:30,  1.39it/s]Evaluating raw model output:  13%|█▎        | 153/1194 [02:29<15:29,  1.12it/s]Evaluating raw model output:  13%|█▎        | 154/1194 [02:31<18:09,  1.05s/it]Evaluating raw model output:  13%|█▎        | 155/1194 [02:31<15:26,  1.12it/s]Evaluating raw model output:  13%|█▎        | 156/1194 [02:32<13:51,  1.25it/s]Evaluating raw model output:  13%|█▎        | 157/1194 [02:34<18:54,  1.09s/it]Evaluating raw model output:  13%|█▎        | 158/1194 [02:34<16:38,  1.04it/s]Evaluating raw model output:  13%|█▎        | 159/1194 [02:36<18:09,  1.05s/it]Evaluating raw model output:  13%|█▎        | 160/1194 [02:36<15:57,  1.08it/s]Evaluating raw model output:  13%|█▎        | 161/1194 [02:37<15:10,  1.13it/s]Evaluating raw model output:  14%|█▎        | 162/1194 [02:38<14:13,  1.21it/s]Evaluating raw model output:  14%|█▎        | 163/1194 [02:39<14:45,  1.16it/s]Evaluating raw model output:  14%|█▎        | 164/1194 [02:39<13:03,  1.32it/s]Evaluating raw model output:  14%|█▍        | 165/1194 [02:40<11:57,  1.44it/s]Evaluating raw model output:  14%|█▍        | 166/1194 [02:40<11:06,  1.54it/s]Evaluating raw model output:  14%|█▍        | 167/1194 [02:41<13:42,  1.25it/s]Evaluating raw model output:  14%|█▍        | 168/1194 [02:42<14:40,  1.17it/s]Evaluating raw model output:  14%|█▍        | 169/1194 [02:44<17:57,  1.05s/it]Evaluating raw model output:  14%|█▍        | 170/1194 [02:45<18:29,  1.08s/it]Evaluating raw model output:  14%|█▍        | 171/1194 [02:47<21:24,  1.26s/it]Evaluating raw model output:  14%|█▍        | 172/1194 [02:47<17:27,  1.02s/it]Evaluating raw model output:  14%|█▍        | 173/1194 [02:48<18:03,  1.06s/it]Evaluating raw model output:  15%|█▍        | 174/1194 [02:50<18:24,  1.08s/it]Evaluating raw model output:  15%|█▍        | 175/1194 [02:50<16:07,  1.05it/s]Evaluating raw model output:  15%|█▍        | 176/1194 [02:51<14:32,  1.17it/s]Evaluating raw model output:  15%|█▍        | 177/1194 [02:51<12:55,  1.31it/s]Evaluating raw model output:  15%|█▍        | 178/1194 [02:53<16:59,  1.00s/it]Evaluating raw model output:  15%|█▍        | 179/1194 [02:54<17:39,  1.04s/it]Evaluating raw model output:  15%|█▌        | 180/1194 [02:55<15:01,  1.12it/s]Evaluating raw model output:  15%|█▌        | 181/1194 [02:56<15:49,  1.07it/s]Evaluating raw model output:  15%|█▌        | 182/1194 [02:56<13:44,  1.23it/s]Evaluating raw model output:  15%|█▌        | 183/1194 [02:57<12:12,  1.38it/s]Evaluating raw model output:  15%|█▌        | 184/1194 [02:58<16:40,  1.01it/s]Evaluating raw model output:  15%|█▌        | 185/1194 [02:59<14:20,  1.17it/s]Evaluating raw model output:  16%|█▌        | 186/1194 [02:59<13:11,  1.27it/s]Evaluating raw model output:  16%|█▌        | 187/1194 [03:00<11:53,  1.41it/s]Evaluating raw model output:  16%|█▌        | 188/1194 [03:00<10:40,  1.57it/s]Evaluating raw model output:  16%|█▌        | 189/1194 [03:02<16:11,  1.03it/s]Evaluating raw model output:  16%|█▌        | 190/1194 [03:03<14:00,  1.19it/s]Evaluating raw model output:  16%|█▌        | 191/1194 [03:03<12:16,  1.36it/s]Evaluating raw model output:  16%|█▌        | 192/1194 [03:04<13:13,  1.26it/s]Evaluating raw model output:  16%|█▌        | 193/1194 [03:05<15:48,  1.06it/s]Evaluating raw model output:  16%|█▌        | 194/1194 [03:07<16:23,  1.02it/s]Evaluating raw model output:  16%|█▋        | 195/1194 [03:07<14:00,  1.19it/s]Evaluating raw model output:  16%|█▋        | 196/1194 [03:07<12:08,  1.37it/s]Evaluating raw model output:  16%|█▋        | 197/1194 [03:09<17:22,  1.05s/it]Evaluating raw model output:  17%|█▋        | 198/1194 [03:10<14:49,  1.12it/s]Evaluating raw model output:  17%|█▋        | 199/1194 [03:12<19:17,  1.16s/it]Evaluating raw model output:  17%|█▋        | 200/1194 [03:13<20:33,  1.24s/it]Evaluating raw model output:  17%|█▋        | 201/1194 [03:14<21:02,  1.27s/it]Evaluating raw model output:  17%|█▋        | 202/1194 [03:15<17:36,  1.06s/it]Evaluating raw model output:  17%|█▋        | 203/1194 [03:16<15:40,  1.05it/s]Evaluating raw model output:  17%|█▋        | 204/1194 [03:17<18:19,  1.11s/it]Evaluating raw model output:  17%|█▋        | 205/1194 [03:18<16:05,  1.02it/s]Evaluating raw model output:  17%|█▋        | 206/1194 [03:18<13:52,  1.19it/s]Evaluating raw model output:  17%|█▋        | 207/1194 [03:19<12:22,  1.33it/s]Evaluating raw model output:  17%|█▋        | 208/1194 [03:19<11:22,  1.44it/s]Evaluating raw model output:  18%|█▊        | 209/1194 [03:21<14:39,  1.12it/s]Evaluating raw model output:  18%|█▊        | 210/1194 [03:22<15:44,  1.04it/s]Evaluating raw model output:  18%|█▊        | 211/1194 [03:22<13:37,  1.20it/s]Evaluating raw model output:  18%|█▊        | 212/1194 [03:23<12:12,  1.34it/s]Evaluating raw model output:  18%|█▊        | 213/1194 [03:23<11:09,  1.47it/s]Evaluating raw model output:  18%|█▊        | 214/1194 [03:25<14:00,  1.17it/s]Evaluating raw model output:  18%|█▊        | 215/1194 [03:25<12:17,  1.33it/s]Evaluating raw model output:  18%|█▊        | 216/1194 [03:26<11:09,  1.46it/s]Evaluating raw model output:  18%|█▊        | 217/1194 [03:26<10:25,  1.56it/s]Evaluating raw model output:  18%|█▊        | 218/1194 [03:28<13:58,  1.16it/s]Evaluating raw model output:  18%|█▊        | 219/1194 [03:28<12:22,  1.31it/s]Evaluating raw model output:  18%|█▊        | 220/1194 [03:29<11:12,  1.45it/s]Evaluating raw model output:  19%|█▊        | 221/1194 [03:30<12:19,  1.32it/s]Evaluating raw model output:  19%|█▊        | 222/1194 [03:30<11:14,  1.44it/s]Evaluating raw model output:  19%|█▊        | 223/1194 [03:31<10:24,  1.56it/s]Evaluating raw model output:  19%|█▉        | 224/1194 [03:32<11:36,  1.39it/s]Evaluating raw model output:  19%|█▉        | 225/1194 [03:33<14:10,  1.14it/s]Evaluating raw model output:  19%|█▉        | 226/1194 [03:34<14:16,  1.13it/s]Evaluating raw model output:  19%|█▉        | 227/1194 [03:35<14:46,  1.09it/s]Evaluating raw model output:  19%|█▉        | 228/1194 [03:35<12:53,  1.25it/s]Evaluating raw model output:  19%|█▉        | 229/1194 [03:36<11:40,  1.38it/s]Evaluating raw model output:  19%|█▉        | 230/1194 [03:36<10:47,  1.49it/s]Evaluating raw model output:  19%|█▉        | 231/1194 [03:37<10:10,  1.58it/s]Evaluating raw model output:  19%|█▉        | 232/1194 [03:37<09:41,  1.66it/s]Evaluating raw model output:  20%|█▉        | 233/1194 [03:38<09:57,  1.61it/s]Evaluating raw model output:  20%|█▉        | 234/1194 [03:39<09:33,  1.67it/s]Evaluating raw model output:  20%|█▉        | 235/1194 [03:39<09:04,  1.76it/s]Evaluating raw model output:  20%|█▉        | 236/1194 [03:40<09:03,  1.76it/s]Evaluating raw model output:  20%|█▉        | 237/1194 [03:40<08:38,  1.85it/s]Evaluating raw model output:  20%|█▉        | 238/1194 [03:41<08:39,  1.84it/s]Evaluating raw model output:  20%|██        | 239/1194 [03:41<08:44,  1.82it/s]Evaluating raw model output:  20%|██        | 240/1194 [03:42<08:39,  1.84it/s]Evaluating raw model output:  20%|██        | 241/1194 [03:42<08:42,  1.82it/s]Evaluating raw model output:  20%|██        | 242/1194 [03:43<08:34,  1.85it/s]Evaluating raw model output:  20%|██        | 243/1194 [03:44<08:40,  1.83it/s]Evaluating raw model output:  20%|██        | 244/1194 [03:45<10:51,  1.46it/s]Evaluating raw model output:  21%|██        | 245/1194 [03:45<10:05,  1.57it/s]Evaluating raw model output:  21%|██        | 246/1194 [03:46<09:37,  1.64it/s]Evaluating raw model output:  21%|██        | 247/1194 [03:47<11:16,  1.40it/s]Evaluating raw model output:  21%|██        | 248/1194 [03:48<13:38,  1.16it/s]Evaluating raw model output:  21%|██        | 249/1194 [03:48<12:09,  1.30it/s]Evaluating raw model output:  21%|██        | 250/1194 [03:49<11:29,  1.37it/s]Evaluating raw model output:  21%|██        | 251/1194 [03:50<14:01,  1.12it/s]Evaluating raw model output:  21%|██        | 252/1194 [03:51<13:13,  1.19it/s]Evaluating raw model output:  21%|██        | 253/1194 [03:52<11:58,  1.31it/s]Evaluating raw model output:  21%|██▏       | 254/1194 [03:53<16:30,  1.05s/it]Evaluating raw model output:  21%|██▏       | 255/1194 [03:54<14:04,  1.11it/s]Evaluating raw model output:  21%|██▏       | 256/1194 [03:55<15:30,  1.01it/s]Evaluating raw model output:  22%|██▏       | 257/1194 [03:56<15:24,  1.01it/s]Evaluating raw model output:  22%|██▏       | 258/1194 [03:57<15:58,  1.02s/it]Evaluating raw model output:  22%|██▏       | 259/1194 [03:58<16:23,  1.05s/it]Evaluating raw model output:  22%|██▏       | 260/1194 [03:59<16:31,  1.06s/it]Evaluating raw model output:  22%|██▏       | 261/1194 [04:00<16:09,  1.04s/it]Evaluating raw model output:  22%|██▏       | 262/1194 [04:02<18:49,  1.21s/it]Evaluating raw model output:  22%|██▏       | 263/1194 [04:02<15:50,  1.02s/it]Evaluating raw model output:  22%|██▏       | 264/1194 [04:03<13:23,  1.16it/s]Evaluating raw model output:  22%|██▏       | 265/1194 [04:04<13:23,  1.16it/s]Evaluating raw model output:  22%|██▏       | 266/1194 [04:04<11:54,  1.30it/s]Evaluating raw model output:  22%|██▏       | 267/1194 [04:05<10:53,  1.42it/s]Evaluating raw model output:  22%|██▏       | 268/1194 [04:06<12:33,  1.23it/s]Evaluating raw model output:  23%|██▎       | 269/1194 [04:07<11:16,  1.37it/s]Evaluating raw model output:  23%|██▎       | 270/1194 [04:07<10:32,  1.46it/s]Evaluating raw model output:  23%|██▎       | 271/1194 [04:08<10:31,  1.46it/s]Evaluating raw model output:  23%|██▎       | 272/1194 [04:09<11:52,  1.29it/s]Evaluating raw model output:  23%|██▎       | 273/1194 [04:10<11:41,  1.31it/s]Evaluating raw model output:  23%|██▎       | 274/1194 [04:11<13:11,  1.16it/s]Evaluating raw model output:  23%|██▎       | 275/1194 [04:11<11:46,  1.30it/s]Evaluating raw model output:  23%|██▎       | 276/1194 [04:13<14:32,  1.05it/s]Evaluating raw model output:  23%|██▎       | 277/1194 [04:14<16:13,  1.06s/it]Evaluating raw model output:  23%|██▎       | 278/1194 [04:14<13:58,  1.09it/s]Evaluating raw model output:  23%|██▎       | 279/1194 [04:15<12:13,  1.25it/s]Evaluating raw model output:  23%|██▎       | 280/1194 [04:16<11:42,  1.30it/s]Evaluating raw model output:  24%|██▎       | 281/1194 [04:16<10:31,  1.45it/s]Evaluating raw model output:  24%|██▎       | 282/1194 [04:17<09:51,  1.54it/s]Evaluating raw model output:  24%|██▎       | 283/1194 [04:17<09:49,  1.54it/s]Evaluating raw model output:  24%|██▍       | 284/1194 [04:18<09:56,  1.52it/s]Evaluating raw model output:  24%|██▍       | 285/1194 [04:19<09:22,  1.62it/s]Evaluating raw model output:  24%|██▍       | 286/1194 [04:20<11:36,  1.30it/s]Evaluating raw model output:  24%|██▍       | 287/1194 [04:21<13:38,  1.11it/s]Evaluating raw model output:  24%|██▍       | 288/1194 [04:21<12:09,  1.24it/s]Evaluating raw model output:  24%|██▍       | 289/1194 [04:22<10:40,  1.41it/s]Evaluating raw model output:  24%|██▍       | 290/1194 [04:23<10:23,  1.45it/s]Evaluating raw model output:  24%|██▍       | 291/1194 [04:23<09:43,  1.55it/s]Evaluating raw model output:  24%|██▍       | 292/1194 [04:24<09:01,  1.67it/s]Evaluating raw model output:  25%|██▍       | 293/1194 [04:24<08:39,  1.74it/s]Evaluating raw model output:  25%|██▍       | 294/1194 [04:25<08:34,  1.75it/s]Evaluating raw model output:  25%|██▍       | 295/1194 [04:25<08:30,  1.76it/s]Evaluating raw model output:  25%|██▍       | 296/1194 [04:26<11:11,  1.34it/s]Evaluating raw model output:  25%|██▍       | 297/1194 [04:27<10:49,  1.38it/s]Evaluating raw model output:  25%|██▍       | 298/1194 [04:28<10:28,  1.43it/s]Evaluating raw model output:  25%|██▌       | 299/1194 [04:28<09:47,  1.52it/s]Evaluating raw model output:  25%|██▌       | 300/1194 [04:29<11:09,  1.34it/s]Evaluating raw model output:  25%|██▌       | 301/1194 [04:31<14:48,  1.00it/s]Evaluating raw model output:  25%|██▌       | 302/1194 [04:31<12:53,  1.15it/s]Evaluating raw model output:  25%|██▌       | 303/1194 [04:32<11:31,  1.29it/s]Evaluating raw model output:  25%|██▌       | 304/1194 [04:33<12:21,  1.20it/s]Evaluating raw model output:  26%|██▌       | 305/1194 [04:34<11:39,  1.27it/s]Evaluating raw model output:  26%|██▌       | 306/1194 [04:34<10:33,  1.40it/s]Evaluating raw model output:  26%|██▌       | 307/1194 [04:35<11:08,  1.33it/s]Evaluating raw model output:  26%|██▌       | 308/1194 [04:36<11:55,  1.24it/s]Evaluating raw model output:  26%|██▌       | 309/1194 [04:37<12:12,  1.21it/s]Evaluating raw model output:  26%|██▌       | 310/1194 [04:37<10:56,  1.35it/s]Evaluating raw model output:  26%|██▌       | 311/1194 [04:38<10:10,  1.45it/s]Evaluating raw model output:  26%|██▌       | 312/1194 [04:40<14:15,  1.03it/s]Evaluating raw model output:  26%|██▌       | 313/1194 [04:40<12:22,  1.19it/s]Evaluating raw model output:  26%|██▋       | 314/1194 [04:41<12:59,  1.13it/s]Evaluating raw model output:  26%|██▋       | 315/1194 [04:42<11:29,  1.28it/s]Evaluating raw model output:  26%|██▋       | 316/1194 [04:43<12:05,  1.21it/s]Evaluating raw model output:  27%|██▋       | 317/1194 [04:44<13:19,  1.10it/s]Evaluating raw model output:  27%|██▋       | 318/1194 [04:45<16:40,  1.14s/it]Evaluating raw model output:  27%|██▋       | 319/1194 [04:46<14:08,  1.03it/s]Evaluating raw model output:  27%|██▋       | 320/1194 [04:47<12:24,  1.17it/s]Evaluating raw model output:  27%|██▋       | 321/1194 [04:47<11:02,  1.32it/s]Evaluating raw model output:  27%|██▋       | 322/1194 [04:48<12:37,  1.15it/s]Evaluating raw model output:  27%|██▋       | 323/1194 [04:49<11:02,  1.32it/s]Evaluating raw model output:  27%|██▋       | 324/1194 [04:50<11:43,  1.24it/s]Evaluating raw model output:  27%|██▋       | 325/1194 [04:51<12:52,  1.13it/s]Evaluating raw model output:  27%|██▋       | 326/1194 [04:51<11:50,  1.22it/s]Evaluating raw model output:  27%|██▋       | 327/1194 [04:52<10:34,  1.37it/s]Evaluating raw model output:  27%|██▋       | 328/1194 [04:53<11:25,  1.26it/s]Evaluating raw model output:  28%|██▊       | 329/1194 [04:53<10:13,  1.41it/s]Evaluating raw model output:  28%|██▊       | 330/1194 [04:54<09:57,  1.44it/s]Evaluating raw model output:  28%|██▊       | 331/1194 [04:55<10:01,  1.43it/s]Evaluating raw model output:  28%|██▊       | 332/1194 [04:55<09:30,  1.51it/s]Evaluating raw model output:  28%|██▊       | 333/1194 [04:56<09:04,  1.58it/s]Evaluating raw model output:  28%|██▊       | 334/1194 [04:56<08:50,  1.62it/s]Evaluating raw model output:  28%|██▊       | 335/1194 [04:57<08:28,  1.69it/s]Evaluating raw model output:  28%|██▊       | 336/1194 [04:58<08:22,  1.71it/s]Evaluating raw model output:  28%|██▊       | 337/1194 [04:59<10:53,  1.31it/s]Evaluating raw model output:  28%|██▊       | 338/1194 [04:59<10:09,  1.40it/s]Evaluating raw model output:  28%|██▊       | 339/1194 [05:00<09:19,  1.53it/s]Evaluating raw model output:  28%|██▊       | 340/1194 [05:00<08:56,  1.59it/s]Evaluating raw model output:  29%|██▊       | 341/1194 [05:02<11:42,  1.21it/s]Evaluating raw model output:  29%|██▊       | 342/1194 [05:03<14:45,  1.04s/it]Evaluating raw model output:  29%|██▊       | 343/1194 [05:04<12:55,  1.10it/s]Evaluating raw model output:  29%|██▉       | 344/1194 [05:04<11:17,  1.25it/s]Evaluating raw model output:  29%|██▉       | 345/1194 [05:06<14:29,  1.02s/it]Evaluating raw model output:  29%|██▉       | 346/1194 [05:06<12:15,  1.15it/s]Evaluating raw model output:  29%|██▉       | 347/1194 [05:07<10:34,  1.34it/s]Evaluating raw model output:  29%|██▉       | 348/1194 [05:07<09:37,  1.47it/s]Evaluating raw model output:  29%|██▉       | 349/1194 [05:08<08:55,  1.58it/s]Evaluating raw model output:  29%|██▉       | 350/1194 [05:09<11:58,  1.17it/s]Evaluating raw model output:  29%|██▉       | 351/1194 [05:10<13:19,  1.05it/s]Evaluating raw model output:  29%|██▉       | 352/1194 [05:11<11:34,  1.21it/s]Evaluating raw model output:  30%|██▉       | 353/1194 [05:12<10:21,  1.35it/s]Evaluating raw model output:  30%|██▉       | 354/1194 [05:12<09:29,  1.47it/s]Evaluating raw model output:  30%|██▉       | 355/1194 [05:13<08:56,  1.56it/s]Evaluating raw model output:  30%|██▉       | 356/1194 [05:13<08:35,  1.63it/s]Evaluating raw model output:  30%|██▉       | 357/1194 [05:15<12:55,  1.08it/s]Evaluating raw model output:  30%|██▉       | 358/1194 [05:15<11:18,  1.23it/s]Evaluating raw model output:  30%|███       | 359/1194 [05:16<09:54,  1.41it/s]Evaluating raw model output:  30%|███       | 360/1194 [05:16<09:00,  1.54it/s]Evaluating raw model output:  30%|███       | 361/1194 [05:17<08:59,  1.54it/s]Evaluating raw model output:  30%|███       | 362/1194 [05:18<08:35,  1.62it/s]Evaluating raw model output:  30%|███       | 363/1194 [05:18<08:17,  1.67it/s]Evaluating raw model output:  30%|███       | 364/1194 [05:19<08:07,  1.70it/s]Evaluating raw model output:  31%|███       | 365/1194 [05:19<07:37,  1.81it/s]Evaluating raw model output:  31%|███       | 366/1194 [05:20<07:27,  1.85it/s]Evaluating raw model output:  31%|███       | 367/1194 [05:21<09:52,  1.40it/s]Evaluating raw model output:  31%|███       | 368/1194 [05:21<09:14,  1.49it/s]Evaluating raw model output:  31%|███       | 369/1194 [05:22<08:34,  1.60it/s]Evaluating raw model output:  31%|███       | 370/1194 [05:22<08:15,  1.66it/s]Evaluating raw model output:  31%|███       | 371/1194 [05:24<10:34,  1.30it/s]Evaluating raw model output:  31%|███       | 372/1194 [05:24<09:33,  1.43it/s]Evaluating raw model output:  31%|███       | 373/1194 [05:25<08:49,  1.55it/s]Evaluating raw model output:  31%|███▏      | 374/1194 [05:26<12:07,  1.13it/s]Evaluating raw model output:  31%|███▏      | 375/1194 [05:27<10:42,  1.27it/s]Evaluating raw model output:  31%|███▏      | 376/1194 [05:27<09:32,  1.43it/s]Evaluating raw model output:  32%|███▏      | 377/1194 [05:28<08:45,  1.56it/s]Evaluating raw model output:  32%|███▏      | 378/1194 [05:28<08:01,  1.69it/s]Evaluating raw model output:  32%|███▏      | 379/1194 [05:29<07:44,  1.76it/s]Evaluating raw model output:  32%|███▏      | 380/1194 [05:29<08:51,  1.53it/s]Evaluating raw model output:  32%|███▏      | 381/1194 [05:30<09:43,  1.39it/s]Evaluating raw model output:  32%|███▏      | 382/1194 [05:32<13:10,  1.03it/s]Evaluating raw model output:  32%|███▏      | 383/1194 [05:34<16:04,  1.19s/it]Evaluating raw model output:  32%|███▏      | 384/1194 [05:35<15:38,  1.16s/it]Evaluating raw model output:  32%|███▏      | 385/1194 [05:36<15:00,  1.11s/it]Evaluating raw model output:  32%|███▏      | 386/1194 [05:37<15:30,  1.15s/it]Evaluating raw model output:  32%|███▏      | 387/1194 [05:38<13:45,  1.02s/it]Evaluating raw model output:  32%|███▏      | 388/1194 [05:38<12:40,  1.06it/s]Evaluating raw model output:  33%|███▎      | 389/1194 [05:39<10:47,  1.24it/s]Evaluating raw model output:  33%|███▎      | 390/1194 [05:40<13:37,  1.02s/it]Evaluating raw model output:  33%|███▎      | 391/1194 [05:41<12:39,  1.06it/s]Evaluating raw model output:  33%|███▎      | 392/1194 [05:42<12:26,  1.07it/s]Evaluating raw model output:  33%|███▎      | 393/1194 [05:43<10:53,  1.23it/s]Evaluating raw model output:  33%|███▎      | 394/1194 [05:44<13:02,  1.02it/s]Evaluating raw model output:  33%|███▎      | 395/1194 [05:45<11:17,  1.18it/s]Evaluating raw model output:  33%|███▎      | 396/1194 [05:46<12:06,  1.10it/s]Evaluating raw model output:  33%|███▎      | 397/1194 [05:46<12:05,  1.10it/s]Evaluating raw model output:  33%|███▎      | 398/1194 [05:47<10:21,  1.28it/s]Evaluating raw model output:  33%|███▎      | 399/1194 [05:48<09:28,  1.40it/s]Evaluating raw model output:  34%|███▎      | 400/1194 [05:48<08:53,  1.49it/s]Evaluating raw model output:  34%|███▎      | 401/1194 [05:49<08:19,  1.59it/s]Evaluating raw model output:  34%|███▎      | 402/1194 [05:49<07:54,  1.67it/s]Evaluating raw model output:  34%|███▍      | 403/1194 [05:50<07:33,  1.74it/s]Evaluating raw model output:  34%|███▍      | 404/1194 [05:50<07:32,  1.75it/s]Evaluating raw model output:  34%|███▍      | 405/1194 [05:51<07:26,  1.77it/s]Evaluating raw model output:  34%|███▍      | 406/1194 [05:52<11:19,  1.16it/s]Evaluating raw model output:  34%|███▍      | 407/1194 [05:53<11:37,  1.13it/s]Evaluating raw model output:  34%|███▍      | 408/1194 [05:54<10:11,  1.29it/s]Evaluating raw model output:  34%|███▍      | 409/1194 [05:55<11:58,  1.09it/s]Evaluating raw model output:  34%|███▍      | 410/1194 [05:56<10:24,  1.26it/s]Evaluating raw model output:  34%|███▍      | 411/1194 [05:56<09:15,  1.41it/s]Evaluating raw model output:  35%|███▍      | 412/1194 [05:57<08:38,  1.51it/s]Evaluating raw model output:  35%|███▍      | 413/1194 [05:58<09:32,  1.36it/s]Evaluating raw model output:  35%|███▍      | 414/1194 [05:58<08:50,  1.47it/s]Evaluating raw model output:  35%|███▍      | 415/1194 [05:59<08:18,  1.56it/s]Evaluating raw model output:  35%|███▍      | 416/1194 [05:59<07:58,  1.63it/s]Evaluating raw model output:  35%|███▍      | 417/1194 [06:00<07:39,  1.69it/s]Evaluating raw model output:  35%|███▌      | 418/1194 [06:00<07:24,  1.74it/s]Evaluating raw model output:  35%|███▌      | 419/1194 [06:01<07:12,  1.79it/s]Evaluating raw model output:  35%|███▌      | 420/1194 [06:02<10:09,  1.27it/s]Evaluating raw model output:  35%|███▌      | 421/1194 [06:03<12:05,  1.07it/s]Evaluating raw model output:  35%|███▌      | 422/1194 [06:04<10:25,  1.23it/s]Evaluating raw model output:  35%|███▌      | 423/1194 [06:04<09:12,  1.40it/s]Evaluating raw model output:  36%|███▌      | 424/1194 [06:05<08:33,  1.50it/s]Evaluating raw model output:  36%|███▌      | 425/1194 [06:05<07:49,  1.64it/s]Evaluating raw model output:  36%|███▌      | 426/1194 [06:06<07:29,  1.71it/s]Evaluating raw model output:  36%|███▌      | 427/1194 [06:06<07:11,  1.78it/s]Evaluating raw model output:  36%|███▌      | 428/1194 [06:07<08:32,  1.49it/s]Evaluating raw model output:  36%|███▌      | 429/1194 [06:09<10:55,  1.17it/s]Evaluating raw model output:  36%|███▌      | 430/1194 [06:09<09:38,  1.32it/s]Evaluating raw model output:  36%|███▌      | 431/1194 [06:10<08:47,  1.45it/s]Evaluating raw model output:  36%|███▌      | 432/1194 [06:10<08:39,  1.47it/s]Evaluating raw model output:  36%|███▋      | 433/1194 [06:12<10:15,  1.24it/s]Evaluating raw model output:  36%|███▋      | 434/1194 [06:13<12:51,  1.02s/it]Evaluating raw model output:  36%|███▋      | 435/1194 [06:14<12:26,  1.02it/s]Evaluating raw model output:  37%|███▋      | 436/1194 [06:15<13:05,  1.04s/it]Evaluating raw model output:  37%|███▋      | 437/1194 [06:16<11:19,  1.11it/s]Evaluating raw model output:  37%|███▋      | 438/1194 [06:16<09:55,  1.27it/s]Evaluating raw model output:  37%|███▋      | 439/1194 [06:17<09:01,  1.39it/s]Evaluating raw model output:  37%|███▋      | 440/1194 [06:17<08:24,  1.49it/s]Evaluating raw model output:  37%|███▋      | 441/1194 [06:18<07:54,  1.59it/s]Evaluating raw model output:  37%|███▋      | 442/1194 [06:18<07:31,  1.67it/s]Evaluating raw model output:  37%|███▋      | 443/1194 [06:19<07:31,  1.66it/s]Evaluating raw model output:  37%|███▋      | 444/1194 [06:19<07:15,  1.72it/s]Evaluating raw model output:  37%|███▋      | 445/1194 [06:20<07:09,  1.74it/s]Evaluating raw model output:  37%|███▋      | 446/1194 [06:21<06:58,  1.79it/s]Evaluating raw model output:  37%|███▋      | 447/1194 [06:21<06:51,  1.82it/s]Evaluating raw model output:  38%|███▊      | 448/1194 [06:22<06:47,  1.83it/s]Evaluating raw model output:  38%|███▊      | 449/1194 [06:22<06:41,  1.86it/s]Evaluating raw model output:  38%|███▊      | 450/1194 [06:23<06:42,  1.85it/s]Evaluating raw model output:  38%|███▊      | 451/1194 [06:23<06:39,  1.86it/s]Evaluating raw model output:  38%|███▊      | 452/1194 [06:24<06:28,  1.91it/s]Evaluating raw model output:  38%|███▊      | 453/1194 [06:25<09:07,  1.35it/s]Evaluating raw model output:  38%|███▊      | 454/1194 [06:26<09:54,  1.25it/s]Evaluating raw model output:  38%|███▊      | 455/1194 [06:26<08:44,  1.41it/s]Evaluating raw model output:  38%|███▊      | 456/1194 [06:27<08:04,  1.52it/s]Evaluating raw model output:  38%|███▊      | 457/1194 [06:27<07:29,  1.64it/s]Evaluating raw model output:  38%|███▊      | 458/1194 [06:28<07:22,  1.66it/s]Evaluating raw model output:  38%|███▊      | 459/1194 [06:29<07:06,  1.72it/s]Evaluating raw model output:  39%|███▊      | 460/1194 [06:29<07:46,  1.57it/s]Evaluating raw model output:  39%|███▊      | 461/1194 [06:30<07:17,  1.67it/s]Evaluating raw model output:  39%|███▊      | 462/1194 [06:30<07:07,  1.71it/s]Evaluating raw model output:  39%|███▉      | 463/1194 [06:31<08:16,  1.47it/s]Evaluating raw model output:  39%|███▉      | 464/1194 [06:33<10:59,  1.11it/s]Evaluating raw model output:  39%|███▉      | 465/1194 [06:34<10:36,  1.15it/s]Evaluating raw model output:  39%|███▉      | 466/1194 [06:34<09:17,  1.31it/s]Evaluating raw model output:  39%|███▉      | 467/1194 [06:35<08:34,  1.41it/s]Evaluating raw model output:  39%|███▉      | 468/1194 [06:36<09:29,  1.27it/s]Evaluating raw model output:  39%|███▉      | 469/1194 [06:36<08:50,  1.37it/s]Evaluating raw model output:  39%|███▉      | 470/1194 [06:37<08:11,  1.47it/s]Evaluating raw model output:  39%|███▉      | 471/1194 [06:37<07:43,  1.56it/s]Evaluating raw model output:  40%|███▉      | 472/1194 [06:39<11:30,  1.05it/s]Evaluating raw model output:  40%|███▉      | 473/1194 [06:39<09:43,  1.24it/s]Evaluating raw model output:  40%|███▉      | 474/1194 [06:40<08:39,  1.39it/s]Evaluating raw model output:  40%|███▉      | 475/1194 [06:41<08:02,  1.49it/s]Evaluating raw model output:  40%|███▉      | 476/1194 [06:42<11:17,  1.06it/s]Evaluating raw model output:  40%|███▉      | 477/1194 [06:43<10:06,  1.18it/s]Evaluating raw model output:  40%|████      | 478/1194 [06:44<11:26,  1.04it/s]Evaluating raw model output:  40%|████      | 479/1194 [06:44<09:56,  1.20it/s]Evaluating raw model output:  40%|████      | 480/1194 [06:46<11:17,  1.05it/s]Evaluating raw model output:  40%|████      | 481/1194 [06:47<13:55,  1.17s/it]Evaluating raw model output:  40%|████      | 482/1194 [06:48<11:34,  1.02it/s]Evaluating raw model output:  40%|████      | 483/1194 [06:48<10:01,  1.18it/s]Evaluating raw model output:  41%|████      | 484/1194 [06:49<08:58,  1.32it/s]Evaluating raw model output:  41%|████      | 485/1194 [06:50<08:14,  1.43it/s]Evaluating raw model output:  41%|████      | 486/1194 [06:51<10:13,  1.15it/s]Evaluating raw model output:  41%|████      | 487/1194 [06:52<11:32,  1.02it/s]Evaluating raw model output:  41%|████      | 488/1194 [06:53<09:48,  1.20it/s]Evaluating raw model output:  41%|████      | 489/1194 [06:53<08:42,  1.35it/s]Evaluating raw model output:  41%|████      | 490/1194 [06:54<08:03,  1.46it/s]Evaluating raw model output:  41%|████      | 491/1194 [06:54<08:39,  1.35it/s]Evaluating raw model output:  41%|████      | 492/1194 [06:55<07:55,  1.48it/s]Evaluating raw model output:  41%|████▏     | 493/1194 [06:56<07:23,  1.58it/s]Evaluating raw model output:  41%|████▏     | 494/1194 [06:56<07:20,  1.59it/s]Evaluating raw model output:  41%|████▏     | 495/1194 [06:57<07:03,  1.65it/s]Evaluating raw model output:  42%|████▏     | 496/1194 [06:57<06:50,  1.70it/s]Evaluating raw model output:  42%|████▏     | 497/1194 [06:58<06:36,  1.76it/s]Evaluating raw model output:  42%|████▏     | 498/1194 [06:58<06:28,  1.79it/s]Evaluating raw model output:  42%|████▏     | 499/1194 [06:59<06:35,  1.76it/s]Evaluating raw model output:  42%|████▏     | 500/1194 [06:59<06:33,  1.76it/s]Evaluating raw model output:  42%|████▏     | 501/1194 [07:00<06:32,  1.77it/s]Evaluating raw model output:  42%|████▏     | 502/1194 [07:02<10:20,  1.11it/s]Evaluating raw model output:  42%|████▏     | 503/1194 [07:02<09:08,  1.26it/s]Evaluating raw model output:  42%|████▏     | 504/1194 [07:03<08:22,  1.37it/s]Evaluating raw model output:  42%|████▏     | 505/1194 [07:03<07:49,  1.47it/s]Evaluating raw model output:  42%|████▏     | 506/1194 [07:04<07:19,  1.57it/s]Evaluating raw model output:  42%|████▏     | 507/1194 [07:05<08:14,  1.39it/s]Evaluating raw model output:  43%|████▎     | 508/1194 [07:06<07:57,  1.44it/s]Evaluating raw model output:  43%|████▎     | 509/1194 [07:06<07:21,  1.55it/s]Evaluating raw model output:  43%|████▎     | 510/1194 [07:08<10:25,  1.09it/s]Evaluating raw model output:  43%|████▎     | 511/1194 [07:09<12:11,  1.07s/it]Evaluating raw model output:  43%|████▎     | 512/1194 [07:10<10:21,  1.10it/s]Evaluating raw model output:  43%|████▎     | 513/1194 [07:10<09:33,  1.19it/s]Evaluating raw model output:  43%|████▎     | 514/1194 [07:11<08:34,  1.32it/s]Evaluating raw model output:  43%|████▎     | 515/1194 [07:12<09:59,  1.13it/s]Evaluating raw model output:  43%|████▎     | 516/1194 [07:13<09:51,  1.15it/s]Evaluating raw model output:  43%|████▎     | 517/1194 [07:13<08:32,  1.32it/s]Evaluating raw model output:  43%|████▎     | 518/1194 [07:14<09:12,  1.22it/s]Evaluating raw model output:  43%|████▎     | 519/1194 [07:15<08:17,  1.36it/s]Evaluating raw model output:  44%|████▎     | 520/1194 [07:15<07:36,  1.47it/s]Evaluating raw model output:  44%|████▎     | 521/1194 [07:16<07:24,  1.51it/s]Evaluating raw model output:  44%|████▎     | 522/1194 [07:17<06:58,  1.61it/s]Evaluating raw model output:  44%|████▍     | 523/1194 [07:17<06:42,  1.67it/s]Evaluating raw model output:  44%|████▍     | 524/1194 [07:18<06:37,  1.68it/s]Evaluating raw model output:  44%|████▍     | 525/1194 [07:18<06:25,  1.74it/s]Evaluating raw model output:  44%|████▍     | 526/1194 [07:19<08:29,  1.31it/s]Evaluating raw model output:  44%|████▍     | 527/1194 [07:20<08:00,  1.39it/s]Evaluating raw model output:  44%|████▍     | 528/1194 [07:22<11:08,  1.00s/it]Evaluating raw model output:  44%|████▍     | 529/1194 [07:23<11:39,  1.05s/it]Evaluating raw model output:  44%|████▍     | 530/1194 [07:23<09:56,  1.11it/s]Evaluating raw model output:  44%|████▍     | 531/1194 [07:25<10:55,  1.01it/s]Evaluating raw model output:  45%|████▍     | 532/1194 [07:25<09:13,  1.20it/s]Evaluating raw model output:  45%|████▍     | 533/1194 [07:26<08:15,  1.33it/s]Evaluating raw model output:  45%|████▍     | 534/1194 [07:26<07:31,  1.46it/s]Evaluating raw model output:  45%|████▍     | 535/1194 [07:27<07:24,  1.48it/s]Evaluating raw model output:  45%|████▍     | 536/1194 [07:28<09:02,  1.21it/s]Evaluating raw model output:  45%|████▍     | 537/1194 [07:28<08:09,  1.34it/s]Evaluating raw model output:  45%|████▌     | 538/1194 [07:29<07:17,  1.50it/s]Evaluating raw model output:  45%|████▌     | 539/1194 [07:30<06:54,  1.58it/s]Evaluating raw model output:  45%|████▌     | 540/1194 [07:30<06:57,  1.57it/s]Evaluating raw model output:  45%|████▌     | 541/1194 [07:31<06:37,  1.64it/s]Evaluating raw model output:  45%|████▌     | 542/1194 [07:31<06:30,  1.67it/s]Evaluating raw model output:  45%|████▌     | 543/1194 [07:32<06:22,  1.70it/s]Evaluating raw model output:  46%|████▌     | 544/1194 [07:33<08:00,  1.35it/s]Evaluating raw model output:  46%|████▌     | 545/1194 [07:34<10:30,  1.03it/s]Evaluating raw model output:  46%|████▌     | 546/1194 [07:35<09:05,  1.19it/s]Evaluating raw model output:  46%|████▌     | 547/1194 [07:36<08:05,  1.33it/s]Evaluating raw model output:  46%|████▌     | 548/1194 [07:36<07:13,  1.49it/s]Evaluating raw model output:  46%|████▌     | 549/1194 [07:37<06:43,  1.60it/s]Evaluating raw model output:  46%|████▌     | 550/1194 [07:37<06:27,  1.66it/s]Evaluating raw model output:  46%|████▌     | 551/1194 [07:38<06:13,  1.72it/s]Evaluating raw model output:  46%|████▌     | 552/1194 [07:38<06:06,  1.75it/s]Evaluating raw model output:  46%|████▋     | 553/1194 [07:39<07:31,  1.42it/s]Evaluating raw model output:  46%|████▋     | 554/1194 [07:40<08:36,  1.24it/s]Evaluating raw model output:  46%|████▋     | 555/1194 [07:42<11:00,  1.03s/it]Evaluating raw model output:  47%|████▋     | 556/1194 [07:42<09:15,  1.15it/s]Evaluating raw model output:  47%|████▋     | 557/1194 [07:43<08:52,  1.20it/s]Evaluating raw model output:  47%|████▋     | 558/1194 [07:44<07:47,  1.36it/s]Evaluating raw model output:  47%|████▋     | 559/1194 [07:44<08:19,  1.27it/s]Evaluating raw model output:  47%|████▋     | 560/1194 [07:45<07:25,  1.42it/s]Evaluating raw model output:  47%|████▋     | 561/1194 [07:46<07:15,  1.45it/s]Evaluating raw model output:  47%|████▋     | 562/1194 [07:46<06:45,  1.56it/s]Evaluating raw model output:  47%|████▋     | 563/1194 [07:47<06:25,  1.64it/s]Evaluating raw model output:  47%|████▋     | 564/1194 [07:47<06:11,  1.69it/s]Evaluating raw model output:  47%|████▋     | 565/1194 [07:48<06:02,  1.74it/s]Evaluating raw model output:  47%|████▋     | 566/1194 [07:48<05:51,  1.78it/s]Evaluating raw model output:  47%|████▋     | 567/1194 [07:49<05:59,  1.75it/s]Evaluating raw model output:  48%|████▊     | 568/1194 [07:49<05:50,  1.79it/s]Evaluating raw model output:  48%|████▊     | 569/1194 [07:50<05:36,  1.86it/s]Evaluating raw model output:  48%|████▊     | 570/1194 [07:51<05:58,  1.74it/s]Evaluating raw model output:  48%|████▊     | 571/1194 [07:51<05:56,  1.75it/s]Evaluating raw model output:  48%|████▊     | 572/1194 [07:52<07:40,  1.35it/s]Evaluating raw model output:  48%|████▊     | 573/1194 [07:53<06:58,  1.48it/s]Evaluating raw model output:  48%|████▊     | 574/1194 [07:54<07:53,  1.31it/s]Evaluating raw model output:  48%|████▊     | 575/1194 [07:54<07:05,  1.46it/s]Evaluating raw model output:  48%|████▊     | 576/1194 [07:55<07:09,  1.44it/s]Evaluating raw model output:  48%|████▊     | 577/1194 [07:56<06:55,  1.48it/s]Evaluating raw model output:  48%|████▊     | 578/1194 [07:56<07:00,  1.46it/s]Evaluating raw model output:  48%|████▊     | 579/1194 [07:57<06:42,  1.53it/s]Evaluating raw model output:  49%|████▊     | 580/1194 [07:58<08:42,  1.18it/s]Evaluating raw model output:  49%|████▊     | 581/1194 [07:59<07:32,  1.35it/s]Evaluating raw model output:  49%|████▊     | 582/1194 [08:00<09:13,  1.11it/s]Evaluating raw model output:  49%|████▉     | 583/1194 [08:01<08:04,  1.26it/s]Evaluating raw model output:  49%|████▉     | 584/1194 [08:01<07:15,  1.40it/s]Evaluating raw model output:  49%|████▉     | 585/1194 [08:02<06:40,  1.52it/s]Evaluating raw model output:  49%|████▉     | 586/1194 [08:02<06:26,  1.57it/s]Evaluating raw model output:  49%|████▉     | 587/1194 [08:03<06:10,  1.64it/s]Evaluating raw model output:  49%|████▉     | 588/1194 [08:03<06:03,  1.67it/s]Evaluating raw model output:  49%|████▉     | 589/1194 [08:04<05:48,  1.74it/s]Evaluating raw model output:  49%|████▉     | 590/1194 [08:04<05:39,  1.78it/s]Evaluating raw model output:  49%|████▉     | 591/1194 [08:05<05:40,  1.77it/s]Evaluating raw model output:  50%|████▉     | 592/1194 [08:05<05:22,  1.87it/s]Evaluating raw model output:  50%|████▉     | 593/1194 [08:06<05:20,  1.88it/s]Evaluating raw model output:  50%|████▉     | 594/1194 [08:07<06:18,  1.58it/s]Evaluating raw model output:  50%|████▉     | 595/1194 [08:07<05:57,  1.68it/s]Evaluating raw model output:  50%|████▉     | 596/1194 [08:08<05:43,  1.74it/s]Evaluating raw model output:  50%|█████     | 597/1194 [08:08<05:33,  1.79it/s]Evaluating raw model output:  50%|█████     | 598/1194 [08:09<05:27,  1.82it/s]Evaluating raw model output:  50%|█████     | 599/1194 [08:09<05:12,  1.91it/s]Evaluating raw model output:  50%|█████     | 600/1194 [08:10<06:48,  1.45it/s]Evaluating raw model output:  50%|█████     | 601/1194 [08:11<06:20,  1.56it/s]Evaluating raw model output:  50%|█████     | 602/1194 [08:11<05:56,  1.66it/s]Evaluating raw model output:  51%|█████     | 603/1194 [08:12<05:41,  1.73it/s]Evaluating raw model output:  51%|█████     | 604/1194 [08:13<06:30,  1.51it/s]Evaluating raw model output:  51%|█████     | 605/1194 [08:13<06:06,  1.61it/s]Evaluating raw model output:  51%|█████     | 606/1194 [08:14<05:50,  1.68it/s]Evaluating raw model output:  51%|█████     | 607/1194 [08:15<08:00,  1.22it/s]Evaluating raw model output:  51%|█████     | 608/1194 [08:16<07:15,  1.35it/s]Evaluating raw model output:  51%|█████     | 609/1194 [08:16<06:35,  1.48it/s]Evaluating raw model output:  51%|█████     | 610/1194 [08:17<06:05,  1.60it/s]Evaluating raw model output:  51%|█████     | 611/1194 [08:17<05:47,  1.68it/s]Evaluating raw model output:  51%|█████▏    | 612/1194 [08:18<05:26,  1.78it/s]Evaluating raw model output:  51%|█████▏    | 613/1194 [08:18<05:19,  1.82it/s]Evaluating raw model output:  51%|█████▏    | 614/1194 [08:19<05:22,  1.80it/s]Evaluating raw model output:  52%|█████▏    | 615/1194 [08:19<05:07,  1.88it/s]Evaluating raw model output:  52%|█████▏    | 616/1194 [08:20<05:08,  1.87it/s]Evaluating raw model output:  52%|█████▏    | 617/1194 [08:21<05:25,  1.77it/s]Evaluating raw model output:  52%|█████▏    | 618/1194 [08:21<05:20,  1.80it/s]Evaluating raw model output:  52%|█████▏    | 619/1194 [08:22<05:14,  1.83it/s]Evaluating raw model output:  52%|█████▏    | 620/1194 [08:22<05:10,  1.85it/s]Evaluating raw model output:  52%|█████▏    | 621/1194 [08:23<05:05,  1.87it/s]Evaluating raw model output:  52%|█████▏    | 622/1194 [08:23<05:01,  1.90it/s]Evaluating raw model output:  52%|█████▏    | 623/1194 [08:24<04:57,  1.92it/s]Evaluating raw model output:  52%|█████▏    | 624/1194 [08:24<04:56,  1.92it/s]Evaluating raw model output:  52%|█████▏    | 625/1194 [08:25<04:53,  1.94it/s]Evaluating raw model output:  52%|█████▏    | 626/1194 [08:26<07:33,  1.25it/s]Evaluating raw model output:  53%|█████▎    | 627/1194 [08:27<06:42,  1.41it/s]Evaluating raw model output:  53%|█████▎    | 628/1194 [08:27<06:29,  1.45it/s]Evaluating raw model output:  53%|█████▎    | 629/1194 [08:28<06:03,  1.55it/s]Evaluating raw model output:  53%|█████▎    | 630/1194 [08:28<05:37,  1.67it/s]Evaluating raw model output:  53%|█████▎    | 631/1194 [08:29<05:24,  1.73it/s]Evaluating raw model output:  53%|█████▎    | 632/1194 [08:29<05:23,  1.74it/s]Evaluating raw model output:  53%|█████▎    | 633/1194 [08:30<05:31,  1.69it/s]Evaluating raw model output:  53%|█████▎    | 634/1194 [08:31<05:34,  1.68it/s]Evaluating raw model output:  53%|█████▎    | 635/1194 [08:31<05:33,  1.68it/s]Evaluating raw model output:  53%|█████▎    | 636/1194 [08:32<05:29,  1.69it/s]Evaluating raw model output:  53%|█████▎    | 637/1194 [08:32<05:32,  1.68it/s]Evaluating raw model output:  53%|█████▎    | 638/1194 [08:33<05:31,  1.68it/s]Evaluating raw model output:  54%|█████▎    | 639/1194 [08:34<05:27,  1.69it/s]Evaluating raw model output:  54%|█████▎    | 640/1194 [08:35<07:17,  1.27it/s]Evaluating raw model output:  54%|█████▎    | 641/1194 [08:35<06:27,  1.43it/s]Evaluating raw model output:  54%|█████▍    | 642/1194 [08:36<05:56,  1.55it/s]Evaluating raw model output:  54%|█████▍    | 643/1194 [08:37<07:22,  1.24it/s]Evaluating raw model output:  54%|█████▍    | 644/1194 [08:38<06:36,  1.39it/s]Evaluating raw model output:  54%|█████▍    | 645/1194 [08:38<06:05,  1.50it/s]Evaluating raw model output:  54%|█████▍    | 646/1194 [08:39<06:46,  1.35it/s]Evaluating raw model output:  54%|█████▍    | 647/1194 [08:40<07:20,  1.24it/s]Evaluating raw model output:  54%|█████▍    | 648/1194 [08:41<06:32,  1.39it/s]Evaluating raw model output:  54%|█████▍    | 649/1194 [08:41<05:53,  1.54it/s]Evaluating raw model output:  54%|█████▍    | 650/1194 [08:42<05:33,  1.63it/s]Evaluating raw model output:  55%|█████▍    | 651/1194 [08:42<06:26,  1.41it/s]Evaluating raw model output:  55%|█████▍    | 652/1194 [08:43<05:57,  1.52it/s]Evaluating raw model output:  55%|█████▍    | 653/1194 [08:44<05:41,  1.58it/s]Evaluating raw model output:  55%|█████▍    | 654/1194 [08:45<06:51,  1.31it/s]Evaluating raw model output:  55%|█████▍    | 655/1194 [08:45<06:12,  1.45it/s]Evaluating raw model output:  55%|█████▍    | 656/1194 [08:46<05:43,  1.56it/s]Evaluating raw model output:  55%|█████▌    | 657/1194 [08:46<05:22,  1.66it/s]Evaluating raw model output:  55%|█████▌    | 658/1194 [08:47<06:37,  1.35it/s]Evaluating raw model output:  55%|█████▌    | 659/1194 [08:48<06:12,  1.44it/s]Evaluating raw model output:  55%|█████▌    | 660/1194 [08:49<07:26,  1.20it/s]Evaluating raw model output:  55%|█████▌    | 661/1194 [08:50<06:40,  1.33it/s]Evaluating raw model output:  55%|█████▌    | 662/1194 [08:50<06:06,  1.45it/s]Evaluating raw model output:  56%|█████▌    | 663/1194 [08:51<06:34,  1.35it/s]Evaluating raw model output:  56%|█████▌    | 664/1194 [08:51<05:55,  1.49it/s]Evaluating raw model output:  56%|█████▌    | 665/1194 [08:52<05:34,  1.58it/s]Evaluating raw model output:  56%|█████▌    | 666/1194 [08:53<05:41,  1.55it/s]Evaluating raw model output:  56%|█████▌    | 667/1194 [08:54<06:11,  1.42it/s]Evaluating raw model output:  56%|█████▌    | 668/1194 [08:54<05:47,  1.52it/s]Evaluating raw model output:  56%|█████▌    | 669/1194 [08:55<05:27,  1.60it/s]Evaluating raw model output:  56%|█████▌    | 670/1194 [08:55<05:05,  1.71it/s]Evaluating raw model output:  56%|█████▌    | 671/1194 [08:56<05:00,  1.74it/s]Evaluating raw model output:  56%|█████▋    | 672/1194 [08:56<04:52,  1.78it/s]Evaluating raw model output:  56%|█████▋    | 673/1194 [08:57<04:51,  1.79it/s]Evaluating raw model output:  56%|█████▋    | 674/1194 [08:57<04:48,  1.80it/s]Evaluating raw model output:  57%|█████▋    | 675/1194 [08:58<04:38,  1.86it/s]Evaluating raw model output:  57%|█████▋    | 676/1194 [08:58<04:35,  1.88it/s]Evaluating raw model output:  57%|█████▋    | 677/1194 [08:59<05:38,  1.53it/s]Evaluating raw model output:  57%|█████▋    | 678/1194 [09:00<05:24,  1.59it/s]Evaluating raw model output:  57%|█████▋    | 679/1194 [09:01<06:06,  1.41it/s]Evaluating raw model output:  57%|█████▋    | 680/1194 [09:01<05:46,  1.48it/s]Evaluating raw model output:  57%|█████▋    | 681/1194 [09:02<05:16,  1.62it/s]Evaluating raw model output:  57%|█████▋    | 682/1194 [09:02<05:11,  1.64it/s]Evaluating raw model output:  57%|█████▋    | 683/1194 [09:03<04:59,  1.71it/s]Evaluating raw model output:  57%|█████▋    | 684/1194 [09:04<05:50,  1.46it/s]Evaluating raw model output:  57%|█████▋    | 685/1194 [09:05<05:52,  1.45it/s]Evaluating raw model output:  57%|█████▋    | 686/1194 [09:05<05:27,  1.55it/s]Evaluating raw model output:  58%|█████▊    | 687/1194 [09:06<06:43,  1.26it/s]Evaluating raw model output:  58%|█████▊    | 688/1194 [09:07<05:55,  1.42it/s]Evaluating raw model output:  58%|█████▊    | 689/1194 [09:07<05:26,  1.54it/s]Evaluating raw model output:  58%|█████▊    | 690/1194 [09:08<05:07,  1.64it/s]Evaluating raw model output:  58%|█████▊    | 691/1194 [09:09<05:44,  1.46it/s]Evaluating raw model output:  58%|█████▊    | 692/1194 [09:10<07:16,  1.15it/s]Evaluating raw model output:  58%|█████▊    | 693/1194 [09:11<06:39,  1.25it/s]Evaluating raw model output:  58%|█████▊    | 694/1194 [09:11<06:04,  1.37it/s]Evaluating raw model output:  58%|█████▊    | 695/1194 [09:12<05:37,  1.48it/s]Evaluating raw model output:  58%|█████▊    | 696/1194 [09:13<06:16,  1.32it/s]Evaluating raw model output:  58%|█████▊    | 697/1194 [09:13<05:40,  1.46it/s]Evaluating raw model output:  58%|█████▊    | 698/1194 [09:14<06:40,  1.24it/s]Evaluating raw model output:  59%|█████▊    | 699/1194 [09:15<05:59,  1.38it/s]Evaluating raw model output:  59%|█████▊    | 700/1194 [09:15<05:33,  1.48it/s]Evaluating raw model output:  59%|█████▊    | 701/1194 [09:16<05:13,  1.57it/s]Evaluating raw model output:  59%|█████▉    | 702/1194 [09:16<04:59,  1.64it/s]Evaluating raw model output:  59%|█████▉    | 703/1194 [09:18<07:05,  1.15it/s]Evaluating raw model output:  59%|█████▉    | 704/1194 [09:20<09:00,  1.10s/it]Evaluating raw model output:  59%|█████▉    | 705/1194 [09:20<07:38,  1.07it/s]Evaluating raw model output:  59%|█████▉    | 706/1194 [09:21<06:39,  1.22it/s]Evaluating raw model output:  59%|█████▉    | 707/1194 [09:22<08:19,  1.03s/it]Evaluating raw model output:  59%|█████▉    | 708/1194 [09:23<07:07,  1.14it/s]Evaluating raw model output:  59%|█████▉    | 709/1194 [09:23<06:19,  1.28it/s]Evaluating raw model output:  59%|█████▉    | 710/1194 [09:24<05:48,  1.39it/s]Evaluating raw model output:  60%|█████▉    | 711/1194 [09:25<06:22,  1.26it/s]Evaluating raw model output:  60%|█████▉    | 712/1194 [09:25<05:48,  1.38it/s]Evaluating raw model output:  60%|█████▉    | 713/1194 [09:26<05:24,  1.48it/s]Evaluating raw model output:  60%|█████▉    | 714/1194 [09:26<05:02,  1.59it/s]Evaluating raw model output:  60%|█████▉    | 715/1194 [09:27<04:48,  1.66it/s]Evaluating raw model output:  60%|█████▉    | 716/1194 [09:28<04:40,  1.70it/s]Evaluating raw model output:  60%|██████    | 717/1194 [09:28<05:02,  1.58it/s]Evaluating raw model output:  60%|██████    | 718/1194 [09:29<04:46,  1.66it/s]Evaluating raw model output:  60%|██████    | 719/1194 [09:31<07:41,  1.03it/s]Evaluating raw model output:  60%|██████    | 720/1194 [09:31<06:39,  1.19it/s]Evaluating raw model output:  60%|██████    | 721/1194 [09:32<06:06,  1.29it/s]Evaluating raw model output:  60%|██████    | 722/1194 [09:32<05:34,  1.41it/s]Evaluating raw model output:  61%|██████    | 723/1194 [09:34<06:41,  1.17it/s]Evaluating raw model output:  61%|██████    | 724/1194 [09:34<06:00,  1.31it/s]Evaluating raw model output:  61%|██████    | 725/1194 [09:35<05:29,  1.42it/s]Evaluating raw model output:  61%|██████    | 726/1194 [09:35<05:05,  1.53it/s]Evaluating raw model output:  61%|██████    | 727/1194 [09:36<05:09,  1.51it/s]Evaluating raw model output:  61%|██████    | 728/1194 [09:37<05:32,  1.40it/s]Evaluating raw model output:  61%|██████    | 729/1194 [09:37<05:05,  1.52it/s]Evaluating raw model output:  61%|██████    | 730/1194 [09:38<04:48,  1.61it/s]Evaluating raw model output:  61%|██████    | 731/1194 [09:38<04:38,  1.66it/s]Evaluating raw model output:  61%|██████▏   | 732/1194 [09:39<04:32,  1.70it/s]Evaluating raw model output:  61%|██████▏   | 733/1194 [09:40<06:31,  1.18it/s]Evaluating raw model output:  61%|██████▏   | 734/1194 [09:41<05:48,  1.32it/s]Evaluating raw model output:  62%|██████▏   | 735/1194 [09:41<05:14,  1.46it/s]Evaluating raw model output:  62%|██████▏   | 736/1194 [09:42<04:50,  1.58it/s]Evaluating raw model output:  62%|██████▏   | 737/1194 [09:42<04:38,  1.64it/s]Evaluating raw model output:  62%|██████▏   | 738/1194 [09:43<04:27,  1.71it/s]Evaluating raw model output:  62%|██████▏   | 739/1194 [09:43<04:12,  1.80it/s]Evaluating raw model output:  62%|██████▏   | 740/1194 [09:44<04:23,  1.72it/s]Evaluating raw model output:  62%|██████▏   | 741/1194 [09:45<05:08,  1.47it/s]Evaluating raw model output:  62%|██████▏   | 742/1194 [09:46<06:21,  1.18it/s]Evaluating raw model output:  62%|██████▏   | 743/1194 [09:48<07:49,  1.04s/it]Evaluating raw model output:  62%|██████▏   | 744/1194 [09:48<06:41,  1.12it/s]Evaluating raw model output:  62%|██████▏   | 745/1194 [09:49<05:56,  1.26it/s]Evaluating raw model output:  62%|██████▏   | 746/1194 [09:49<05:23,  1.38it/s]Evaluating raw model output:  63%|██████▎   | 747/1194 [09:50<05:01,  1.48it/s]Evaluating raw model output:  63%|██████▎   | 748/1194 [09:51<04:44,  1.57it/s]Evaluating raw model output:  63%|██████▎   | 749/1194 [09:51<04:31,  1.64it/s]Evaluating raw model output:  63%|██████▎   | 750/1194 [09:52<04:22,  1.69it/s]Evaluating raw model output:  63%|██████▎   | 751/1194 [09:53<05:11,  1.42it/s]Evaluating raw model output:  63%|██████▎   | 752/1194 [09:53<04:48,  1.53it/s]Evaluating raw model output:  63%|██████▎   | 753/1194 [09:54<04:33,  1.61it/s]Evaluating raw model output:  63%|██████▎   | 754/1194 [09:54<04:19,  1.70it/s]Evaluating raw model output:  63%|██████▎   | 755/1194 [09:55<04:13,  1.73it/s]Evaluating raw model output:  63%|██████▎   | 756/1194 [09:55<04:00,  1.82it/s]Evaluating raw model output:  63%|██████▎   | 757/1194 [09:56<03:55,  1.86it/s]Evaluating raw model output:  63%|██████▎   | 758/1194 [09:56<03:48,  1.91it/s]Evaluating raw model output:  64%|██████▎   | 759/1194 [09:57<03:48,  1.91it/s]Evaluating raw model output:  64%|██████▎   | 760/1194 [09:57<03:48,  1.90it/s]Evaluating raw model output:  64%|██████▎   | 761/1194 [09:58<04:34,  1.58it/s]Evaluating raw model output:  64%|██████▍   | 762/1194 [10:00<06:27,  1.11it/s]Evaluating raw model output:  64%|██████▍   | 763/1194 [10:00<05:45,  1.25it/s]Evaluating raw model output:  64%|██████▍   | 764/1194 [10:01<05:10,  1.39it/s]Evaluating raw model output:  64%|██████▍   | 765/1194 [10:01<04:45,  1.50it/s]Evaluating raw model output:  64%|██████▍   | 766/1194 [10:02<04:31,  1.58it/s]Evaluating raw model output:  64%|██████▍   | 767/1194 [10:02<04:26,  1.60it/s]Evaluating raw model output:  64%|██████▍   | 768/1194 [10:03<04:21,  1.63it/s]Evaluating raw model output:  64%|██████▍   | 769/1194 [10:04<04:17,  1.65it/s]Evaluating raw model output:  64%|██████▍   | 770/1194 [10:04<04:08,  1.70it/s]Evaluating raw model output:  65%|██████▍   | 771/1194 [10:05<04:01,  1.75it/s]Evaluating raw model output:  65%|██████▍   | 772/1194 [10:05<03:56,  1.78it/s]Evaluating raw model output:  65%|██████▍   | 773/1194 [10:06<05:05,  1.38it/s]Evaluating raw model output:  65%|██████▍   | 774/1194 [10:07<05:52,  1.19it/s]Evaluating raw model output:  65%|██████▍   | 775/1194 [10:08<05:05,  1.37it/s]Evaluating raw model output:  65%|██████▍   | 776/1194 [10:09<04:44,  1.47it/s]Evaluating raw model output:  65%|██████▌   | 777/1194 [10:10<06:06,  1.14it/s]Evaluating raw model output:  65%|██████▌   | 778/1194 [10:11<06:42,  1.03it/s]Evaluating raw model output:  65%|██████▌   | 779/1194 [10:12<05:47,  1.19it/s]Evaluating raw model output:  65%|██████▌   | 780/1194 [10:12<05:05,  1.35it/s]Evaluating raw model output:  65%|██████▌   | 781/1194 [10:13<04:39,  1.48it/s]Evaluating raw model output:  65%|██████▌   | 782/1194 [10:14<05:16,  1.30it/s]Evaluating raw model output:  66%|██████▌   | 783/1194 [10:14<04:58,  1.38it/s]Evaluating raw model output:  66%|██████▌   | 784/1194 [10:15<04:34,  1.49it/s]Evaluating raw model output:  66%|██████▌   | 785/1194 [10:15<04:10,  1.63it/s]Evaluating raw model output:  66%|██████▌   | 786/1194 [10:16<03:56,  1.72it/s]Evaluating raw model output:  66%|██████▌   | 787/1194 [10:16<03:43,  1.82it/s]Evaluating raw model output:  66%|██████▌   | 788/1194 [10:17<03:35,  1.88it/s]Evaluating raw model output:  66%|██████▌   | 789/1194 [10:17<03:29,  1.94it/s]Evaluating raw model output:  66%|██████▌   | 790/1194 [10:18<03:32,  1.90it/s]Evaluating raw model output:  66%|██████▌   | 791/1194 [10:18<03:31,  1.90it/s]Evaluating raw model output:  66%|██████▋   | 792/1194 [10:19<03:23,  1.97it/s]Evaluating raw model output:  66%|██████▋   | 793/1194 [10:19<03:20,  2.00it/s]Evaluating raw model output:  66%|██████▋   | 794/1194 [10:20<03:30,  1.90it/s]Evaluating raw model output:  67%|██████▋   | 795/1194 [10:20<03:40,  1.81it/s]Evaluating raw model output:  67%|██████▋   | 796/1194 [10:21<04:29,  1.48it/s]Evaluating raw model output:  67%|██████▋   | 797/1194 [10:22<04:40,  1.42it/s]Evaluating raw model output:  67%|██████▋   | 798/1194 [10:23<04:26,  1.48it/s]Evaluating raw model output:  67%|██████▋   | 799/1194 [10:23<04:24,  1.49it/s]Evaluating raw model output:  67%|██████▋   | 800/1194 [10:24<04:35,  1.43it/s]Evaluating raw model output:  67%|██████▋   | 801/1194 [10:25<04:30,  1.45it/s]Evaluating raw model output:  67%|██████▋   | 802/1194 [10:26<04:53,  1.33it/s]Evaluating raw model output:  67%|██████▋   | 803/1194 [10:26<04:29,  1.45it/s]Evaluating raw model output:  67%|██████▋   | 804/1194 [10:27<04:03,  1.60it/s]Evaluating raw model output:  67%|██████▋   | 805/1194 [10:27<03:53,  1.67it/s]Evaluating raw model output:  68%|██████▊   | 806/1194 [10:28<03:50,  1.68it/s]Evaluating raw model output:  68%|██████▊   | 807/1194 [10:28<03:48,  1.69it/s]Evaluating raw model output:  68%|██████▊   | 808/1194 [10:29<03:50,  1.68it/s]Evaluating raw model output:  68%|██████▊   | 809/1194 [10:30<04:33,  1.41it/s]Evaluating raw model output:  68%|██████▊   | 810/1194 [10:31<04:10,  1.53it/s]Evaluating raw model output:  68%|██████▊   | 811/1194 [10:31<03:57,  1.61it/s]Evaluating raw model output:  68%|██████▊   | 812/1194 [10:32<03:49,  1.66it/s]Evaluating raw model output:  68%|██████▊   | 813/1194 [10:32<03:41,  1.72it/s]Evaluating raw model output:  68%|██████▊   | 814/1194 [10:33<03:44,  1.69it/s]Evaluating raw model output:  68%|██████▊   | 815/1194 [10:34<04:46,  1.32it/s]Evaluating raw model output:  68%|██████▊   | 816/1194 [10:34<04:20,  1.45it/s]Evaluating raw model output:  68%|██████▊   | 817/1194 [10:35<03:59,  1.58it/s]Evaluating raw model output:  69%|██████▊   | 818/1194 [10:35<03:42,  1.69it/s]Evaluating raw model output:  69%|██████▊   | 819/1194 [10:37<05:27,  1.15it/s]Evaluating raw model output:  69%|██████▊   | 820/1194 [10:39<06:57,  1.12s/it]Evaluating raw model output:  69%|██████▉   | 821/1194 [10:39<05:57,  1.04it/s]Evaluating raw model output:  69%|██████▉   | 822/1194 [10:41<06:30,  1.05s/it]Evaluating raw model output:  69%|██████▉   | 823/1194 [10:41<05:39,  1.09it/s]Evaluating raw model output:  69%|██████▉   | 824/1194 [10:42<04:58,  1.24it/s]Evaluating raw model output:  69%|██████▉   | 825/1194 [10:42<04:27,  1.38it/s]Evaluating raw model output:  69%|██████▉   | 826/1194 [10:43<04:07,  1.48it/s]Evaluating raw model output:  69%|██████▉   | 827/1194 [10:43<03:54,  1.56it/s]Evaluating raw model output:  69%|██████▉   | 828/1194 [10:44<03:40,  1.66it/s]Evaluating raw model output:  69%|██████▉   | 829/1194 [10:44<03:30,  1.74it/s]Evaluating raw model output:  70%|██████▉   | 830/1194 [10:46<04:33,  1.33it/s]Evaluating raw model output:  70%|██████▉   | 831/1194 [10:47<05:08,  1.18it/s]Evaluating raw model output:  70%|██████▉   | 832/1194 [10:47<04:28,  1.35it/s]Evaluating raw model output:  70%|██████▉   | 833/1194 [10:48<04:04,  1.47it/s]Evaluating raw model output:  70%|██████▉   | 834/1194 [10:48<03:48,  1.58it/s]Evaluating raw model output:  70%|██████▉   | 835/1194 [10:49<04:42,  1.27it/s]Evaluating raw model output:  70%|███████   | 836/1194 [10:50<04:21,  1.37it/s]Evaluating raw model output:  70%|███████   | 837/1194 [10:50<03:57,  1.50it/s]Evaluating raw model output:  70%|███████   | 838/1194 [10:52<05:04,  1.17it/s]Evaluating raw model output:  70%|███████   | 839/1194 [10:53<05:07,  1.15it/s]Evaluating raw model output:  70%|███████   | 840/1194 [10:53<04:26,  1.33it/s]Evaluating raw model output:  70%|███████   | 841/1194 [10:54<04:01,  1.46it/s]Evaluating raw model output:  71%|███████   | 842/1194 [10:54<03:39,  1.60it/s]Evaluating raw model output:  71%|███████   | 843/1194 [10:55<03:25,  1.71it/s]Evaluating raw model output:  71%|███████   | 844/1194 [10:55<03:19,  1.76it/s]Evaluating raw model output:  71%|███████   | 845/1194 [10:56<03:18,  1.76it/s]Evaluating raw model output:  71%|███████   | 846/1194 [10:57<04:05,  1.42it/s]Evaluating raw model output:  71%|███████   | 847/1194 [10:58<04:24,  1.31it/s]Evaluating raw model output:  71%|███████   | 848/1194 [10:58<04:03,  1.42it/s]Evaluating raw model output:  71%|███████   | 849/1194 [10:59<04:16,  1.35it/s]Evaluating raw model output:  71%|███████   | 850/1194 [11:00<04:03,  1.41it/s]Evaluating raw model output:  71%|███████▏  | 851/1194 [11:00<03:52,  1.48it/s]Evaluating raw model output:  71%|███████▏  | 852/1194 [11:01<04:01,  1.42it/s]Evaluating raw model output:  71%|███████▏  | 853/1194 [11:02<03:58,  1.43it/s]Evaluating raw model output:  72%|███████▏  | 854/1194 [11:02<03:40,  1.54it/s]Evaluating raw model output:  72%|███████▏  | 855/1194 [11:03<03:43,  1.51it/s]Evaluating raw model output:  72%|███████▏  | 856/1194 [11:04<04:09,  1.35it/s]Evaluating raw model output:  72%|███████▏  | 857/1194 [11:04<03:49,  1.47it/s]Evaluating raw model output:  72%|███████▏  | 858/1194 [11:05<03:32,  1.58it/s]Evaluating raw model output:  72%|███████▏  | 859/1194 [11:05<03:15,  1.71it/s]Evaluating raw model output:  72%|███████▏  | 860/1194 [11:06<03:11,  1.74it/s]Evaluating raw model output:  72%|███████▏  | 861/1194 [11:06<03:00,  1.85it/s]Evaluating raw model output:  72%|███████▏  | 862/1194 [11:07<02:57,  1.87it/s]Evaluating raw model output:  72%|███████▏  | 863/1194 [11:07<02:57,  1.87it/s]Evaluating raw model output:  72%|███████▏  | 864/1194 [11:08<02:57,  1.86it/s]Evaluating raw model output:  72%|███████▏  | 865/1194 [11:09<03:36,  1.52it/s]Evaluating raw model output:  73%|███████▎  | 866/1194 [11:09<03:23,  1.61it/s]Evaluating raw model output:  73%|███████▎  | 867/1194 [11:10<03:54,  1.39it/s]Evaluating raw model output:  73%|███████▎  | 868/1194 [11:11<03:35,  1.51it/s]Evaluating raw model output:  73%|███████▎  | 869/1194 [11:12<03:23,  1.60it/s]Evaluating raw model output:  73%|███████▎  | 870/1194 [11:12<03:49,  1.41it/s]Evaluating raw model output:  73%|███████▎  | 871/1194 [11:13<03:34,  1.50it/s]Evaluating raw model output:  73%|███████▎  | 872/1194 [11:14<03:22,  1.59it/s]Evaluating raw model output:  73%|███████▎  | 873/1194 [11:14<03:15,  1.64it/s]Evaluating raw model output:  73%|███████▎  | 874/1194 [11:15<03:06,  1.72it/s]Evaluating raw model output:  73%|███████▎  | 875/1194 [11:15<03:02,  1.75it/s]Evaluating raw model output:  73%|███████▎  | 876/1194 [11:16<03:00,  1.76it/s]Evaluating raw model output:  73%|███████▎  | 877/1194 [11:16<02:58,  1.77it/s]Evaluating raw model output:  74%|███████▎  | 878/1194 [11:17<02:51,  1.84it/s]Evaluating raw model output:  74%|███████▎  | 879/1194 [11:17<02:49,  1.86it/s]Evaluating raw model output:  74%|███████▎  | 880/1194 [11:18<02:51,  1.83it/s]Evaluating raw model output:  74%|███████▍  | 881/1194 [11:19<03:24,  1.53it/s]Evaluating raw model output:  74%|███████▍  | 882/1194 [11:20<03:53,  1.34it/s]Evaluating raw model output:  74%|███████▍  | 883/1194 [11:21<04:09,  1.25it/s]Evaluating raw model output:  74%|███████▍  | 884/1194 [11:22<04:36,  1.12it/s]Evaluating raw model output:  74%|███████▍  | 885/1194 [11:23<04:48,  1.07it/s]Evaluating raw model output:  74%|███████▍  | 886/1194 [11:23<04:14,  1.21it/s]Evaluating raw model output:  74%|███████▍  | 887/1194 [11:24<04:35,  1.12it/s]Evaluating raw model output:  74%|███████▍  | 888/1194 [11:25<04:07,  1.24it/s]Evaluating raw model output:  74%|███████▍  | 889/1194 [11:27<05:31,  1.09s/it]Evaluating raw model output:  75%|███████▍  | 890/1194 [11:27<04:40,  1.09it/s]Evaluating raw model output:  75%|███████▍  | 891/1194 [11:28<04:04,  1.24it/s]Evaluating raw model output:  75%|███████▍  | 892/1194 [11:28<03:40,  1.37it/s]Evaluating raw model output:  75%|███████▍  | 893/1194 [11:30<04:32,  1.10it/s]Evaluating raw model output:  75%|███████▍  | 894/1194 [11:30<04:03,  1.23it/s]Evaluating raw model output:  75%|███████▍  | 895/1194 [11:32<05:04,  1.02s/it]Evaluating raw model output:  75%|███████▌  | 896/1194 [11:32<04:20,  1.14it/s]Evaluating raw model output:  75%|███████▌  | 897/1194 [11:33<04:43,  1.05it/s]Evaluating raw model output:  75%|███████▌  | 898/1194 [11:34<04:07,  1.20it/s]Evaluating raw model output:  75%|███████▌  | 899/1194 [11:35<04:50,  1.02it/s]Evaluating raw model output:  75%|███████▌  | 900/1194 [11:36<04:23,  1.12it/s]Evaluating raw model output:  75%|███████▌  | 901/1194 [11:37<04:12,  1.16it/s]Evaluating raw model output:  76%|███████▌  | 902/1194 [11:38<03:54,  1.24it/s]Evaluating raw model output:  76%|███████▌  | 903/1194 [11:38<03:49,  1.27it/s]Evaluating raw model output:  76%|███████▌  | 904/1194 [11:39<03:28,  1.39it/s]Evaluating raw model output:  76%|███████▌  | 905/1194 [11:39<03:13,  1.50it/s]Evaluating raw model output:  76%|███████▌  | 906/1194 [11:40<03:03,  1.57it/s]Evaluating raw model output:  76%|███████▌  | 907/1194 [11:40<02:53,  1.65it/s]Evaluating raw model output:  76%|███████▌  | 908/1194 [11:41<03:20,  1.43it/s]Evaluating raw model output:  76%|███████▌  | 909/1194 [11:42<03:04,  1.54it/s]Evaluating raw model output:  76%|███████▌  | 910/1194 [11:42<02:50,  1.66it/s]Evaluating raw model output:  76%|███████▋  | 911/1194 [11:43<02:47,  1.69it/s]Evaluating raw model output:  76%|███████▋  | 912/1194 [11:44<02:43,  1.72it/s]Evaluating raw model output:  76%|███████▋  | 913/1194 [11:44<02:37,  1.79it/s]Evaluating raw model output:  77%|███████▋  | 914/1194 [11:45<02:37,  1.78it/s]Evaluating raw model output:  77%|███████▋  | 915/1194 [11:45<02:33,  1.81it/s]Evaluating raw model output:  77%|███████▋  | 916/1194 [11:47<03:48,  1.22it/s]Evaluating raw model output:  77%|███████▋  | 917/1194 [11:47<03:25,  1.35it/s]Evaluating raw model output:  77%|███████▋  | 918/1194 [11:48<03:10,  1.45it/s]Evaluating raw model output:  77%|███████▋  | 919/1194 [11:48<02:59,  1.53it/s]Evaluating raw model output:  77%|███████▋  | 920/1194 [11:49<02:53,  1.58it/s]Evaluating raw model output:  77%|███████▋  | 921/1194 [11:50<03:16,  1.39it/s]Evaluating raw model output:  77%|███████▋  | 922/1194 [11:50<03:05,  1.47it/s]Evaluating raw model output:  77%|███████▋  | 923/1194 [11:51<02:54,  1.55it/s]Evaluating raw model output:  77%|███████▋  | 924/1194 [11:52<03:20,  1.35it/s]Evaluating raw model output:  77%|███████▋  | 925/1194 [11:52<03:00,  1.49it/s]Evaluating raw model output:  78%|███████▊  | 926/1194 [11:53<02:48,  1.59it/s]Evaluating raw model output:  78%|███████▊  | 927/1194 [11:53<02:37,  1.69it/s]Evaluating raw model output:  78%|███████▊  | 928/1194 [11:54<02:37,  1.69it/s]Evaluating raw model output:  78%|███████▊  | 929/1194 [11:55<02:36,  1.69it/s]Evaluating raw model output:  78%|███████▊  | 930/1194 [11:55<02:32,  1.74it/s]Evaluating raw model output:  78%|███████▊  | 931/1194 [11:56<02:34,  1.70it/s]Evaluating raw model output:  78%|███████▊  | 932/1194 [11:56<02:32,  1.72it/s]Evaluating raw model output:  78%|███████▊  | 933/1194 [11:57<02:26,  1.78it/s]Evaluating raw model output:  78%|███████▊  | 934/1194 [11:57<02:22,  1.83it/s]Evaluating raw model output:  78%|███████▊  | 935/1194 [11:58<02:21,  1.83it/s]Evaluating raw model output:  78%|███████▊  | 936/1194 [11:58<02:21,  1.82it/s]Evaluating raw model output:  78%|███████▊  | 937/1194 [11:59<02:19,  1.85it/s]Evaluating raw model output:  79%|███████▊  | 938/1194 [12:00<03:24,  1.25it/s]Evaluating raw model output:  79%|███████▊  | 939/1194 [12:01<03:10,  1.34it/s]Evaluating raw model output:  79%|███████▊  | 940/1194 [12:02<03:01,  1.40it/s]Evaluating raw model output:  79%|███████▉  | 941/1194 [12:02<02:50,  1.48it/s]Evaluating raw model output:  79%|███████▉  | 942/1194 [12:03<02:34,  1.63it/s]Evaluating raw model output:  79%|███████▉  | 943/1194 [12:04<02:56,  1.42it/s]Evaluating raw model output:  79%|███████▉  | 944/1194 [12:04<02:43,  1.53it/s]Evaluating raw model output:  79%|███████▉  | 945/1194 [12:05<02:33,  1.62it/s]Evaluating raw model output:  79%|███████▉  | 946/1194 [12:05<02:26,  1.69it/s]Evaluating raw model output:  79%|███████▉  | 947/1194 [12:06<02:17,  1.80it/s]Evaluating raw model output:  79%|███████▉  | 948/1194 [12:06<02:15,  1.82it/s]Evaluating raw model output:  79%|███████▉  | 949/1194 [12:07<03:05,  1.32it/s]Evaluating raw model output:  80%|███████▉  | 950/1194 [12:08<02:52,  1.42it/s]Evaluating raw model output:  80%|███████▉  | 951/1194 [12:09<02:39,  1.53it/s]Evaluating raw model output:  80%|███████▉  | 952/1194 [12:09<02:29,  1.62it/s]Evaluating raw model output:  80%|███████▉  | 953/1194 [12:10<02:21,  1.71it/s]Evaluating raw model output:  80%|███████▉  | 954/1194 [12:10<02:15,  1.77it/s]Evaluating raw model output:  80%|███████▉  | 955/1194 [12:11<02:15,  1.77it/s]Evaluating raw model output:  80%|████████  | 956/1194 [12:12<03:04,  1.29it/s]Evaluating raw model output:  80%|████████  | 957/1194 [12:13<02:54,  1.36it/s]Evaluating raw model output:  80%|████████  | 958/1194 [12:13<02:43,  1.44it/s]Evaluating raw model output:  80%|████████  | 959/1194 [12:14<03:03,  1.28it/s]Evaluating raw model output:  80%|████████  | 960/1194 [12:15<02:51,  1.36it/s]Evaluating raw model output:  80%|████████  | 961/1194 [12:15<02:39,  1.46it/s]Evaluating raw model output:  81%|████████  | 962/1194 [12:17<03:11,  1.21it/s]Evaluating raw model output:  81%|████████  | 963/1194 [12:17<02:57,  1.30it/s]Evaluating raw model output:  81%|████████  | 964/1194 [12:19<03:37,  1.06it/s]Evaluating raw model output:  81%|████████  | 965/1194 [12:19<03:07,  1.22it/s]Evaluating raw model output:  81%|████████  | 966/1194 [12:20<02:47,  1.36it/s]Evaluating raw model output:  81%|████████  | 967/1194 [12:20<02:31,  1.49it/s]Evaluating raw model output:  81%|████████  | 968/1194 [12:21<02:56,  1.28it/s]Evaluating raw model output:  81%|████████  | 969/1194 [12:22<02:41,  1.40it/s]Evaluating raw model output:  81%|████████  | 970/1194 [12:22<02:26,  1.53it/s]Evaluating raw model output:  81%|████████▏ | 971/1194 [12:23<02:20,  1.59it/s]Evaluating raw model output:  81%|████████▏ | 972/1194 [12:24<02:59,  1.24it/s]Evaluating raw model output:  81%|████████▏ | 973/1194 [12:25<02:42,  1.36it/s]Evaluating raw model output:  82%|████████▏ | 974/1194 [12:25<02:28,  1.49it/s]Evaluating raw model output:  82%|████████▏ | 975/1194 [12:26<02:17,  1.59it/s]Evaluating raw model output:  82%|████████▏ | 976/1194 [12:27<02:39,  1.37it/s]Evaluating raw model output:  82%|████████▏ | 977/1194 [12:27<02:26,  1.48it/s]Evaluating raw model output:  82%|████████▏ | 978/1194 [12:28<02:41,  1.34it/s]Evaluating raw model output:  82%|████████▏ | 979/1194 [12:29<02:33,  1.40it/s]Evaluating raw model output:  82%|████████▏ | 980/1194 [12:29<02:30,  1.42it/s]Evaluating raw model output:  82%|████████▏ | 981/1194 [12:30<02:21,  1.51it/s]Evaluating raw model output:  82%|████████▏ | 982/1194 [12:31<02:25,  1.45it/s]Evaluating raw model output:  82%|████████▏ | 983/1194 [12:31<02:16,  1.55it/s]Evaluating raw model output:  82%|████████▏ | 984/1194 [12:33<03:17,  1.07it/s]Evaluating raw model output:  82%|████████▏ | 985/1194 [12:33<02:49,  1.23it/s]Evaluating raw model output:  83%|████████▎ | 986/1194 [12:35<03:15,  1.06it/s]Evaluating raw model output:  83%|████████▎ | 987/1194 [12:35<02:48,  1.23it/s]Evaluating raw model output:  83%|████████▎ | 988/1194 [12:36<02:29,  1.38it/s]Evaluating raw model output:  83%|████████▎ | 989/1194 [12:36<02:18,  1.48it/s]Evaluating raw model output:  83%|████████▎ | 990/1194 [12:37<02:07,  1.59it/s]Evaluating raw model output:  83%|████████▎ | 991/1194 [12:37<02:02,  1.66it/s]Evaluating raw model output:  83%|████████▎ | 992/1194 [12:38<01:52,  1.79it/s]Evaluating raw model output:  83%|████████▎ | 993/1194 [12:38<01:50,  1.82it/s]Evaluating raw model output:  83%|████████▎ | 994/1194 [12:39<01:47,  1.85it/s]Evaluating raw model output:  83%|████████▎ | 995/1194 [12:39<01:47,  1.85it/s]Evaluating raw model output:  83%|████████▎ | 996/1194 [12:40<01:48,  1.82it/s]Evaluating raw model output:  84%|████████▎ | 997/1194 [12:41<02:19,  1.41it/s]Evaluating raw model output:  84%|████████▎ | 998/1194 [12:42<02:30,  1.30it/s]Evaluating raw model output:  84%|████████▎ | 999/1194 [12:42<02:15,  1.44it/s]Evaluating raw model output:  84%|████████▍ | 1000/1194 [12:43<02:05,  1.55it/s]Evaluating raw model output:  84%|████████▍ | 1001/1194 [12:43<01:55,  1.66it/s]Evaluating raw model output:  84%|████████▍ | 1002/1194 [12:44<01:50,  1.73it/s]Evaluating raw model output:  84%|████████▍ | 1003/1194 [12:45<02:08,  1.48it/s]Evaluating raw model output:  84%|████████▍ | 1004/1194 [12:45<02:00,  1.58it/s]Evaluating raw model output:  84%|████████▍ | 1005/1194 [12:46<01:53,  1.66it/s]Evaluating raw model output:  84%|████████▍ | 1006/1194 [12:46<01:48,  1.73it/s]Evaluating raw model output:  84%|████████▍ | 1007/1194 [12:47<01:44,  1.78it/s]Evaluating raw model output:  84%|████████▍ | 1008/1194 [12:48<02:05,  1.49it/s]Evaluating raw model output:  85%|████████▍ | 1009/1194 [12:48<01:56,  1.59it/s]Evaluating raw model output:  85%|████████▍ | 1010/1194 [12:49<01:50,  1.67it/s]Evaluating raw model output:  85%|████████▍ | 1011/1194 [12:50<02:09,  1.42it/s]Evaluating raw model output:  85%|████████▍ | 1012/1194 [12:51<02:02,  1.49it/s]Evaluating raw model output:  85%|████████▍ | 1013/1194 [12:52<02:21,  1.28it/s]Evaluating raw model output:  85%|████████▍ | 1014/1194 [12:52<02:12,  1.35it/s]Evaluating raw model output:  85%|████████▌ | 1015/1194 [12:53<02:03,  1.45it/s]Evaluating raw model output:  85%|████████▌ | 1016/1194 [12:53<01:57,  1.51it/s]Evaluating raw model output:  85%|████████▌ | 1017/1194 [12:55<02:33,  1.15it/s]Evaluating raw model output:  85%|████████▌ | 1018/1194 [12:55<02:17,  1.28it/s]Evaluating raw model output:  85%|████████▌ | 1019/1194 [12:56<02:02,  1.43it/s]Evaluating raw model output:  85%|████████▌ | 1020/1194 [12:56<01:52,  1.55it/s]Evaluating raw model output:  86%|████████▌ | 1021/1194 [12:57<01:46,  1.63it/s]Evaluating raw model output:  86%|████████▌ | 1022/1194 [12:57<01:38,  1.75it/s]Evaluating raw model output:  86%|████████▌ | 1023/1194 [12:58<01:31,  1.88it/s]Evaluating raw model output:  86%|████████▌ | 1024/1194 [12:58<01:30,  1.88it/s]Evaluating raw model output:  86%|████████▌ | 1025/1194 [12:59<01:30,  1.87it/s]Evaluating raw model output:  86%|████████▌ | 1026/1194 [12:59<01:29,  1.89it/s]Evaluating raw model output:  86%|████████▌ | 1027/1194 [13:01<02:01,  1.37it/s]Evaluating raw model output:  86%|████████▌ | 1028/1194 [13:01<02:09,  1.28it/s]Evaluating raw model output:  86%|████████▌ | 1029/1194 [13:02<01:53,  1.45it/s]Evaluating raw model output:  86%|████████▋ | 1030/1194 [13:02<01:42,  1.59it/s]Evaluating raw model output:  86%|████████▋ | 1031/1194 [13:03<01:38,  1.66it/s]Evaluating raw model output:  86%|████████▋ | 1032/1194 [13:04<01:34,  1.71it/s]Evaluating raw model output:  87%|████████▋ | 1033/1194 [13:04<01:29,  1.80it/s]Evaluating raw model output:  87%|████████▋ | 1034/1194 [13:05<01:33,  1.70it/s]Evaluating raw model output:  87%|████████▋ | 1035/1194 [13:05<01:36,  1.65it/s]Evaluating raw model output:  87%|████████▋ | 1036/1194 [13:06<01:47,  1.47it/s]Evaluating raw model output:  87%|████████▋ | 1037/1194 [13:07<01:45,  1.49it/s]Evaluating raw model output:  87%|████████▋ | 1038/1194 [13:07<01:40,  1.56it/s]Evaluating raw model output:  87%|████████▋ | 1039/1194 [13:08<01:34,  1.64it/s]Evaluating raw model output:  87%|████████▋ | 1040/1194 [13:08<01:31,  1.67it/s]Evaluating raw model output:  87%|████████▋ | 1041/1194 [13:09<01:46,  1.43it/s]Evaluating raw model output:  87%|████████▋ | 1042/1194 [13:10<01:56,  1.30it/s]Evaluating raw model output:  87%|████████▋ | 1043/1194 [13:11<02:04,  1.21it/s]Evaluating raw model output:  87%|████████▋ | 1044/1194 [13:12<01:51,  1.35it/s]Evaluating raw model output:  88%|████████▊ | 1045/1194 [13:13<02:07,  1.17it/s]Evaluating raw model output:  88%|████████▊ | 1046/1194 [13:14<01:52,  1.32it/s]Evaluating raw model output:  88%|████████▊ | 1047/1194 [13:15<02:12,  1.11it/s]Evaluating raw model output:  88%|████████▊ | 1048/1194 [13:15<01:58,  1.23it/s]Evaluating raw model output:  88%|████████▊ | 1049/1194 [13:16<01:45,  1.38it/s]Evaluating raw model output:  88%|████████▊ | 1050/1194 [13:16<01:33,  1.54it/s]Evaluating raw model output:  88%|████████▊ | 1051/1194 [13:17<01:28,  1.62it/s]Evaluating raw model output:  88%|████████▊ | 1052/1194 [13:17<01:23,  1.69it/s]Evaluating raw model output:  88%|████████▊ | 1053/1194 [13:18<01:20,  1.75it/s]Evaluating raw model output:  88%|████████▊ | 1054/1194 [13:18<01:18,  1.78it/s]Evaluating raw model output:  88%|████████▊ | 1055/1194 [13:19<01:16,  1.82it/s]Evaluating raw model output:  88%|████████▊ | 1056/1194 [13:20<01:15,  1.83it/s]Evaluating raw model output:  89%|████████▊ | 1057/1194 [13:20<01:15,  1.83it/s]Evaluating raw model output:  89%|████████▊ | 1058/1194 [13:21<01:12,  1.88it/s]Evaluating raw model output:  89%|████████▊ | 1059/1194 [13:21<01:15,  1.78it/s]Evaluating raw model output:  89%|████████▉ | 1060/1194 [13:22<01:12,  1.84it/s]Evaluating raw model output:  89%|████████▉ | 1061/1194 [13:23<01:29,  1.48it/s]Evaluating raw model output:  89%|████████▉ | 1062/1194 [13:23<01:23,  1.58it/s]Evaluating raw model output:  89%|████████▉ | 1063/1194 [13:25<01:49,  1.20it/s]Evaluating raw model output:  89%|████████▉ | 1064/1194 [13:25<01:39,  1.31it/s]Evaluating raw model output:  89%|████████▉ | 1065/1194 [13:26<01:27,  1.47it/s]Evaluating raw model output:  89%|████████▉ | 1066/1194 [13:27<01:42,  1.25it/s]Evaluating raw model output:  89%|████████▉ | 1067/1194 [13:27<01:40,  1.27it/s]Evaluating raw model output:  89%|████████▉ | 1068/1194 [13:28<01:35,  1.33it/s]Evaluating raw model output:  90%|████████▉ | 1069/1194 [13:29<01:29,  1.40it/s]Evaluating raw model output:  90%|████████▉ | 1070/1194 [13:29<01:21,  1.52it/s]Evaluating raw model output:  90%|████████▉ | 1071/1194 [13:30<01:15,  1.62it/s]Evaluating raw model output:  90%|████████▉ | 1072/1194 [13:30<01:10,  1.73it/s]Evaluating raw model output:  90%|████████▉ | 1073/1194 [13:31<01:08,  1.76it/s]Evaluating raw model output:  90%|████████▉ | 1074/1194 [13:31<01:07,  1.77it/s]Evaluating raw model output:  90%|█████████ | 1075/1194 [13:32<01:06,  1.78it/s]Evaluating raw model output:  90%|█████████ | 1076/1194 [13:34<01:41,  1.16it/s]Evaluating raw model output:  90%|█████████ | 1077/1194 [13:34<01:28,  1.32it/s]Evaluating raw model output:  90%|█████████ | 1078/1194 [13:35<01:19,  1.46it/s]Evaluating raw model output:  90%|█████████ | 1079/1194 [13:35<01:13,  1.56it/s]Evaluating raw model output:  90%|█████████ | 1080/1194 [13:36<01:07,  1.69it/s]Evaluating raw model output:  91%|█████████ | 1081/1194 [13:36<01:04,  1.75it/s]Evaluating raw model output:  91%|█████████ | 1082/1194 [13:37<01:23,  1.34it/s]Evaluating raw model output:  91%|█████████ | 1083/1194 [13:38<01:15,  1.47it/s]Evaluating raw model output:  91%|█████████ | 1084/1194 [13:39<01:22,  1.33it/s]Evaluating raw model output:  91%|█████████ | 1085/1194 [13:39<01:15,  1.45it/s]Evaluating raw model output:  91%|█████████ | 1086/1194 [13:40<01:29,  1.21it/s]Evaluating raw model output:  91%|█████████ | 1087/1194 [13:42<01:46,  1.00it/s]Evaluating raw model output:  91%|█████████ | 1088/1194 [13:42<01:30,  1.17it/s]Evaluating raw model output:  91%|█████████ | 1089/1194 [13:43<01:19,  1.32it/s]Evaluating raw model output:  91%|█████████▏| 1090/1194 [13:43<01:11,  1.45it/s]Evaluating raw model output:  91%|█████████▏| 1091/1194 [13:44<01:22,  1.25it/s]Evaluating raw model output:  91%|█████████▏| 1092/1194 [13:46<01:34,  1.08it/s]Evaluating raw model output:  92%|█████████▏| 1093/1194 [13:46<01:22,  1.23it/s]Evaluating raw model output:  92%|█████████▏| 1094/1194 [13:47<01:13,  1.36it/s]Evaluating raw model output:  92%|█████████▏| 1095/1194 [13:47<01:07,  1.48it/s]Evaluating raw model output:  92%|█████████▏| 1096/1194 [13:48<01:14,  1.32it/s]Evaluating raw model output:  92%|█████████▏| 1097/1194 [13:49<01:06,  1.47it/s]Evaluating raw model output:  92%|█████████▏| 1098/1194 [13:49<01:04,  1.49it/s]Evaluating raw model output:  92%|█████████▏| 1099/1194 [13:50<01:00,  1.58it/s]Evaluating raw model output:  92%|█████████▏| 1100/1194 [13:50<00:56,  1.68it/s]Evaluating raw model output:  92%|█████████▏| 1101/1194 [13:51<01:06,  1.41it/s]Evaluating raw model output:  92%|█████████▏| 1102/1194 [13:52<01:00,  1.51it/s]Evaluating raw model output:  92%|█████████▏| 1103/1194 [13:53<01:06,  1.38it/s]Evaluating raw model output:  92%|█████████▏| 1104/1194 [13:53<01:00,  1.49it/s]Evaluating raw model output:  93%|█████████▎| 1105/1194 [13:54<00:56,  1.56it/s]Evaluating raw model output:  93%|█████████▎| 1106/1194 [13:55<00:54,  1.63it/s]Evaluating raw model output:  93%|█████████▎| 1107/1194 [13:56<01:17,  1.12it/s]Evaluating raw model output:  93%|█████████▎| 1108/1194 [13:57<01:22,  1.04it/s]Evaluating raw model output:  93%|█████████▎| 1109/1194 [13:58<01:24,  1.01it/s]Evaluating raw model output:  93%|█████████▎| 1110/1194 [13:59<01:13,  1.15it/s]Evaluating raw model output:  93%|█████████▎| 1111/1194 [13:59<01:04,  1.28it/s]Evaluating raw model output:  93%|█████████▎| 1112/1194 [14:00<00:57,  1.42it/s]Evaluating raw model output:  93%|█████████▎| 1113/1194 [14:01<00:54,  1.49it/s]Evaluating raw model output:  93%|█████████▎| 1114/1194 [14:02<01:16,  1.05it/s]Evaluating raw model output:  93%|█████████▎| 1115/1194 [14:03<01:05,  1.21it/s]Evaluating raw model output:  93%|█████████▎| 1116/1194 [14:04<01:14,  1.04it/s]Evaluating raw model output:  94%|█████████▎| 1117/1194 [14:05<01:06,  1.16it/s]Evaluating raw model output:  94%|█████████▎| 1118/1194 [14:05<00:59,  1.28it/s]Evaluating raw model output:  94%|█████████▎| 1119/1194 [14:06<00:56,  1.33it/s]Evaluating raw model output:  94%|█████████▍| 1120/1194 [14:07<01:00,  1.22it/s]Evaluating raw model output:  94%|█████████▍| 1121/1194 [14:07<00:54,  1.34it/s]Evaluating raw model output:  94%|█████████▍| 1122/1194 [14:08<00:50,  1.42it/s]Evaluating raw model output:  94%|█████████▍| 1123/1194 [14:09<00:47,  1.48it/s]Evaluating raw model output:  94%|█████████▍| 1124/1194 [14:09<00:44,  1.58it/s]Evaluating raw model output:  94%|█████████▍| 1125/1194 [14:10<00:49,  1.40it/s]Evaluating raw model output:  94%|█████████▍| 1126/1194 [14:11<00:47,  1.42it/s]Evaluating raw model output:  94%|█████████▍| 1127/1194 [14:11<00:43,  1.53it/s]Evaluating raw model output:  94%|█████████▍| 1128/1194 [14:12<00:47,  1.38it/s]Evaluating raw model output:  95%|█████████▍| 1129/1194 [14:13<00:42,  1.53it/s]Evaluating raw model output:  95%|█████████▍| 1130/1194 [14:13<00:40,  1.57it/s]Evaluating raw model output:  95%|█████████▍| 1131/1194 [14:14<00:38,  1.65it/s]Evaluating raw model output:  95%|█████████▍| 1132/1194 [14:14<00:36,  1.70it/s]Evaluating raw model output:  95%|█████████▍| 1133/1194 [14:15<00:34,  1.75it/s]Evaluating raw model output:  95%|█████████▍| 1134/1194 [14:15<00:33,  1.77it/s]Evaluating raw model output:  95%|█████████▌| 1135/1194 [14:16<00:32,  1.83it/s]Evaluating raw model output:  95%|█████████▌| 1136/1194 [14:17<00:39,  1.47it/s]Evaluating raw model output:  95%|█████████▌| 1137/1194 [14:18<00:37,  1.51it/s]Evaluating raw model output:  95%|█████████▌| 1138/1194 [14:18<00:34,  1.60it/s]Evaluating raw model output:  95%|█████████▌| 1139/1194 [14:19<00:33,  1.62it/s]Evaluating raw model output:  95%|█████████▌| 1140/1194 [14:19<00:33,  1.61it/s]Evaluating raw model output:  96%|█████████▌| 1141/1194 [14:20<00:32,  1.65it/s]Evaluating raw model output:  96%|█████████▌| 1142/1194 [14:21<00:37,  1.39it/s]Evaluating raw model output:  96%|█████████▌| 1143/1194 [14:21<00:34,  1.49it/s]Evaluating raw model output:  96%|█████████▌| 1144/1194 [14:22<00:31,  1.58it/s]Evaluating raw model output:  96%|█████████▌| 1145/1194 [14:22<00:29,  1.66it/s]Evaluating raw model output:  96%|█████████▌| 1146/1194 [14:23<00:27,  1.72it/s]Evaluating raw model output:  96%|█████████▌| 1147/1194 [14:23<00:26,  1.81it/s]Evaluating raw model output:  96%|█████████▌| 1148/1194 [14:24<00:25,  1.81it/s]Evaluating raw model output:  96%|█████████▌| 1149/1194 [14:25<00:25,  1.76it/s]Evaluating raw model output:  96%|█████████▋| 1150/1194 [14:25<00:25,  1.72it/s]Evaluating raw model output:  96%|█████████▋| 1151/1194 [14:27<00:33,  1.28it/s]Evaluating raw model output:  96%|█████████▋| 1152/1194 [14:27<00:29,  1.41it/s]Evaluating raw model output:  97%|█████████▋| 1153/1194 [14:28<00:26,  1.52it/s]Evaluating raw model output:  97%|█████████▋| 1154/1194 [14:28<00:24,  1.61it/s]Evaluating raw model output:  97%|█████████▋| 1155/1194 [14:29<00:22,  1.70it/s]Evaluating raw model output:  97%|█████████▋| 1156/1194 [14:29<00:21,  1.80it/s]Evaluating raw model output:  97%|█████████▋| 1157/1194 [14:30<00:20,  1.82it/s]Evaluating raw model output:  97%|█████████▋| 1158/1194 [14:31<00:24,  1.47it/s]Evaluating raw model output:  97%|█████████▋| 1159/1194 [14:31<00:22,  1.57it/s]Evaluating raw model output:  97%|█████████▋| 1160/1194 [14:32<00:20,  1.65it/s]Evaluating raw model output:  97%|█████████▋| 1161/1194 [14:33<00:26,  1.26it/s]Evaluating raw model output:  97%|█████████▋| 1162/1194 [14:33<00:22,  1.41it/s]Evaluating raw model output:  97%|█████████▋| 1163/1194 [14:34<00:20,  1.55it/s]Evaluating raw model output:  97%|█████████▋| 1164/1194 [14:34<00:17,  1.71it/s]Evaluating raw model output:  98%|█████████▊| 1165/1194 [14:35<00:16,  1.77it/s]Evaluating raw model output:  98%|█████████▊| 1166/1194 [14:36<00:18,  1.48it/s]Evaluating raw model output:  98%|█████████▊| 1167/1194 [14:36<00:16,  1.62it/s]Evaluating raw model output:  98%|█████████▊| 1168/1194 [14:37<00:15,  1.72it/s]Evaluating raw model output:  98%|█████████▊| 1169/1194 [14:38<00:19,  1.31it/s]Evaluating raw model output:  98%|█████████▊| 1170/1194 [14:39<00:19,  1.26it/s]Evaluating raw model output:  98%|█████████▊| 1171/1194 [14:40<00:19,  1.18it/s]Evaluating raw model output:  98%|█████████▊| 1172/1194 [14:40<00:17,  1.27it/s]Evaluating raw model output:  98%|█████████▊| 1173/1194 [14:41<00:15,  1.37it/s]Evaluating raw model output:  98%|█████████▊| 1174/1194 [14:42<00:14,  1.40it/s]Evaluating raw model output:  98%|█████████▊| 1175/1194 [14:42<00:13,  1.45it/s]Evaluating raw model output:  98%|█████████▊| 1176/1194 [14:43<00:11,  1.55it/s]Evaluating raw model output:  99%|█████████▊| 1177/1194 [14:44<00:13,  1.26it/s]Evaluating raw model output:  99%|█████████▊| 1178/1194 [14:45<00:11,  1.37it/s]Evaluating raw model output:  99%|█████████▊| 1179/1194 [14:46<00:13,  1.12it/s]Evaluating raw model output:  99%|█████████▉| 1180/1194 [14:46<00:10,  1.28it/s]Evaluating raw model output:  99%|█████████▉| 1181/1194 [14:47<00:09,  1.41it/s]Evaluating raw model output:  99%|█████████▉| 1182/1194 [14:47<00:07,  1.57it/s]Evaluating raw model output:  99%|█████████▉| 1183/1194 [14:48<00:06,  1.58it/s]Evaluating raw model output:  99%|█████████▉| 1184/1194 [14:49<00:05,  1.68it/s]Evaluating raw model output:  99%|█████████▉| 1185/1194 [14:49<00:05,  1.79it/s]Evaluating raw model output:  99%|█████████▉| 1186/1194 [14:50<00:04,  1.85it/s]Evaluating raw model output:  99%|█████████▉| 1187/1194 [14:51<00:04,  1.44it/s]Evaluating raw model output:  99%|█████████▉| 1188/1194 [14:51<00:03,  1.56it/s]Evaluating raw model output: 100%|█████████▉| 1189/1194 [14:52<00:03,  1.39it/s]Evaluating raw model output: 100%|█████████▉| 1190/1194 [14:53<00:02,  1.53it/s]Evaluating raw model output: 100%|█████████▉| 1191/1194 [14:53<00:01,  1.62it/s]Evaluating raw model output: 100%|█████████▉| 1192/1194 [14:54<00:01,  1.69it/s]Evaluating raw model output: 100%|█████████▉| 1193/1194 [14:54<00:00,  1.69it/s]Evaluating raw model output: 100%|██████████| 1194/1194 [14:55<00:00,  1.50it/s]Evaluating raw model output: 100%|██████████| 1194/1194 [14:55<00:00,  1.33it/s]

==================== 原始模型结果（无校准） ====================
Unseen mAP: 27.43
============================================================
The mAP is 30.93, rare: 29.67, none-rare: 31.30,
>>> zero-shot setting(unseen_verb!!)
full mAP: 30.93 unseen: 27.43 seen: 31.49
[Checkpoint] New best unseen mAP=27.4284 at epoch 4: /root/autodl-tmp/Lain/reviewer_revision/14_uv_lain_matched_seed66/checkpoints/best_unseen.pt
[Checkpoint] Removed old checkpoint: /root/autodl-tmp/Lain/reviewer_revision/14_uv_lain_matched_seed66/checkpoints/ckpt_13332_03.pt
==> Iteration 18000 | Interaction Loss: 1.1952
Epoch [5/20], Iter. [0224/4444], Loss: 1.2016, Time/iter[Data/Train/Total]: [0.003s/1.922s/1.925s], Window[Data/Train]: [1.48s/960.99s], Remain: 2:15:23.214250
==> Iteration 18500 | Interaction Loss: 0.9936
Epoch [5/20], Iter. [0724/4444], Loss: 1.1916, Time/iter[Data/Train/Total]: [0.002s/1.954s/1.956s], Window[Data/Train]: [1.01s/976.92s], Remain: 2:01:15.788093
==> Iteration 19000 | Interaction Loss: 0.8549
Epoch [5/20], Iter. [1224/4444], Loss: 1.2075, Time/iter[Data/Train/Total]: [0.002s/1.967s/1.969s], Window[Data/Train]: [1.01s/983.51s], Remain: 1:45:40.304509
==> Iteration 19500 | Interaction Loss: 0.9163
Epoch [5/20], Iter. [1724/4444], Loss: 1.2204, Time/iter[Data/Train/Total]: [0.002s/2.014s/2.016s], Window[Data/Train]: [0.99s/1007.09s], Remain: 1:31:23.955725
==> Iteration 20000 | Interaction Loss: 1.5035
Epoch [5/20], Iter. [2224/4444], Loss: 1.2457, Time/iter[Data/Train/Total]: [0.002s/2.094s/2.096s], Window[Data/Train]: [1.04s/1047.15s], Remain: 1:17:33.921811
==> Iteration 20500 | Interaction Loss: 1.1171
Epoch [5/20], Iter. [2724/4444], Loss: 1.1821, Time/iter[Data/Train/Total]: [0.002s/2.031s/2.033s], Window[Data/Train]: [1.02s/1015.54s], Remain: 0:58:16.989417
==> Iteration 21000 | Interaction Loss: 0.9733
Epoch [5/20], Iter. [3224/4444], Loss: 1.2092, Time/iter[Data/Train/Total]: [0.002s/2.006s/2.008s], Window[Data/Train]: [0.98s/1002.99s], Remain: 0:40:49.701784
==> Iteration 21500 | Interaction Loss: 1.3384
Epoch [5/20], Iter. [3724/4444], Loss: 1.1981, Time/iter[Data/Train/Total]: [0.002s/1.961s/1.963s], Window[Data/Train]: [0.97s/980.56s], Remain: 0:23:33.398121
==> Iteration 22000 | Interaction Loss: 1.8807
Epoch [5/20], Iter. [4224/4444], Loss: 1.1862, Time/iter[Data/Train/Total]: [0.002s/1.964s/1.966s], Window[Data/Train]: [0.94s/981.89s], Remain: 0:07:12.445752
Evaluating raw model output:   0%|          | 0/1194 [00:00<?, ?it/s]Evaluating raw model output:   0%|          | 1/1194 [00:03<1:12:17,  3.64s/it]Evaluating raw model output:   0%|          | 2/1194 [00:05<50:20,  2.53s/it]  Evaluating raw model output:   0%|          | 3/1194 [00:07<42:06,  2.12s/it]Evaluating raw model output:   0%|          | 4/1194 [00:07<30:31,  1.54s/it]Evaluating raw model output:   0%|          | 5/1194 [00:08<28:38,  1.45s/it]Evaluating raw model output:   1%|          | 6/1194 [00:10<30:54,  1.56s/it]Evaluating raw model output:   1%|          | 7/1194 [00:12<30:58,  1.57s/it]Evaluating raw model output:   1%|          | 8/1194 [00:13<29:16,  1.48s/it]Evaluating raw model output:   1%|          | 9/1194 [00:14<23:40,  1.20s/it]Evaluating raw model output:   1%|          | 10/1194 [00:14<19:36,  1.01it/s]Evaluating raw model output:   1%|          | 11/1194 [00:16<22:09,  1.12s/it]Evaluating raw model output:   1%|          | 12/1194 [00:16<18:47,  1.05it/s]Evaluating raw model output:   1%|          | 13/1194 [00:17<17:09,  1.15it/s]Evaluating raw model output:   1%|          | 14/1194 [00:18<20:18,  1.03s/it]Evaluating raw model output:   1%|▏         | 15/1194 [00:19<18:01,  1.09it/s]Evaluating raw model output:   1%|▏         | 16/1194 [00:20<19:40,  1.00s/it]Evaluating raw model output:   1%|▏         | 17/1194 [00:22<23:09,  1.18s/it]Evaluating raw model output:   2%|▏         | 18/1194 [00:23<23:52,  1.22s/it]Evaluating raw model output:   2%|▏         | 19/1194 [00:25<26:09,  1.34s/it]Evaluating raw model output:   2%|▏         | 20/1194 [00:26<24:18,  1.24s/it]Evaluating raw model output:   2%|▏         | 21/1194 [00:26<20:04,  1.03s/it]Evaluating raw model output:   2%|▏         | 22/1194 [00:27<17:17,  1.13it/s]Evaluating raw model output:   2%|▏         | 23/1194 [00:27<15:35,  1.25it/s]Evaluating raw model output:   2%|▏         | 24/1194 [00:28<14:12,  1.37it/s]Evaluating raw model output:   2%|▏         | 25/1194 [00:29<18:56,  1.03it/s]Evaluating raw model output:   2%|▏         | 26/1194 [00:30<16:32,  1.18it/s]Evaluating raw model output:   2%|▏         | 27/1194 [00:32<21:24,  1.10s/it]Evaluating raw model output:   2%|▏         | 28/1194 [00:33<23:32,  1.21s/it]Evaluating raw model output:   2%|▏         | 29/1194 [00:34<20:26,  1.05s/it]Evaluating raw model output:   3%|▎         | 30/1194 [00:34<17:23,  1.12it/s]Evaluating raw model output:   3%|▎         | 31/1194 [00:36<19:07,  1.01it/s]Evaluating raw model output:   3%|▎         | 32/1194 [00:37<23:22,  1.21s/it]Evaluating raw model output:   3%|▎         | 33/1194 [00:38<22:28,  1.16s/it]Evaluating raw model output:   3%|▎         | 34/1194 [00:39<18:59,  1.02it/s]Evaluating raw model output:   3%|▎         | 35/1194 [00:40<21:33,  1.12s/it]Evaluating raw model output:   3%|▎         | 36/1194 [00:42<24:36,  1.27s/it]Evaluating raw model output:   3%|▎         | 37/1194 [00:43<20:36,  1.07s/it]Evaluating raw model output:   3%|▎         | 38/1194 [00:43<18:52,  1.02it/s]Evaluating raw model output:   3%|▎         | 39/1194 [00:44<17:15,  1.12it/s]Evaluating raw model output:   3%|▎         | 40/1194 [00:46<22:21,  1.16s/it]Evaluating raw model output:   3%|▎         | 41/1194 [00:47<20:49,  1.08s/it]Evaluating raw model output:   4%|▎         | 42/1194 [00:48<21:07,  1.10s/it]Evaluating raw model output:   4%|▎         | 43/1194 [00:49<20:16,  1.06s/it]Evaluating raw model output:   4%|▎         | 44/1194 [00:50<18:19,  1.05it/s]Evaluating raw model output:   4%|▍         | 45/1194 [00:50<15:28,  1.24it/s]Evaluating raw model output:   4%|▍         | 46/1194 [00:51<17:58,  1.06it/s]Evaluating raw model output:   4%|▍         | 47/1194 [00:52<15:38,  1.22it/s]Evaluating raw model output:   4%|▍         | 48/1194 [00:52<14:02,  1.36it/s]Evaluating raw model output:   4%|▍         | 49/1194 [00:54<19:40,  1.03s/it]Evaluating raw model output:   4%|▍         | 50/1194 [00:55<16:46,  1.14it/s]Evaluating raw model output:   4%|▍         | 51/1194 [00:55<15:02,  1.27it/s]Evaluating raw model output:   4%|▍         | 52/1194 [00:56<13:47,  1.38it/s]Evaluating raw model output:   4%|▍         | 53/1194 [00:57<18:15,  1.04it/s]Evaluating raw model output:   5%|▍         | 54/1194 [00:58<18:43,  1.01it/s]Evaluating raw model output:   5%|▍         | 55/1194 [00:59<17:05,  1.11it/s]Evaluating raw model output:   5%|▍         | 56/1194 [01:00<17:15,  1.10it/s]Evaluating raw model output:   5%|▍         | 57/1194 [01:01<19:43,  1.04s/it]Evaluating raw model output:   5%|▍         | 58/1194 [01:03<21:20,  1.13s/it]Evaluating raw model output:   5%|▍         | 59/1194 [01:03<18:08,  1.04it/s]Evaluating raw model output:   5%|▌         | 60/1194 [01:05<22:19,  1.18s/it]Evaluating raw model output:   5%|▌         | 61/1194 [01:06<20:46,  1.10s/it]Evaluating raw model output:   5%|▌         | 62/1194 [01:06<17:29,  1.08it/s]Evaluating raw model output:   5%|▌         | 63/1194 [01:07<17:20,  1.09it/s]Evaluating raw model output:   5%|▌         | 64/1194 [01:08<15:28,  1.22it/s]Evaluating raw model output:   5%|▌         | 65/1194 [01:09<19:59,  1.06s/it]Evaluating raw model output:   6%|▌         | 66/1194 [01:11<22:55,  1.22s/it]Evaluating raw model output:   6%|▌         | 67/1194 [01:12<19:07,  1.02s/it]Evaluating raw model output:   6%|▌         | 68/1194 [01:13<21:20,  1.14s/it]Evaluating raw model output:   6%|▌         | 69/1194 [01:14<18:29,  1.01it/s]Evaluating raw model output:   6%|▌         | 70/1194 [01:14<16:05,  1.16it/s]Evaluating raw model output:   6%|▌         | 71/1194 [01:15<17:53,  1.05it/s]Evaluating raw model output:   6%|▌         | 72/1194 [01:16<15:45,  1.19it/s]Evaluating raw model output:   6%|▌         | 73/1194 [01:17<14:08,  1.32it/s]Evaluating raw model output:   6%|▌         | 74/1194 [01:17<12:57,  1.44it/s]Evaluating raw model output:   6%|▋         | 75/1194 [01:18<16:14,  1.15it/s]Evaluating raw model output:   6%|▋         | 76/1194 [01:19<14:35,  1.28it/s]Evaluating raw model output:   6%|▋         | 77/1194 [01:20<15:25,  1.21it/s]Evaluating raw model output:   7%|▋         | 78/1194 [01:20<14:04,  1.32it/s]Evaluating raw model output:   7%|▋         | 79/1194 [01:22<17:03,  1.09it/s]Evaluating raw model output:   7%|▋         | 80/1194 [01:22<15:00,  1.24it/s]Evaluating raw model output:   7%|▋         | 81/1194 [01:23<13:38,  1.36it/s]Evaluating raw model output:   7%|▋         | 82/1194 [01:24<16:44,  1.11it/s]Evaluating raw model output:   7%|▋         | 83/1194 [01:25<17:13,  1.07it/s]Evaluating raw model output:   7%|▋         | 84/1194 [01:27<19:47,  1.07s/it]Evaluating raw model output:   7%|▋         | 85/1194 [01:28<21:00,  1.14s/it]Evaluating raw model output:   7%|▋         | 86/1194 [01:29<20:49,  1.13s/it]Evaluating raw model output:   7%|▋         | 87/1194 [01:30<18:31,  1.00s/it]Evaluating raw model output:   7%|▋         | 88/1194 [01:31<18:06,  1.02it/s]Evaluating raw model output:   7%|▋         | 89/1194 [01:32<21:54,  1.19s/it]Evaluating raw model output:   8%|▊         | 90/1194 [01:33<18:22,  1.00it/s]Evaluating raw model output:   8%|▊         | 91/1194 [01:33<15:47,  1.16it/s]Evaluating raw model output:   8%|▊         | 92/1194 [01:35<18:42,  1.02s/it]Evaluating raw model output:   8%|▊         | 93/1194 [01:36<18:49,  1.03s/it]Evaluating raw model output:   8%|▊         | 94/1194 [01:37<20:28,  1.12s/it]Evaluating raw model output:   8%|▊         | 95/1194 [01:38<17:24,  1.05it/s]Evaluating raw model output:   8%|▊         | 96/1194 [01:39<20:47,  1.14s/it]Evaluating raw model output:   8%|▊         | 97/1194 [01:41<21:39,  1.18s/it]Evaluating raw model output:   8%|▊         | 98/1194 [01:41<18:07,  1.01it/s]Evaluating raw model output:   8%|▊         | 99/1194 [01:42<15:42,  1.16it/s]Evaluating raw model output:   8%|▊         | 100/1194 [01:42<14:36,  1.25it/s]Evaluating raw model output:   8%|▊         | 101/1194 [01:44<17:44,  1.03it/s]Evaluating raw model output:   9%|▊         | 102/1194 [01:45<17:26,  1.04it/s]Evaluating raw model output:   9%|▊         | 103/1194 [01:46<21:37,  1.19s/it]Evaluating raw model output:   9%|▊         | 104/1194 [01:47<21:27,  1.18s/it]Evaluating raw model output:   9%|▉         | 105/1194 [01:49<24:18,  1.34s/it]Evaluating raw model output:   9%|▉         | 106/1194 [01:50<21:34,  1.19s/it]Evaluating raw model output:   9%|▉         | 107/1194 [01:51<17:49,  1.02it/s]Evaluating raw model output:   9%|▉         | 108/1194 [01:51<17:31,  1.03it/s]Evaluating raw model output:   9%|▉         | 109/1194 [01:52<15:15,  1.18it/s]Evaluating raw model output:   9%|▉         | 110/1194 [01:53<16:23,  1.10it/s]Evaluating raw model output:   9%|▉         | 111/1194 [01:54<17:27,  1.03it/s]Evaluating raw model output:   9%|▉         | 112/1194 [01:55<15:38,  1.15it/s]Evaluating raw model output:   9%|▉         | 113/1194 [01:56<16:11,  1.11it/s]Evaluating raw model output:  10%|▉         | 114/1194 [01:56<14:15,  1.26it/s]Evaluating raw model output:  10%|▉         | 115/1194 [01:57<12:40,  1.42it/s]Evaluating raw model output:  10%|▉         | 116/1194 [01:57<11:44,  1.53it/s]Evaluating raw model output:  10%|▉         | 117/1194 [01:59<16:36,  1.08it/s]Evaluating raw model output:  10%|▉         | 118/1194 [02:00<16:31,  1.09it/s]Evaluating raw model output:  10%|▉         | 119/1194 [02:01<17:03,  1.05it/s]Evaluating raw model output:  10%|█         | 120/1194 [02:02<18:48,  1.05s/it]Evaluating raw model output:  10%|█         | 121/1194 [02:04<21:59,  1.23s/it]Evaluating raw model output:  10%|█         | 122/1194 [02:04<18:27,  1.03s/it]Evaluating raw model output:  10%|█         | 123/1194 [02:05<18:01,  1.01s/it]Evaluating raw model output:  10%|█         | 124/1194 [02:07<19:31,  1.10s/it]Evaluating raw model output:  10%|█         | 125/1194 [02:08<21:27,  1.20s/it]Evaluating raw model output:  11%|█         | 126/1194 [02:09<22:18,  1.25s/it]Evaluating raw model output:  11%|█         | 127/1194 [02:10<18:32,  1.04s/it]Evaluating raw model output:  11%|█         | 128/1194 [02:12<22:06,  1.24s/it]Evaluating raw model output:  11%|█         | 129/1194 [02:12<18:50,  1.06s/it]Evaluating raw model output:  11%|█         | 130/1194 [02:13<16:33,  1.07it/s]Evaluating raw model output:  11%|█         | 131/1194 [02:14<15:24,  1.15it/s]Evaluating raw model output:  11%|█         | 132/1194 [02:14<14:00,  1.26it/s]Evaluating raw model output:  11%|█         | 133/1194 [02:15<14:42,  1.20it/s]Evaluating raw model output:  11%|█         | 134/1194 [02:16<16:54,  1.04it/s]Evaluating raw model output:  11%|█▏        | 135/1194 [02:17<14:46,  1.19it/s]Evaluating raw model output:  11%|█▏        | 136/1194 [02:19<19:14,  1.09s/it]Evaluating raw model output:  11%|█▏        | 137/1194 [02:19<16:28,  1.07it/s]Evaluating raw model output:  12%|█▏        | 138/1194 [02:20<17:29,  1.01it/s]Evaluating raw model output:  12%|█▏        | 139/1194 [02:21<17:08,  1.03it/s]Evaluating raw model output:  12%|█▏        | 140/1194 [02:22<15:24,  1.14it/s]Evaluating raw model output:  12%|█▏        | 141/1194 [02:23<13:30,  1.30it/s]Evaluating raw model output:  12%|█▏        | 142/1194 [02:24<16:26,  1.07it/s]Evaluating raw model output:  12%|█▏        | 143/1194 [02:24<14:18,  1.22it/s]Evaluating raw model output:  12%|█▏        | 144/1194 [02:25<12:45,  1.37it/s]Evaluating raw model output:  12%|█▏        | 145/1194 [02:26<14:23,  1.22it/s]Evaluating raw model output:  12%|█▏        | 146/1194 [02:27<13:02,  1.34it/s]Evaluating raw model output:  12%|█▏        | 147/1194 [02:28<15:11,  1.15it/s]Evaluating raw model output:  12%|█▏        | 148/1194 [02:28<13:40,  1.28it/s]Evaluating raw model output:  12%|█▏        | 149/1194 [02:29<12:24,  1.40it/s]Evaluating raw model output:  13%|█▎        | 150/1194 [02:30<16:13,  1.07it/s]Evaluating raw model output:  13%|█▎        | 151/1194 [02:31<14:23,  1.21it/s]Evaluating raw model output:  13%|█▎        | 152/1194 [02:31<13:13,  1.31it/s]Evaluating raw model output:  13%|█▎        | 153/1194 [02:33<16:02,  1.08it/s]Evaluating raw model output:  13%|█▎        | 154/1194 [02:34<18:35,  1.07s/it]Evaluating raw model output:  13%|█▎        | 155/1194 [02:35<16:14,  1.07it/s]Evaluating raw model output:  13%|█▎        | 156/1194 [02:35<14:24,  1.20it/s]Evaluating raw model output:  13%|█▎        | 157/1194 [02:37<18:46,  1.09s/it]Evaluating raw model output:  13%|█▎        | 158/1194 [02:38<16:31,  1.05it/s]Evaluating raw model output:  13%|█▎        | 159/1194 [02:39<17:35,  1.02s/it]Evaluating raw model output:  13%|█▎        | 160/1194 [02:39<15:09,  1.14it/s]Evaluating raw model output:  13%|█▎        | 161/1194 [02:40<14:00,  1.23it/s]Evaluating raw model output:  14%|█▎        | 162/1194 [02:41<13:19,  1.29it/s]Evaluating raw model output:  14%|█▎        | 163/1194 [02:42<14:12,  1.21it/s]Evaluating raw model output:  14%|█▎        | 164/1194 [02:42<12:50,  1.34it/s]Evaluating raw model output:  14%|█▍        | 165/1194 [02:43<12:03,  1.42it/s]Evaluating raw model output:  14%|█▍        | 166/1194 [02:43<11:30,  1.49it/s]Evaluating raw model output:  14%|█▍        | 167/1194 [02:45<14:09,  1.21it/s]Evaluating raw model output:  14%|█▍        | 168/1194 [02:46<15:10,  1.13it/s]Evaluating raw model output:  14%|█▍        | 169/1194 [02:47<18:27,  1.08s/it]Evaluating raw model output:  14%|█▍        | 170/1194 [02:48<19:18,  1.13s/it]Evaluating raw model output:  14%|█▍        | 171/1194 [02:50<22:52,  1.34s/it]Evaluating raw model output:  14%|█▍        | 172/1194 [02:51<19:24,  1.14s/it]Evaluating raw model output:  14%|█▍        | 173/1194 [02:52<19:31,  1.15s/it]Evaluating raw model output:  15%|█▍        | 174/1194 [02:53<19:31,  1.15s/it]Evaluating raw model output:  15%|█▍        | 175/1194 [02:54<16:59,  1.00s/it]Evaluating raw model output:  15%|█▍        | 176/1194 [02:55<15:15,  1.11it/s]Evaluating raw model output:  15%|█▍        | 177/1194 [02:55<13:30,  1.25it/s]Evaluating raw model output:  15%|█▍        | 178/1194 [02:57<17:51,  1.05s/it]Evaluating raw model output:  15%|█▍        | 179/1194 [02:58<18:49,  1.11s/it]Evaluating raw model output:  15%|█▌        | 180/1194 [02:59<16:11,  1.04it/s]Evaluating raw model output:  15%|█▌        | 181/1194 [03:00<16:50,  1.00it/s]Evaluating raw model output:  15%|█▌        | 182/1194 [03:00<14:38,  1.15it/s]Evaluating raw model output:  15%|█▌        | 183/1194 [03:01<13:11,  1.28it/s]Evaluating raw model output:  15%|█▌        | 184/1194 [03:03<17:41,  1.05s/it]Evaluating raw model output:  15%|█▌        | 185/1194 [03:03<15:14,  1.10it/s]Evaluating raw model output:  16%|█▌        | 186/1194 [03:04<14:20,  1.17it/s]Evaluating raw model output:  16%|█▌        | 187/1194 [03:04<12:53,  1.30it/s]Evaluating raw model output:  16%|█▌        | 188/1194 [03:05<11:41,  1.43it/s]Evaluating raw model output:  16%|█▌        | 189/1194 [03:07<16:38,  1.01it/s]Evaluating raw model output:  16%|█▌        | 190/1194 [03:07<14:25,  1.16it/s]Evaluating raw model output:  16%|█▌        | 191/1194 [03:08<12:39,  1.32it/s]Evaluating raw model output:  16%|█▌        | 192/1194 [03:09<13:40,  1.22it/s]Evaluating raw model output:  16%|█▌        | 193/1194 [03:10<16:07,  1.03it/s]Evaluating raw model output:  16%|█▌        | 194/1194 [03:11<16:51,  1.01s/it]Evaluating raw model output:  16%|█▋        | 195/1194 [03:12<14:25,  1.15it/s]Evaluating raw model output:  16%|█▋        | 196/1194 [03:12<12:33,  1.32it/s]Evaluating raw model output:  16%|█▋        | 197/1194 [03:14<17:56,  1.08s/it]Evaluating raw model output:  17%|█▋        | 198/1194 [03:15<15:22,  1.08it/s]Evaluating raw model output:  17%|█▋        | 199/1194 [03:16<19:26,  1.17s/it]Evaluating raw model output:  17%|█▋        | 200/1194 [03:18<20:09,  1.22s/it]Evaluating raw model output:  17%|█▋        | 201/1194 [03:19<20:10,  1.22s/it]Evaluating raw model output:  17%|█▋        | 202/1194 [03:19<16:47,  1.02s/it]Evaluating raw model output:  17%|█▋        | 203/1194 [03:20<15:02,  1.10it/s]Evaluating raw model output:  17%|█▋        | 204/1194 [03:22<17:52,  1.08s/it]Evaluating raw model output:  17%|█▋        | 205/1194 [03:22<15:50,  1.04it/s]Evaluating raw model output:  17%|█▋        | 206/1194 [03:23<13:46,  1.20it/s]Evaluating raw model output:  17%|█▋        | 207/1194 [03:23<12:24,  1.33it/s]Evaluating raw model output:  17%|█▋        | 208/1194 [03:24<11:38,  1.41it/s]Evaluating raw model output:  18%|█▊        | 209/1194 [03:25<15:22,  1.07it/s]Evaluating raw model output:  18%|█▊        | 210/1194 [03:27<17:00,  1.04s/it]Evaluating raw model output:  18%|█▊        | 211/1194 [03:27<15:06,  1.08it/s]Evaluating raw model output:  18%|█▊        | 212/1194 [03:28<13:35,  1.20it/s]Evaluating raw model output:  18%|█▊        | 213/1194 [03:28<12:12,  1.34it/s]Evaluating raw model output:  18%|█▊        | 214/1194 [03:30<14:52,  1.10it/s]Evaluating raw model output:  18%|█▊        | 215/1194 [03:30<13:11,  1.24it/s]Evaluating raw model output:  18%|█▊        | 216/1194 [03:31<11:56,  1.36it/s]Evaluating raw model output:  18%|█▊        | 217/1194 [03:31<11:09,  1.46it/s]Evaluating raw model output:  18%|█▊        | 218/1194 [03:33<14:32,  1.12it/s]Evaluating raw model output:  18%|█▊        | 219/1194 [03:33<12:56,  1.26it/s]Evaluating raw model output:  18%|█▊        | 220/1194 [03:34<11:39,  1.39it/s]Evaluating raw model output:  19%|█▊        | 221/1194 [03:35<12:43,  1.27it/s]Evaluating raw model output:  19%|█▊        | 222/1194 [03:35<11:38,  1.39it/s]Evaluating raw model output:  19%|█▊        | 223/1194 [03:36<10:49,  1.49it/s]Evaluating raw model output:  19%|█▉        | 224/1194 [03:37<12:03,  1.34it/s]Evaluating raw model output:  19%|█▉        | 225/1194 [03:38<14:35,  1.11it/s]Evaluating raw model output:  19%|█▉        | 226/1194 [03:39<14:41,  1.10it/s]Evaluating raw model output:  19%|█▉        | 227/1194 [03:40<15:03,  1.07it/s]Evaluating raw model output:  19%|█▉        | 228/1194 [03:41<13:09,  1.22it/s]Evaluating raw model output:  19%|█▉        | 229/1194 [03:41<11:54,  1.35it/s]Evaluating raw model output:  19%|█▉        | 230/1194 [03:42<10:58,  1.46it/s]Evaluating raw model output:  19%|█▉        | 231/1194 [03:42<10:16,  1.56it/s]Evaluating raw model output:  19%|█▉        | 232/1194 [03:43<09:50,  1.63it/s]Evaluating raw model output:  20%|█▉        | 233/1194 [03:44<10:04,  1.59it/s]Evaluating raw model output:  20%|█▉        | 234/1194 [03:44<09:45,  1.64it/s]Evaluating raw model output:  20%|█▉        | 235/1194 [03:45<09:17,  1.72it/s]Evaluating raw model output:  20%|█▉        | 236/1194 [03:45<09:16,  1.72it/s]Evaluating raw model output:  20%|█▉        | 237/1194 [03:46<08:51,  1.80it/s]Evaluating raw model output:  20%|█▉        | 238/1194 [03:46<09:00,  1.77it/s]Evaluating raw model output:  20%|██        | 239/1194 [03:47<09:05,  1.75it/s]Evaluating raw model output:  20%|██        | 240/1194 [03:47<09:10,  1.73it/s]Evaluating raw model output:  20%|██        | 241/1194 [03:48<09:15,  1.72it/s]Evaluating raw model output:  20%|██        | 242/1194 [03:49<09:08,  1.74it/s]Evaluating raw model output:  20%|██        | 243/1194 [03:49<09:07,  1.74it/s]Evaluating raw model output:  20%|██        | 244/1194 [03:50<11:21,  1.39it/s]Evaluating raw model output:  21%|██        | 245/1194 [03:51<10:33,  1.50it/s]Evaluating raw model output:  21%|██        | 246/1194 [03:51<10:07,  1.56it/s]Evaluating raw model output:  21%|██        | 247/1194 [03:52<11:41,  1.35it/s]Evaluating raw model output:  21%|██        | 248/1194 [03:54<13:57,  1.13it/s]Evaluating raw model output:  21%|██        | 249/1194 [03:54<12:29,  1.26it/s]Evaluating raw model output:  21%|██        | 250/1194 [03:55<11:17,  1.39it/s]Evaluating raw model output:  21%|██        | 251/1194 [03:56<13:15,  1.19it/s]Evaluating raw model output:  21%|██        | 252/1194 [03:56<11:45,  1.33it/s]Evaluating raw model output:  21%|██        | 253/1194 [03:57<10:42,  1.46it/s]Evaluating raw model output:  21%|██▏       | 254/1194 [03:59<15:29,  1.01it/s]Evaluating raw model output:  21%|██▏       | 255/1194 [03:59<13:05,  1.19it/s]Evaluating raw model output:  21%|██▏       | 256/1194 [04:00<14:47,  1.06it/s]Evaluating raw model output:  22%|██▏       | 257/1194 [04:01<14:55,  1.05it/s]Evaluating raw model output:  22%|██▏       | 258/1194 [04:02<16:14,  1.04s/it]Evaluating raw model output:  22%|██▏       | 259/1194 [04:04<17:16,  1.11s/it]Evaluating raw model output:  22%|██▏       | 260/1194 [04:05<17:30,  1.13s/it]Evaluating raw model output:  22%|██▏       | 261/1194 [04:06<16:59,  1.09s/it]Evaluating raw model output:  22%|██▏       | 262/1194 [04:08<19:26,  1.25s/it]Evaluating raw model output:  22%|██▏       | 263/1194 [04:08<16:23,  1.06s/it]Evaluating raw model output:  22%|██▏       | 264/1194 [04:09<13:56,  1.11it/s]Evaluating raw model output:  22%|██▏       | 265/1194 [04:10<13:49,  1.12it/s]Evaluating raw model output:  22%|██▏       | 266/1194 [04:10<12:34,  1.23it/s]Evaluating raw model output:  22%|██▏       | 267/1194 [04:11<11:34,  1.33it/s]Evaluating raw model output:  22%|██▏       | 268/1194 [04:12<13:03,  1.18it/s]Evaluating raw model output:  23%|██▎       | 269/1194 [04:12<11:44,  1.31it/s]Evaluating raw model output:  23%|██▎       | 270/1194 [04:13<10:53,  1.41it/s]Evaluating raw model output:  23%|██▎       | 271/1194 [04:14<10:53,  1.41it/s]Evaluating raw model output:  23%|██▎       | 272/1194 [04:15<12:08,  1.27it/s]Evaluating raw model output:  23%|██▎       | 273/1194 [04:15<12:00,  1.28it/s]Evaluating raw model output:  23%|██▎       | 274/1194 [04:17<13:23,  1.15it/s]Evaluating raw model output:  23%|██▎       | 275/1194 [04:17<11:54,  1.29it/s]Evaluating raw model output:  23%|██▎       | 276/1194 [04:18<14:33,  1.05it/s]Evaluating raw model output:  23%|██▎       | 277/1194 [04:20<16:11,  1.06s/it]Evaluating raw model output:  23%|██▎       | 278/1194 [04:20<13:56,  1.10it/s]Evaluating raw model output:  23%|██▎       | 279/1194 [04:21<12:11,  1.25it/s]Evaluating raw model output:  23%|██▎       | 280/1194 [04:22<11:40,  1.31it/s]Evaluating raw model output:  24%|██▎       | 281/1194 [04:22<10:36,  1.44it/s]Evaluating raw model output:  24%|██▎       | 282/1194 [04:23<09:57,  1.53it/s]Evaluating raw model output:  24%|██▎       | 283/1194 [04:23<09:57,  1.52it/s]Evaluating raw model output:  24%|██▍       | 284/1194 [04:24<10:02,  1.51it/s]Evaluating raw model output:  24%|██▍       | 285/1194 [04:25<09:32,  1.59it/s]Evaluating raw model output:  24%|██▍       | 286/1194 [04:26<11:48,  1.28it/s]Evaluating raw model output:  24%|██▍       | 287/1194 [04:27<13:41,  1.10it/s]Evaluating raw model output:  24%|██▍       | 288/1194 [04:27<12:17,  1.23it/s]Evaluating raw model output:  24%|██▍       | 289/1194 [04:28<10:49,  1.39it/s]Evaluating raw model output:  24%|██▍       | 290/1194 [04:29<10:37,  1.42it/s]Evaluating raw model output:  24%|██▍       | 291/1194 [04:29<10:03,  1.50it/s]Evaluating raw model output:  24%|██▍       | 292/1194 [04:30<09:23,  1.60it/s]Evaluating raw model output:  25%|██▍       | 293/1194 [04:30<08:58,  1.67it/s]Evaluating raw model output:  25%|██▍       | 294/1194 [04:31<09:00,  1.67it/s]Evaluating raw model output:  25%|██▍       | 295/1194 [04:31<08:55,  1.68it/s]Evaluating raw model output:  25%|██▍       | 296/1194 [04:33<11:05,  1.35it/s]Evaluating raw model output:  25%|██▍       | 297/1194 [04:33<10:14,  1.46it/s]Evaluating raw model output:  25%|██▍       | 298/1194 [04:34<09:41,  1.54it/s]Evaluating raw model output:  25%|██▌       | 299/1194 [04:34<09:19,  1.60it/s]Evaluating raw model output:  25%|██▌       | 300/1194 [04:35<10:57,  1.36it/s]Evaluating raw model output:  25%|██▌       | 301/1194 [04:37<14:29,  1.03it/s]Evaluating raw model output:  25%|██▌       | 302/1194 [04:37<12:41,  1.17it/s]Evaluating raw model output:  25%|██▌       | 303/1194 [04:38<11:24,  1.30it/s]Evaluating raw model output:  25%|██▌       | 304/1194 [04:39<12:39,  1.17it/s]Evaluating raw model output:  26%|██▌       | 305/1194 [04:40<12:22,  1.20it/s]Evaluating raw model output:  26%|██▌       | 306/1194 [04:40<11:37,  1.27it/s]Evaluating raw model output:  26%|██▌       | 307/1194 [04:41<12:24,  1.19it/s]Evaluating raw model output:  26%|██▌       | 308/1194 [04:42<12:50,  1.15it/s]Evaluating raw model output:  26%|██▌       | 309/1194 [04:43<12:57,  1.14it/s]Evaluating raw model output:  26%|██▌       | 310/1194 [04:44<11:37,  1.27it/s]Evaluating raw model output:  26%|██▌       | 311/1194 [04:44<10:45,  1.37it/s]Evaluating raw model output:  26%|██▌       | 312/1194 [04:46<14:46,  1.00s/it]Evaluating raw model output:  26%|██▌       | 313/1194 [04:47<12:59,  1.13it/s]Evaluating raw model output:  26%|██▋       | 314/1194 [04:48<13:37,  1.08it/s]Evaluating raw model output:  26%|██▋       | 315/1194 [04:48<12:05,  1.21it/s]Evaluating raw model output:  26%|██▋       | 316/1194 [04:49<12:50,  1.14it/s]Evaluating raw model output:  27%|██▋       | 317/1194 [04:50<13:58,  1.05it/s]Evaluating raw model output:  27%|██▋       | 318/1194 [04:52<17:23,  1.19s/it]Evaluating raw model output:  27%|██▋       | 319/1194 [04:53<14:48,  1.02s/it]Evaluating raw model output:  27%|██▋       | 320/1194 [04:53<12:58,  1.12it/s]Evaluating raw model output:  27%|██▋       | 321/1194 [04:54<11:47,  1.23it/s]Evaluating raw model output:  27%|██▋       | 322/1194 [04:55<13:05,  1.11it/s]Evaluating raw model output:  27%|██▋       | 323/1194 [04:56<11:30,  1.26it/s]Evaluating raw model output:  27%|██▋       | 324/1194 [04:57<11:53,  1.22it/s]Evaluating raw model output:  27%|██▋       | 325/1194 [04:58<13:01,  1.11it/s]Evaluating raw model output:  27%|██▋       | 326/1194 [04:58<12:04,  1.20it/s]Evaluating raw model output:  27%|██▋       | 327/1194 [04:59<10:58,  1.32it/s]Evaluating raw model output:  27%|██▋       | 328/1194 [05:00<11:50,  1.22it/s]Evaluating raw model output:  28%|██▊       | 329/1194 [05:00<10:44,  1.34it/s]Evaluating raw model output:  28%|██▊       | 330/1194 [05:01<10:28,  1.37it/s]Evaluating raw model output:  28%|██▊       | 331/1194 [05:02<10:17,  1.40it/s]Evaluating raw model output:  28%|██▊       | 332/1194 [05:02<09:41,  1.48it/s]Evaluating raw model output:  28%|██▊       | 333/1194 [05:03<09:21,  1.53it/s]Evaluating raw model output:  28%|██▊       | 334/1194 [05:04<09:05,  1.58it/s]Evaluating raw model output:  28%|██▊       | 335/1194 [05:04<08:54,  1.61it/s]Evaluating raw model output:  28%|██▊       | 336/1194 [05:05<08:51,  1.62it/s]Evaluating raw model output:  28%|██▊       | 337/1194 [05:06<11:20,  1.26it/s]Evaluating raw model output:  28%|██▊       | 338/1194 [05:07<10:43,  1.33it/s]Evaluating raw model output:  28%|██▊       | 339/1194 [05:07<09:58,  1.43it/s]Evaluating raw model output:  28%|██▊       | 340/1194 [05:08<09:25,  1.51it/s]Evaluating raw model output:  29%|██▊       | 341/1194 [05:09<11:48,  1.20it/s]Evaluating raw model output:  29%|██▊       | 342/1194 [05:11<15:00,  1.06s/it]Evaluating raw model output:  29%|██▊       | 343/1194 [05:11<13:16,  1.07it/s]Evaluating raw model output:  29%|██▉       | 344/1194 [05:12<11:44,  1.21it/s]Evaluating raw model output:  29%|██▉       | 345/1194 [05:13<14:54,  1.05s/it]Evaluating raw model output:  29%|██▉       | 346/1194 [05:14<12:45,  1.11it/s]Evaluating raw model output:  29%|██▉       | 347/1194 [05:14<11:01,  1.28it/s]Evaluating raw model output:  29%|██▉       | 348/1194 [05:15<10:06,  1.39it/s]Evaluating raw model output:  29%|██▉       | 349/1194 [05:16<09:28,  1.49it/s]Evaluating raw model output:  29%|██▉       | 350/1194 [05:17<13:01,  1.08it/s]Evaluating raw model output:  29%|██▉       | 351/1194 [05:18<14:46,  1.05s/it]Evaluating raw model output:  29%|██▉       | 352/1194 [05:19<12:51,  1.09it/s]Evaluating raw model output:  30%|██▉       | 353/1194 [05:20<11:17,  1.24it/s]Evaluating raw model output:  30%|██▉       | 354/1194 [05:20<10:18,  1.36it/s]Evaluating raw model output:  30%|██▉       | 355/1194 [05:21<09:37,  1.45it/s]Evaluating raw model output:  30%|██▉       | 356/1194 [05:21<09:11,  1.52it/s]Evaluating raw model output:  30%|██▉       | 357/1194 [05:23<13:30,  1.03it/s]Evaluating raw model output:  30%|██▉       | 358/1194 [05:24<11:55,  1.17it/s]Evaluating raw model output:  30%|███       | 359/1194 [05:24<10:30,  1.32it/s]Evaluating raw model output:  30%|███       | 360/1194 [05:25<09:39,  1.44it/s]Evaluating raw model output:  30%|███       | 361/1194 [05:25<09:39,  1.44it/s]Evaluating raw model output:  30%|███       | 362/1194 [05:26<09:12,  1.51it/s]Evaluating raw model output:  30%|███       | 363/1194 [05:27<08:49,  1.57it/s]Evaluating raw model output:  30%|███       | 364/1194 [05:27<08:32,  1.62it/s]Evaluating raw model output:  31%|███       | 365/1194 [05:28<07:59,  1.73it/s]Evaluating raw model output:  31%|███       | 366/1194 [05:28<07:54,  1.74it/s]Evaluating raw model output:  31%|███       | 367/1194 [05:29<10:19,  1.34it/s]Evaluating raw model output:  31%|███       | 368/1194 [05:30<09:43,  1.42it/s]Evaluating raw model output:  31%|███       | 369/1194 [05:30<09:01,  1.52it/s]Evaluating raw model output:  31%|███       | 370/1194 [05:31<08:45,  1.57it/s]Evaluating raw model output:  31%|███       | 371/1194 [05:32<10:58,  1.25it/s]Evaluating raw model output:  31%|███       | 372/1194 [05:33<09:55,  1.38it/s]Evaluating raw model output:  31%|███       | 373/1194 [05:33<09:08,  1.50it/s]Evaluating raw model output:  31%|███▏      | 374/1194 [05:35<12:22,  1.10it/s]Evaluating raw model output:  31%|███▏      | 375/1194 [05:35<10:55,  1.25it/s]Evaluating raw model output:  31%|███▏      | 376/1194 [05:36<09:44,  1.40it/s]Evaluating raw model output:  32%|███▏      | 377/1194 [05:36<09:09,  1.49it/s]Evaluating raw model output:  32%|███▏      | 378/1194 [05:37<08:31,  1.60it/s]Evaluating raw model output:  32%|███▏      | 379/1194 [05:38<08:16,  1.64it/s]Evaluating raw model output:  32%|███▏      | 380/1194 [05:38<09:24,  1.44it/s]Evaluating raw model output:  32%|███▏      | 381/1194 [05:39<10:11,  1.33it/s]Evaluating raw model output:  32%|███▏      | 382/1194 [05:41<13:35,  1.00s/it]Evaluating raw model output:  32%|███▏      | 383/1194 [05:43<16:24,  1.21s/it]Evaluating raw model output:  32%|███▏      | 384/1194 [05:44<15:58,  1.18s/it]Evaluating raw model output:  32%|███▏      | 385/1194 [05:45<14:39,  1.09s/it]Evaluating raw model output:  32%|███▏      | 386/1194 [05:46<14:44,  1.09s/it]Evaluating raw model output:  32%|███▏      | 387/1194 [05:46<13:05,  1.03it/s]Evaluating raw model output:  32%|███▏      | 388/1194 [05:47<12:13,  1.10it/s]Evaluating raw model output:  33%|███▎      | 389/1194 [05:48<10:34,  1.27it/s]Evaluating raw model output:  33%|███▎      | 390/1194 [05:49<13:32,  1.01s/it]Evaluating raw model output:  33%|███▎      | 391/1194 [05:50<12:37,  1.06it/s]Evaluating raw model output:  33%|███▎      | 392/1194 [05:51<11:09,  1.20it/s]Evaluating raw model output:  33%|███▎      | 393/1194 [05:51<10:07,  1.32it/s]Evaluating raw model output:  33%|███▎      | 394/1194 [05:52<12:20,  1.08it/s]Evaluating raw model output:  33%|███▎      | 395/1194 [05:53<11:20,  1.17it/s]Evaluating raw model output:  33%|███▎      | 396/1194 [05:54<12:42,  1.05it/s]Evaluating raw model output:  33%|███▎      | 397/1194 [05:55<13:04,  1.02it/s]Evaluating raw model output:  33%|███▎      | 398/1194 [05:56<11:14,  1.18it/s]Evaluating raw model output:  33%|███▎      | 399/1194 [05:56<10:07,  1.31it/s]Evaluating raw model output:  34%|███▎      | 400/1194 [05:57<09:20,  1.42it/s]Evaluating raw model output:  34%|███▎      | 401/1194 [05:58<08:45,  1.51it/s]Evaluating raw model output:  34%|███▎      | 402/1194 [05:58<08:13,  1.60it/s]Evaluating raw model output:  34%|███▍      | 403/1194 [05:59<07:55,  1.66it/s]Evaluating raw model output:  34%|███▍      | 404/1194 [05:59<07:49,  1.68it/s]Evaluating raw model output:  34%|███▍      | 405/1194 [06:00<07:42,  1.71it/s]Evaluating raw model output:  34%|███▍      | 406/1194 [06:01<11:35,  1.13it/s]Evaluating raw model output:  34%|███▍      | 407/1194 [06:02<11:53,  1.10it/s]Evaluating raw model output:  34%|███▍      | 408/1194 [06:03<10:27,  1.25it/s]Evaluating raw model output:  34%|███▍      | 409/1194 [06:04<12:10,  1.07it/s]Evaluating raw model output:  34%|███▍      | 410/1194 [06:05<10:37,  1.23it/s]Evaluating raw model output:  34%|███▍      | 411/1194 [06:05<09:32,  1.37it/s]Evaluating raw model output:  35%|███▍      | 412/1194 [06:06<08:57,  1.46it/s]Evaluating raw model output:  35%|███▍      | 413/1194 [06:07<09:50,  1.32it/s]Evaluating raw model output:  35%|███▍      | 414/1194 [06:07<09:01,  1.44it/s]Evaluating raw model output:  35%|███▍      | 415/1194 [06:08<08:28,  1.53it/s]Evaluating raw model output:  35%|███▍      | 416/1194 [06:08<08:26,  1.54it/s]Evaluating raw model output:  35%|███▍      | 417/1194 [06:09<08:00,  1.62it/s]Evaluating raw model output:  35%|███▌      | 418/1194 [06:10<07:51,  1.65it/s]Evaluating raw model output:  35%|███▌      | 419/1194 [06:10<07:33,  1.71it/s]Evaluating raw model output:  35%|███▌      | 420/1194 [06:11<10:31,  1.23it/s]Evaluating raw model output:  35%|███▌      | 421/1194 [06:13<12:22,  1.04it/s]Evaluating raw model output:  35%|███▌      | 422/1194 [06:13<10:47,  1.19it/s]Evaluating raw model output:  35%|███▌      | 423/1194 [06:14<09:47,  1.31it/s]Evaluating raw model output:  36%|███▌      | 424/1194 [06:15<09:08,  1.40it/s]Evaluating raw model output:  36%|███▌      | 425/1194 [06:15<08:18,  1.54it/s]Evaluating raw model output:  36%|███▌      | 426/1194 [06:16<07:53,  1.62it/s]Evaluating raw model output:  36%|███▌      | 427/1194 [06:16<07:29,  1.71it/s]Evaluating raw model output:  36%|███▌      | 428/1194 [06:17<08:50,  1.44it/s]Evaluating raw model output:  36%|███▌      | 429/1194 [06:18<11:10,  1.14it/s]Evaluating raw model output:  36%|███▌      | 430/1194 [06:19<09:47,  1.30it/s]Evaluating raw model output:  36%|███▌      | 431/1194 [06:19<08:55,  1.42it/s]Evaluating raw model output:  36%|███▌      | 432/1194 [06:20<08:12,  1.55it/s]Evaluating raw model output:  36%|███▋      | 433/1194 [06:21<09:26,  1.34it/s]Evaluating raw model output:  36%|███▋      | 434/1194 [06:22<12:20,  1.03it/s]Evaluating raw model output:  36%|███▋      | 435/1194 [06:23<12:04,  1.05it/s]Evaluating raw model output:  37%|███▋      | 436/1194 [06:24<12:51,  1.02s/it]Evaluating raw model output:  37%|███▋      | 437/1194 [06:25<11:08,  1.13it/s]Evaluating raw model output:  37%|███▋      | 438/1194 [06:26<09:49,  1.28it/s]Evaluating raw model output:  37%|███▋      | 439/1194 [06:26<08:54,  1.41it/s]Evaluating raw model output:  37%|███▋      | 440/1194 [06:27<08:20,  1.51it/s]Evaluating raw model output:  37%|███▋      | 441/1194 [06:27<07:49,  1.60it/s]Evaluating raw model output:  37%|███▋      | 442/1194 [06:28<07:34,  1.65it/s]Evaluating raw model output:  37%|███▋      | 443/1194 [06:28<07:39,  1.64it/s]Evaluating raw model output:  37%|███▋      | 444/1194 [06:29<07:27,  1.68it/s]Evaluating raw model output:  37%|███▋      | 445/1194 [06:30<07:39,  1.63it/s]Evaluating raw model output:  37%|███▋      | 446/1194 [06:30<07:47,  1.60it/s]Evaluating raw model output:  37%|███▋      | 447/1194 [06:31<07:50,  1.59it/s]Evaluating raw model output:  38%|███▊      | 448/1194 [06:32<07:52,  1.58it/s]Evaluating raw model output:  38%|███▊      | 449/1194 [06:32<07:51,  1.58it/s]Evaluating raw model output:  38%|███▊      | 450/1194 [06:33<07:39,  1.62it/s]Evaluating raw model output:  38%|███▊      | 451/1194 [06:33<07:24,  1.67it/s]Evaluating raw model output:  38%|███▊      | 452/1194 [06:34<07:01,  1.76it/s]Evaluating raw model output:  38%|███▊      | 453/1194 [06:35<09:29,  1.30it/s]Evaluating raw model output:  38%|███▊      | 454/1194 [06:36<10:11,  1.21it/s]Evaluating raw model output:  38%|███▊      | 455/1194 [06:36<08:52,  1.39it/s]Evaluating raw model output:  38%|███▊      | 456/1194 [06:37<08:13,  1.50it/s]Evaluating raw model output:  38%|███▊      | 457/1194 [06:38<07:36,  1.62it/s]Evaluating raw model output:  38%|███▊      | 458/1194 [06:38<07:25,  1.65it/s]Evaluating raw model output:  38%|███▊      | 459/1194 [06:39<07:18,  1.68it/s]Evaluating raw model output:  39%|███▊      | 460/1194 [06:39<07:54,  1.55it/s]Evaluating raw model output:  39%|███▊      | 461/1194 [06:40<07:28,  1.63it/s]Evaluating raw model output:  39%|███▊      | 462/1194 [06:41<07:19,  1.66it/s]Evaluating raw model output:  39%|███▉      | 463/1194 [06:41<08:26,  1.44it/s]Evaluating raw model output:  39%|███▉      | 464/1194 [06:43<11:08,  1.09it/s]Evaluating raw model output:  39%|███▉      | 465/1194 [06:44<10:44,  1.13it/s]Evaluating raw model output:  39%|███▉      | 466/1194 [06:44<09:26,  1.29it/s]Evaluating raw model output:  39%|███▉      | 467/1194 [06:45<08:30,  1.43it/s]Evaluating raw model output:  39%|███▉      | 468/1194 [06:46<09:25,  1.28it/s]Evaluating raw model output:  39%|███▉      | 469/1194 [06:46<08:50,  1.37it/s]Evaluating raw model output:  39%|███▉      | 470/1194 [06:47<08:12,  1.47it/s]Evaluating raw model output:  39%|███▉      | 471/1194 [06:47<07:53,  1.53it/s]Evaluating raw model output:  40%|███▉      | 472/1194 [06:49<11:30,  1.05it/s]Evaluating raw model output:  40%|███▉      | 473/1194 [06:50<09:54,  1.21it/s]Evaluating raw model output:  40%|███▉      | 474/1194 [06:50<08:50,  1.36it/s]Evaluating raw model output:  40%|███▉      | 475/1194 [06:51<08:08,  1.47it/s]Evaluating raw model output:  40%|███▉      | 476/1194 [06:52<11:24,  1.05it/s]Evaluating raw model output:  40%|███▉      | 477/1194 [06:53<10:13,  1.17it/s]Evaluating raw model output:  40%|████      | 478/1194 [06:54<11:24,  1.05it/s]Evaluating raw model output:  40%|████      | 479/1194 [06:55<10:09,  1.17it/s]Evaluating raw model output:  40%|████      | 480/1194 [06:56<11:15,  1.06it/s]Evaluating raw model output:  40%|████      | 481/1194 [06:58<13:50,  1.16s/it]Evaluating raw model output:  40%|████      | 482/1194 [06:58<11:36,  1.02it/s]Evaluating raw model output:  40%|████      | 483/1194 [06:59<10:07,  1.17it/s]Evaluating raw model output:  41%|████      | 484/1194 [06:59<09:05,  1.30it/s]Evaluating raw model output:  41%|████      | 485/1194 [07:00<08:19,  1.42it/s]Evaluating raw model output:  41%|████      | 486/1194 [07:01<10:04,  1.17it/s]Evaluating raw model output:  41%|████      | 487/1194 [07:02<11:25,  1.03it/s]Evaluating raw model output:  41%|████      | 488/1194 [07:03<09:41,  1.22it/s]Evaluating raw model output:  41%|████      | 489/1194 [07:03<08:39,  1.36it/s]Evaluating raw model output:  41%|████      | 490/1194 [07:04<08:04,  1.45it/s]Evaluating raw model output:  41%|████      | 491/1194 [07:05<08:42,  1.35it/s]Evaluating raw model output:  41%|████      | 492/1194 [07:05<07:59,  1.47it/s]Evaluating raw model output:  41%|████▏     | 493/1194 [07:06<07:36,  1.54it/s]Evaluating raw model output:  41%|████▏     | 494/1194 [07:07<07:50,  1.49it/s]Evaluating raw model output:  41%|████▏     | 495/1194 [07:07<08:09,  1.43it/s]Evaluating raw model output:  42%|████▏     | 496/1194 [07:08<08:02,  1.45it/s]Evaluating raw model output:  42%|████▏     | 497/1194 [07:09<07:52,  1.48it/s]Evaluating raw model output:  42%|████▏     | 498/1194 [07:09<07:29,  1.55it/s]Evaluating raw model output:  42%|████▏     | 499/1194 [07:10<07:03,  1.64it/s]Evaluating raw model output:  42%|████▏     | 500/1194 [07:10<06:48,  1.70it/s]Evaluating raw model output:  42%|████▏     | 501/1194 [07:11<06:39,  1.73it/s]Evaluating raw model output:  42%|████▏     | 502/1194 [07:13<10:24,  1.11it/s]Evaluating raw model output:  42%|████▏     | 503/1194 [07:13<09:19,  1.24it/s]Evaluating raw model output:  42%|████▏     | 504/1194 [07:14<08:32,  1.35it/s]Evaluating raw model output:  42%|████▏     | 505/1194 [07:14<07:54,  1.45it/s]Evaluating raw model output:  42%|████▏     | 506/1194 [07:15<07:29,  1.53it/s]Evaluating raw model output:  42%|████▏     | 507/1194 [07:16<08:27,  1.35it/s]Evaluating raw model output:  43%|████▎     | 508/1194 [07:16<08:10,  1.40it/s]Evaluating raw model output:  43%|████▎     | 509/1194 [07:17<07:34,  1.51it/s]Evaluating raw model output:  43%|████▎     | 510/1194 [07:19<10:37,  1.07it/s]Evaluating raw model output:  43%|████▎     | 511/1194 [07:20<12:27,  1.09s/it]Evaluating raw model output:  43%|████▎     | 512/1194 [07:21<10:39,  1.07it/s]Evaluating raw model output:  43%|████▎     | 513/1194 [07:21<09:48,  1.16it/s]Evaluating raw model output:  43%|████▎     | 514/1194 [07:22<08:55,  1.27it/s]Evaluating raw model output:  43%|████▎     | 515/1194 [07:23<10:17,  1.10it/s]Evaluating raw model output:  43%|████▎     | 516/1194 [07:24<10:10,  1.11it/s]Evaluating raw model output:  43%|████▎     | 517/1194 [07:24<08:50,  1.28it/s]Evaluating raw model output:  43%|████▎     | 518/1194 [07:25<09:33,  1.18it/s]Evaluating raw model output:  43%|████▎     | 519/1194 [07:26<08:51,  1.27it/s]Evaluating raw model output:  44%|████▎     | 520/1194 [07:27<08:10,  1.37it/s]Evaluating raw model output:  44%|████▎     | 521/1194 [07:27<07:45,  1.45it/s]Evaluating raw model output:  44%|████▎     | 522/1194 [07:28<07:25,  1.51it/s]Evaluating raw model output:  44%|████▍     | 523/1194 [07:28<07:03,  1.58it/s]Evaluating raw model output:  44%|████▍     | 524/1194 [07:29<06:57,  1.60it/s]Evaluating raw model output:  44%|████▍     | 525/1194 [07:30<06:46,  1.65it/s]Evaluating raw model output:  44%|████▍     | 526/1194 [07:31<08:46,  1.27it/s]Evaluating raw model output:  44%|████▍     | 527/1194 [07:31<07:55,  1.40it/s]Evaluating raw model output:  44%|████▍     | 528/1194 [07:33<10:32,  1.05it/s]Evaluating raw model output:  44%|████▍     | 529/1194 [07:34<11:17,  1.02s/it]Evaluating raw model output:  44%|████▍     | 530/1194 [07:35<10:52,  1.02it/s]Evaluating raw model output:  44%|████▍     | 531/1194 [07:36<11:40,  1.06s/it]Evaluating raw model output:  45%|████▍     | 532/1194 [07:37<09:49,  1.12it/s]Evaluating raw model output:  45%|████▍     | 533/1194 [07:37<08:47,  1.25it/s]Evaluating raw model output:  45%|████▍     | 534/1194 [07:38<08:10,  1.35it/s]Evaluating raw model output:  45%|████▍     | 535/1194 [07:39<07:54,  1.39it/s]Evaluating raw model output:  45%|████▍     | 536/1194 [07:40<09:25,  1.16it/s]Evaluating raw model output:  45%|████▍     | 537/1194 [07:40<08:27,  1.29it/s]Evaluating raw model output:  45%|████▌     | 538/1194 [07:41<07:31,  1.45it/s]Evaluating raw model output:  45%|████▌     | 539/1194 [07:41<07:14,  1.51it/s]Evaluating raw model output:  45%|████▌     | 540/1194 [07:42<07:16,  1.50it/s]Evaluating raw model output:  45%|████▌     | 541/1194 [07:43<06:53,  1.58it/s]Evaluating raw model output:  45%|████▌     | 542/1194 [07:43<07:15,  1.50it/s]Evaluating raw model output:  45%|████▌     | 543/1194 [07:44<07:22,  1.47it/s]Evaluating raw model output:  46%|████▌     | 544/1194 [07:45<09:05,  1.19it/s]Evaluating raw model output:  46%|████▌     | 545/1194 [07:47<11:17,  1.04s/it]Evaluating raw model output:  46%|████▌     | 546/1194 [07:47<09:44,  1.11it/s]Evaluating raw model output:  46%|████▌     | 547/1194 [07:48<08:36,  1.25it/s]Evaluating raw model output:  46%|████▌     | 548/1194 [07:48<07:44,  1.39it/s]Evaluating raw model output:  46%|████▌     | 549/1194 [07:49<07:13,  1.49it/s]Evaluating raw model output:  46%|████▌     | 550/1194 [07:50<06:54,  1.55it/s]Evaluating raw model output:  46%|████▌     | 551/1194 [07:50<06:31,  1.64it/s]Evaluating raw model output:  46%|████▌     | 552/1194 [07:51<06:24,  1.67it/s]Evaluating raw model output:  46%|████▋     | 553/1194 [07:52<07:47,  1.37it/s]Evaluating raw model output:  46%|████▋     | 554/1194 [07:53<08:55,  1.19it/s]Evaluating raw model output:  46%|████▋     | 555/1194 [07:54<11:24,  1.07s/it]Evaluating raw model output:  47%|████▋     | 556/1194 [07:55<09:36,  1.11it/s]Evaluating raw model output:  47%|████▋     | 557/1194 [07:56<09:17,  1.14it/s]Evaluating raw model output:  47%|████▋     | 558/1194 [07:56<08:24,  1.26it/s]Evaluating raw model output:  47%|████▋     | 559/1194 [07:57<08:52,  1.19it/s]Evaluating raw model output:  47%|████▋     | 560/1194 [07:58<07:54,  1.34it/s]Evaluating raw model output:  47%|████▋     | 561/1194 [07:59<07:41,  1.37it/s]Evaluating raw model output:  47%|████▋     | 562/1194 [07:59<07:13,  1.46it/s]Evaluating raw model output:  47%|████▋     | 563/1194 [08:00<06:49,  1.54it/s]Evaluating raw model output:  47%|████▋     | 564/1194 [08:00<06:37,  1.58it/s]Evaluating raw model output:  47%|████▋     | 565/1194 [08:01<06:26,  1.63it/s]Evaluating raw model output:  47%|████▋     | 566/1194 [08:01<06:16,  1.67it/s]Evaluating raw model output:  47%|████▋     | 567/1194 [08:02<06:22,  1.64it/s]Evaluating raw model output:  48%|████▊     | 568/1194 [08:03<06:10,  1.69it/s]Evaluating raw model output:  48%|████▊     | 569/1194 [08:03<05:51,  1.78it/s]Evaluating raw model output:  48%|████▊     | 570/1194 [08:04<06:15,  1.66it/s]Evaluating raw model output:  48%|████▊     | 571/1194 [08:04<06:03,  1.71it/s]Evaluating raw model output:  48%|████▊     | 572/1194 [08:05<07:42,  1.35it/s]Evaluating raw model output:  48%|████▊     | 573/1194 [08:06<07:05,  1.46it/s]Evaluating raw model output:  48%|████▊     | 574/1194 [08:07<07:58,  1.29it/s]Evaluating raw model output:  48%|████▊     | 575/1194 [08:07<07:11,  1.44it/s]Evaluating raw model output:  48%|████▊     | 576/1194 [08:08<06:44,  1.53it/s]Evaluating raw model output:  48%|████▊     | 577/1194 [08:09<06:24,  1.61it/s]Evaluating raw model output:  48%|████▊     | 578/1194 [08:09<06:12,  1.65it/s]Evaluating raw model output:  48%|████▊     | 579/1194 [08:10<05:50,  1.76it/s]Evaluating raw model output:  49%|████▊     | 580/1194 [08:11<08:05,  1.26it/s]Evaluating raw model output:  49%|████▊     | 581/1194 [08:11<07:09,  1.43it/s]Evaluating raw model output:  49%|████▊     | 582/1194 [08:13<08:54,  1.14it/s]Evaluating raw model output:  49%|████▉     | 583/1194 [08:13<07:54,  1.29it/s]Evaluating raw model output:  49%|████▉     | 584/1194 [08:14<07:10,  1.42it/s]Evaluating raw model output:  49%|████▉     | 585/1194 [08:14<06:42,  1.51it/s]Evaluating raw model output:  49%|████▉     | 586/1194 [08:15<06:23,  1.59it/s]Evaluating raw model output:  49%|████▉     | 587/1194 [08:16<06:18,  1.60it/s]Evaluating raw model output:  49%|████▉     | 588/1194 [08:16<06:08,  1.65it/s]Evaluating raw model output:  49%|████▉     | 589/1194 [08:17<05:56,  1.70it/s]Evaluating raw model output:  49%|████▉     | 590/1194 [08:17<05:50,  1.72it/s]Evaluating raw model output:  49%|████▉     | 591/1194 [08:18<05:54,  1.70it/s]Evaluating raw model output:  50%|████▉     | 592/1194 [08:18<05:38,  1.78it/s]Evaluating raw model output:  50%|████▉     | 593/1194 [08:19<05:39,  1.77it/s]Evaluating raw model output:  50%|████▉     | 594/1194 [08:20<06:40,  1.50it/s]Evaluating raw model output:  50%|████▉     | 595/1194 [08:20<06:45,  1.48it/s]Evaluating raw model output:  50%|████▉     | 596/1194 [08:21<06:41,  1.49it/s]Evaluating raw model output:  50%|█████     | 597/1194 [08:22<06:37,  1.50it/s]Evaluating raw model output:  50%|█████     | 598/1194 [08:22<06:32,  1.52it/s]Evaluating raw model output:  50%|█████     | 599/1194 [08:23<06:06,  1.62it/s]Evaluating raw model output:  50%|█████     | 600/1194 [08:24<07:28,  1.32it/s]Evaluating raw model output:  50%|█████     | 601/1194 [08:25<06:52,  1.44it/s]Evaluating raw model output:  50%|█████     | 602/1194 [08:25<06:24,  1.54it/s]Evaluating raw model output:  51%|█████     | 603/1194 [08:26<06:03,  1.63it/s]Evaluating raw model output:  51%|█████     | 604/1194 [08:27<06:49,  1.44it/s]Evaluating raw model output:  51%|█████     | 605/1194 [08:27<06:23,  1.53it/s]Evaluating raw model output:  51%|█████     | 606/1194 [08:28<06:04,  1.61it/s]Evaluating raw model output:  51%|█████     | 607/1194 [08:29<08:08,  1.20it/s]Evaluating raw model output:  51%|█████     | 608/1194 [08:30<07:23,  1.32it/s]Evaluating raw model output:  51%|█████     | 609/1194 [08:30<06:35,  1.48it/s]Evaluating raw model output:  51%|█████     | 610/1194 [08:31<06:08,  1.58it/s]Evaluating raw model output:  51%|█████     | 611/1194 [08:31<05:53,  1.65it/s]Evaluating raw model output:  51%|█████▏    | 612/1194 [08:32<05:37,  1.73it/s]Evaluating raw model output:  51%|█████▏    | 613/1194 [08:32<05:31,  1.75it/s]Evaluating raw model output:  51%|█████▏    | 614/1194 [08:33<05:32,  1.74it/s]Evaluating raw model output:  52%|█████▏    | 615/1194 [08:33<05:19,  1.81it/s]Evaluating raw model output:  52%|█████▏    | 616/1194 [08:34<05:22,  1.79it/s]Evaluating raw model output:  52%|█████▏    | 617/1194 [08:35<05:40,  1.70it/s]Evaluating raw model output:  52%|█████▏    | 618/1194 [08:35<05:34,  1.72it/s]Evaluating raw model output:  52%|█████▏    | 619/1194 [08:36<05:27,  1.76it/s]Evaluating raw model output:  52%|█████▏    | 620/1194 [08:36<05:35,  1.71it/s]Evaluating raw model output:  52%|█████▏    | 621/1194 [08:37<05:29,  1.74it/s]Evaluating raw model output:  52%|█████▏    | 622/1194 [08:37<05:20,  1.78it/s]Evaluating raw model output:  52%|█████▏    | 623/1194 [08:38<05:13,  1.82it/s]Evaluating raw model output:  52%|█████▏    | 624/1194 [08:38<05:09,  1.84it/s]Evaluating raw model output:  52%|█████▏    | 625/1194 [08:39<05:08,  1.85it/s]Evaluating raw model output:  52%|█████▏    | 626/1194 [08:40<07:42,  1.23it/s]Evaluating raw model output:  53%|█████▎    | 627/1194 [08:41<06:51,  1.38it/s]Evaluating raw model output:  53%|█████▎    | 628/1194 [08:42<06:40,  1.41it/s]Evaluating raw model output:  53%|█████▎    | 629/1194 [08:42<06:10,  1.52it/s]Evaluating raw model output:  53%|█████▎    | 630/1194 [08:43<05:43,  1.64it/s]Evaluating raw model output:  53%|█████▎    | 631/1194 [08:43<05:28,  1.71it/s]Evaluating raw model output:  53%|█████▎    | 632/1194 [08:44<05:13,  1.79it/s]Evaluating raw model output:  53%|█████▎    | 633/1194 [08:44<05:08,  1.82it/s]Evaluating raw model output:  53%|█████▎    | 634/1194 [08:45<05:04,  1.84it/s]Evaluating raw model output:  53%|█████▎    | 635/1194 [08:45<04:58,  1.87it/s]Evaluating raw model output:  53%|█████▎    | 636/1194 [08:46<04:53,  1.90it/s]Evaluating raw model output:  53%|█████▎    | 637/1194 [08:46<04:54,  1.89it/s]Evaluating raw model output:  53%|█████▎    | 638/1194 [08:47<04:55,  1.88it/s]Evaluating raw model output:  54%|█████▎    | 639/1194 [08:47<04:50,  1.91it/s]Evaluating raw model output:  54%|█████▎    | 640/1194 [08:49<06:54,  1.34it/s]Evaluating raw model output:  54%|█████▎    | 641/1194 [08:49<06:18,  1.46it/s]Evaluating raw model output:  54%|█████▍    | 642/1194 [08:50<05:56,  1.55it/s]Evaluating raw model output:  54%|█████▍    | 643/1194 [08:51<07:31,  1.22it/s]Evaluating raw model output:  54%|█████▍    | 644/1194 [08:51<06:49,  1.34it/s]Evaluating raw model output:  54%|█████▍    | 645/1194 [08:52<06:22,  1.44it/s]Evaluating raw model output:  54%|█████▍    | 646/1194 [08:53<07:02,  1.30it/s]Evaluating raw model output:  54%|█████▍    | 647/1194 [08:54<07:34,  1.20it/s]Evaluating raw model output:  54%|█████▍    | 648/1194 [08:54<06:46,  1.34it/s]Evaluating raw model output:  54%|█████▍    | 649/1194 [08:55<06:08,  1.48it/s]Evaluating raw model output:  54%|█████▍    | 650/1194 [08:56<05:47,  1.56it/s]Evaluating raw model output:  55%|█████▍    | 651/1194 [08:56<06:38,  1.36it/s]Evaluating raw model output:  55%|█████▍    | 652/1194 [08:57<06:24,  1.41it/s]Evaluating raw model output:  55%|█████▍    | 653/1194 [08:58<06:21,  1.42it/s]Evaluating raw model output:  55%|█████▍    | 654/1194 [08:59<07:42,  1.17it/s]Evaluating raw model output:  55%|█████▍    | 655/1194 [09:00<07:07,  1.26it/s]Evaluating raw model output:  55%|█████▍    | 656/1194 [09:00<06:27,  1.39it/s]Evaluating raw model output:  55%|█████▌    | 657/1194 [09:01<05:57,  1.50it/s]Evaluating raw model output:  55%|█████▌    | 658/1194 [09:02<07:02,  1.27it/s]Evaluating raw model output:  55%|█████▌    | 659/1194 [09:02<06:28,  1.38it/s]Evaluating raw model output:  55%|█████▌    | 660/1194 [09:04<07:41,  1.16it/s]Evaluating raw model output:  55%|█████▌    | 661/1194 [09:04<06:49,  1.30it/s]Evaluating raw model output:  55%|█████▌    | 662/1194 [09:05<06:13,  1.42it/s]Evaluating raw model output:  56%|█████▌    | 663/1194 [09:06<06:41,  1.32it/s]Evaluating raw model output:  56%|█████▌    | 664/1194 [09:06<06:04,  1.45it/s]Evaluating raw model output:  56%|█████▌    | 665/1194 [09:07<05:42,  1.55it/s]Evaluating raw model output:  56%|█████▌    | 666/1194 [09:07<05:43,  1.54it/s]Evaluating raw model output:  56%|█████▌    | 667/1194 [09:08<06:15,  1.40it/s]Evaluating raw model output:  56%|█████▌    | 668/1194 [09:09<05:48,  1.51it/s]Evaluating raw model output:  56%|█████▌    | 669/1194 [09:09<05:21,  1.64it/s]Evaluating raw model output:  56%|█████▌    | 670/1194 [09:10<05:08,  1.70it/s]Evaluating raw model output:  56%|█████▌    | 671/1194 [09:10<05:06,  1.71it/s]Evaluating raw model output:  56%|█████▋    | 672/1194 [09:11<05:06,  1.71it/s]Evaluating raw model output:  56%|█████▋    | 673/1194 [09:11<05:01,  1.73it/s]Evaluating raw model output:  56%|█████▋    | 674/1194 [09:12<04:57,  1.75it/s]Evaluating raw model output:  57%|█████▋    | 675/1194 [09:13<04:47,  1.81it/s]Evaluating raw model output:  57%|█████▋    | 676/1194 [09:13<04:45,  1.81it/s]Evaluating raw model output:  57%|█████▋    | 677/1194 [09:14<05:43,  1.50it/s]Evaluating raw model output:  57%|█████▋    | 678/1194 [09:15<05:34,  1.54it/s]Evaluating raw model output:  57%|█████▋    | 679/1194 [09:16<06:13,  1.38it/s]Evaluating raw model output:  57%|█████▋    | 680/1194 [09:16<05:43,  1.50it/s]Evaluating raw model output:  57%|█████▋    | 681/1194 [09:17<05:16,  1.62it/s]Evaluating raw model output:  57%|█████▋    | 682/1194 [09:17<05:12,  1.64it/s]Evaluating raw model output:  57%|█████▋    | 683/1194 [09:18<05:00,  1.70it/s]Evaluating raw model output:  57%|█████▋    | 684/1194 [09:19<05:49,  1.46it/s]Evaluating raw model output:  57%|█████▋    | 685/1194 [09:19<05:43,  1.48it/s]Evaluating raw model output:  57%|█████▋    | 686/1194 [09:20<05:23,  1.57it/s]Evaluating raw model output:  58%|█████▊    | 687/1194 [09:21<06:40,  1.27it/s]Evaluating raw model output:  58%|█████▊    | 688/1194 [09:21<05:56,  1.42it/s]Evaluating raw model output:  58%|█████▊    | 689/1194 [09:22<05:29,  1.53it/s]Evaluating raw model output:  58%|█████▊    | 690/1194 [09:23<05:10,  1.62it/s]Evaluating raw model output:  58%|█████▊    | 691/1194 [09:23<05:14,  1.60it/s]Evaluating raw model output:  58%|█████▊    | 692/1194 [09:24<06:33,  1.28it/s]Evaluating raw model output:  58%|█████▊    | 693/1194 [09:25<05:52,  1.42it/s]Evaluating raw model output:  58%|█████▊    | 694/1194 [09:25<05:31,  1.51it/s]Evaluating raw model output:  58%|█████▊    | 695/1194 [09:26<05:16,  1.58it/s]Evaluating raw model output:  58%|█████▊    | 696/1194 [09:27<06:06,  1.36it/s]Evaluating raw model output:  58%|█████▊    | 697/1194 [09:28<05:37,  1.47it/s]Evaluating raw model output:  58%|█████▊    | 698/1194 [09:29<06:44,  1.23it/s]Evaluating raw model output:  59%|█████▊    | 699/1194 [09:29<06:08,  1.34it/s]Evaluating raw model output:  59%|█████▊    | 700/1194 [09:30<05:44,  1.44it/s]Evaluating raw model output:  59%|█████▊    | 701/1194 [09:30<05:26,  1.51it/s]Evaluating raw model output:  59%|█████▉    | 702/1194 [09:31<05:10,  1.58it/s]Evaluating raw model output:  59%|█████▉    | 703/1194 [09:32<07:17,  1.12it/s]Evaluating raw model output:  59%|█████▉    | 704/1194 [09:34<09:27,  1.16s/it]Evaluating raw model output:  59%|█████▉    | 705/1194 [09:35<08:19,  1.02s/it]Evaluating raw model output:  59%|█████▉    | 706/1194 [09:36<07:33,  1.08it/s]Evaluating raw model output:  59%|█████▉    | 707/1194 [09:37<09:01,  1.11s/it]Evaluating raw model output:  59%|█████▉    | 708/1194 [09:38<07:41,  1.05it/s]Evaluating raw model output:  59%|█████▉    | 709/1194 [09:38<06:46,  1.19it/s]Evaluating raw model output:  59%|█████▉    | 710/1194 [09:39<06:07,  1.32it/s]Evaluating raw model output:  60%|█████▉    | 711/1194 [09:40<06:47,  1.19it/s]Evaluating raw model output:  60%|█████▉    | 712/1194 [09:41<06:07,  1.31it/s]Evaluating raw model output:  60%|█████▉    | 713/1194 [09:41<05:39,  1.42it/s]Evaluating raw model output:  60%|█████▉    | 714/1194 [09:42<05:18,  1.51it/s]Evaluating raw model output:  60%|█████▉    | 715/1194 [09:42<05:05,  1.57it/s]Evaluating raw model output:  60%|█████▉    | 716/1194 [09:43<04:58,  1.60it/s]Evaluating raw model output:  60%|██████    | 717/1194 [09:44<05:11,  1.53it/s]Evaluating raw model output:  60%|██████    | 718/1194 [09:44<05:04,  1.57it/s]Evaluating raw model output:  60%|██████    | 719/1194 [09:46<07:53,  1.00it/s]Evaluating raw model output:  60%|██████    | 720/1194 [09:47<06:59,  1.13it/s]Evaluating raw model output:  60%|██████    | 721/1194 [09:47<06:15,  1.26it/s]Evaluating raw model output:  60%|██████    | 722/1194 [09:48<05:46,  1.36it/s]Evaluating raw model output:  61%|██████    | 723/1194 [09:49<06:55,  1.13it/s]Evaluating raw model output:  61%|██████    | 724/1194 [09:50<06:13,  1.26it/s]Evaluating raw model output:  61%|██████    | 725/1194 [09:50<05:50,  1.34it/s]Evaluating raw model output:  61%|██████    | 726/1194 [09:51<05:25,  1.44it/s]Evaluating raw model output:  61%|██████    | 727/1194 [09:51<05:23,  1.44it/s]Evaluating raw model output:  61%|██████    | 728/1194 [09:52<05:49,  1.33it/s]Evaluating raw model output:  61%|██████    | 729/1194 [09:53<05:27,  1.42it/s]Evaluating raw model output:  61%|██████    | 730/1194 [09:54<05:07,  1.51it/s]Evaluating raw model output:  61%|██████    | 731/1194 [09:54<04:57,  1.56it/s]Evaluating raw model output:  61%|██████▏   | 732/1194 [09:55<04:49,  1.59it/s]Evaluating raw model output:  61%|██████▏   | 733/1194 [09:56<06:41,  1.15it/s]Evaluating raw model output:  61%|██████▏   | 734/1194 [09:57<06:04,  1.26it/s]Evaluating raw model output:  62%|██████▏   | 735/1194 [09:57<05:32,  1.38it/s]Evaluating raw model output:  62%|██████▏   | 736/1194 [09:58<05:08,  1.49it/s]Evaluating raw model output:  62%|██████▏   | 737/1194 [09:58<04:55,  1.55it/s]Evaluating raw model output:  62%|██████▏   | 738/1194 [09:59<04:43,  1.61it/s]Evaluating raw model output:  62%|██████▏   | 739/1194 [10:00<04:31,  1.68it/s]Evaluating raw model output:  62%|██████▏   | 740/1194 [10:00<04:39,  1.62it/s]Evaluating raw model output:  62%|██████▏   | 741/1194 [10:01<05:20,  1.41it/s]Evaluating raw model output:  62%|██████▏   | 742/1194 [10:02<06:18,  1.19it/s]Evaluating raw model output:  62%|██████▏   | 743/1194 [10:04<07:45,  1.03s/it]Evaluating raw model output:  62%|██████▏   | 744/1194 [10:04<06:51,  1.09it/s]Evaluating raw model output:  62%|██████▏   | 745/1194 [10:05<06:08,  1.22it/s]Evaluating raw model output:  62%|██████▏   | 746/1194 [10:06<05:38,  1.32it/s]Evaluating raw model output:  63%|██████▎   | 747/1194 [10:06<05:10,  1.44it/s]Evaluating raw model output:  63%|██████▎   | 748/1194 [10:07<04:57,  1.50it/s]Evaluating raw model output:  63%|██████▎   | 749/1194 [10:07<04:44,  1.56it/s]Evaluating raw model output:  63%|██████▎   | 750/1194 [10:08<04:36,  1.61it/s]Evaluating raw model output:  63%|██████▎   | 751/1194 [10:09<05:27,  1.35it/s]Evaluating raw model output:  63%|██████▎   | 752/1194 [10:10<05:04,  1.45it/s]Evaluating raw model output:  63%|██████▎   | 753/1194 [10:10<04:49,  1.52it/s]Evaluating raw model output:  63%|██████▎   | 754/1194 [10:11<04:47,  1.53it/s]Evaluating raw model output:  63%|██████▎   | 755/1194 [10:12<04:58,  1.47it/s]Evaluating raw model output:  63%|██████▎   | 756/1194 [10:12<04:50,  1.51it/s]Evaluating raw model output:  63%|██████▎   | 757/1194 [10:13<04:54,  1.48it/s]Evaluating raw model output:  63%|██████▎   | 758/1194 [10:13<04:45,  1.53it/s]Evaluating raw model output:  64%|██████▎   | 759/1194 [10:14<04:33,  1.59it/s]Evaluating raw model output:  64%|██████▎   | 760/1194 [10:15<04:27,  1.62it/s]Evaluating raw model output:  64%|██████▎   | 761/1194 [10:16<05:09,  1.40it/s]Evaluating raw model output:  64%|██████▍   | 762/1194 [10:17<06:54,  1.04it/s]Evaluating raw model output:  64%|██████▍   | 763/1194 [10:18<06:06,  1.18it/s]Evaluating raw model output:  64%|██████▍   | 764/1194 [10:18<05:23,  1.33it/s]Evaluating raw model output:  64%|██████▍   | 765/1194 [10:19<04:55,  1.45it/s]Evaluating raw model output:  64%|██████▍   | 766/1194 [10:19<04:32,  1.57it/s]Evaluating raw model output:  64%|██████▍   | 767/1194 [10:20<04:17,  1.66it/s]Evaluating raw model output:  64%|██████▍   | 768/1194 [10:20<04:06,  1.73it/s]Evaluating raw model output:  64%|██████▍   | 769/1194 [10:21<04:01,  1.76it/s]Evaluating raw model output:  64%|██████▍   | 770/1194 [10:21<03:57,  1.78it/s]Evaluating raw model output:  65%|██████▍   | 771/1194 [10:22<03:52,  1.82it/s]Evaluating raw model output:  65%|██████▍   | 772/1194 [10:22<03:50,  1.83it/s]Evaluating raw model output:  65%|██████▍   | 773/1194 [10:24<04:58,  1.41it/s]Evaluating raw model output:  65%|██████▍   | 774/1194 [10:25<05:49,  1.20it/s]Evaluating raw model output:  65%|██████▍   | 775/1194 [10:25<05:07,  1.36it/s]Evaluating raw model output:  65%|██████▍   | 776/1194 [10:26<04:44,  1.47it/s]Evaluating raw model output:  65%|██████▌   | 777/1194 [10:27<06:10,  1.13it/s]Evaluating raw model output:  65%|██████▌   | 778/1194 [10:28<06:49,  1.02it/s]Evaluating raw model output:  65%|██████▌   | 779/1194 [10:29<05:55,  1.17it/s]Evaluating raw model output:  65%|██████▌   | 780/1194 [10:29<05:16,  1.31it/s]Evaluating raw model output:  65%|██████▌   | 781/1194 [10:30<04:50,  1.42it/s]Evaluating raw model output:  65%|██████▌   | 782/1194 [10:31<05:26,  1.26it/s]Evaluating raw model output:  66%|██████▌   | 783/1194 [10:32<05:09,  1.33it/s]Evaluating raw model output:  66%|██████▌   | 784/1194 [10:32<04:46,  1.43it/s]Evaluating raw model output:  66%|██████▌   | 785/1194 [10:33<04:23,  1.55it/s]Evaluating raw model output:  66%|██████▌   | 786/1194 [10:33<04:11,  1.62it/s]Evaluating raw model output:  66%|██████▌   | 787/1194 [10:34<03:57,  1.72it/s]Evaluating raw model output:  66%|██████▌   | 788/1194 [10:34<03:49,  1.77it/s]Evaluating raw model output:  66%|██████▌   | 789/1194 [10:35<03:44,  1.80it/s]Evaluating raw model output:  66%|██████▌   | 790/1194 [10:35<03:45,  1.79it/s]Evaluating raw model output:  66%|██████▌   | 791/1194 [10:36<03:44,  1.80it/s]Evaluating raw model output:  66%|██████▋   | 792/1194 [10:36<03:43,  1.80it/s]Evaluating raw model output:  66%|██████▋   | 793/1194 [10:37<03:39,  1.83it/s]Evaluating raw model output:  66%|██████▋   | 794/1194 [10:38<03:47,  1.76it/s]Evaluating raw model output:  67%|██████▋   | 795/1194 [10:38<03:55,  1.69it/s]Evaluating raw model output:  67%|██████▋   | 796/1194 [10:39<04:38,  1.43it/s]Evaluating raw model output:  67%|██████▋   | 797/1194 [10:40<04:34,  1.45it/s]Evaluating raw model output:  67%|██████▋   | 798/1194 [10:40<04:14,  1.56it/s]Evaluating raw model output:  67%|██████▋   | 799/1194 [10:41<04:05,  1.61it/s]Evaluating raw model output:  67%|██████▋   | 800/1194 [10:42<04:12,  1.56it/s]Evaluating raw model output:  67%|██████▋   | 801/1194 [10:42<04:09,  1.58it/s]Evaluating raw model output:  67%|██████▋   | 802/1194 [10:43<04:42,  1.39it/s]Evaluating raw model output:  67%|██████▋   | 803/1194 [10:44<04:25,  1.47it/s]Evaluating raw model output:  67%|██████▋   | 804/1194 [10:44<04:08,  1.57it/s]Evaluating raw model output:  67%|██████▋   | 805/1194 [10:45<04:02,  1.61it/s]Evaluating raw model output:  68%|██████▊   | 806/1194 [10:46<03:57,  1.64it/s]Evaluating raw model output:  68%|██████▊   | 807/1194 [10:46<03:54,  1.65it/s]Evaluating raw model output:  68%|██████▊   | 808/1194 [10:47<03:47,  1.70it/s]Evaluating raw model output:  68%|██████▊   | 809/1194 [10:48<04:43,  1.36it/s]Evaluating raw model output:  68%|██████▊   | 810/1194 [10:48<04:38,  1.38it/s]Evaluating raw model output:  68%|██████▊   | 811/1194 [10:49<04:37,  1.38it/s]Evaluating raw model output:  68%|██████▊   | 812/1194 [10:50<04:33,  1.40it/s]Evaluating raw model output:  68%|██████▊   | 813/1194 [10:50<04:19,  1.47it/s]Evaluating raw model output:  68%|██████▊   | 814/1194 [10:51<04:04,  1.55it/s]Evaluating raw model output:  68%|██████▊   | 815/1194 [10:52<04:58,  1.27it/s]Evaluating raw model output:  68%|██████▊   | 816/1194 [10:53<04:31,  1.39it/s]Evaluating raw model output:  68%|██████▊   | 817/1194 [10:53<04:13,  1.49it/s]Evaluating raw model output:  69%|██████▊   | 818/1194 [10:54<03:54,  1.60it/s]Evaluating raw model output:  69%|██████▊   | 819/1194 [10:55<05:37,  1.11it/s]Evaluating raw model output:  69%|██████▊   | 820/1194 [10:57<07:00,  1.12s/it]Evaluating raw model output:  69%|██████▉   | 821/1194 [10:58<05:57,  1.04it/s]Evaluating raw model output:  69%|██████▉   | 822/1194 [10:59<06:27,  1.04s/it]Evaluating raw model output:  69%|██████▉   | 823/1194 [10:59<05:35,  1.11it/s]Evaluating raw model output:  69%|██████▉   | 824/1194 [11:00<04:58,  1.24it/s]Evaluating raw model output:  69%|██████▉   | 825/1194 [11:01<04:30,  1.36it/s]Evaluating raw model output:  69%|██████▉   | 826/1194 [11:01<04:14,  1.45it/s]Evaluating raw model output:  69%|██████▉   | 827/1194 [11:02<04:01,  1.52it/s]Evaluating raw model output:  69%|██████▉   | 828/1194 [11:02<03:46,  1.61it/s]Evaluating raw model output:  69%|██████▉   | 829/1194 [11:03<03:36,  1.68it/s]Evaluating raw model output:  70%|██████▉   | 830/1194 [11:04<04:40,  1.30it/s]Evaluating raw model output:  70%|██████▉   | 831/1194 [11:05<05:14,  1.15it/s]Evaluating raw model output:  70%|██████▉   | 832/1194 [11:06<04:36,  1.31it/s]Evaluating raw model output:  70%|██████▉   | 833/1194 [11:06<04:14,  1.42it/s]Evaluating raw model output:  70%|██████▉   | 834/1194 [11:07<03:56,  1.52it/s]Evaluating raw model output:  70%|██████▉   | 835/1194 [11:08<04:49,  1.24it/s]Evaluating raw model output:  70%|███████   | 836/1194 [11:08<04:24,  1.35it/s]Evaluating raw model output:  70%|███████   | 837/1194 [11:09<04:04,  1.46it/s]Evaluating raw model output:  70%|███████   | 838/1194 [11:10<05:11,  1.14it/s]Evaluating raw model output:  70%|███████   | 839/1194 [11:11<05:14,  1.13it/s]Evaluating raw model output:  70%|███████   | 840/1194 [11:12<04:33,  1.29it/s]Evaluating raw model output:  70%|███████   | 841/1194 [11:12<04:10,  1.41it/s]Evaluating raw model output:  71%|███████   | 842/1194 [11:13<03:47,  1.54it/s]Evaluating raw model output:  71%|███████   | 843/1194 [11:13<03:35,  1.63it/s]Evaluating raw model output:  71%|███████   | 844/1194 [11:14<03:30,  1.67it/s]Evaluating raw model output:  71%|███████   | 845/1194 [11:14<03:32,  1.64it/s]Evaluating raw model output:  71%|███████   | 846/1194 [11:16<04:18,  1.35it/s]Evaluating raw model output:  71%|███████   | 847/1194 [11:16<04:36,  1.25it/s]Evaluating raw model output:  71%|███████   | 848/1194 [11:17<04:15,  1.35it/s]Evaluating raw model output:  71%|███████   | 849/1194 [11:18<04:22,  1.31it/s]Evaluating raw model output:  71%|███████   | 850/1194 [11:18<04:01,  1.43it/s]Evaluating raw model output:  71%|███████▏  | 851/1194 [11:19<03:41,  1.55it/s]Evaluating raw model output:  71%|███████▏  | 852/1194 [11:20<03:50,  1.49it/s]Evaluating raw model output:  71%|███████▏  | 853/1194 [11:20<03:50,  1.48it/s]Evaluating raw model output:  72%|███████▏  | 854/1194 [11:21<03:35,  1.58it/s]Evaluating raw model output:  72%|███████▏  | 855/1194 [11:22<03:42,  1.52it/s]Evaluating raw model output:  72%|███████▏  | 856/1194 [11:23<04:09,  1.35it/s]Evaluating raw model output:  72%|███████▏  | 857/1194 [11:23<03:52,  1.45it/s]Evaluating raw model output:  72%|███████▏  | 858/1194 [11:24<03:35,  1.56it/s]Evaluating raw model output:  72%|███████▏  | 859/1194 [11:24<03:19,  1.68it/s]Evaluating raw model output:  72%|███████▏  | 860/1194 [11:25<03:25,  1.63it/s]Evaluating raw model output:  72%|███████▏  | 861/1194 [11:25<03:23,  1.64it/s]Evaluating raw model output:  72%|███████▏  | 862/1194 [11:26<03:24,  1.62it/s]Evaluating raw model output:  72%|███████▏  | 863/1194 [11:27<03:27,  1.60it/s]Evaluating raw model output:  72%|███████▏  | 864/1194 [11:27<03:22,  1.63it/s]Evaluating raw model output:  72%|███████▏  | 865/1194 [11:28<03:56,  1.39it/s]Evaluating raw model output:  73%|███████▎  | 866/1194 [11:29<03:39,  1.49it/s]Evaluating raw model output:  73%|███████▎  | 867/1194 [11:30<04:07,  1.32it/s]Evaluating raw model output:  73%|███████▎  | 868/1194 [11:30<03:47,  1.43it/s]Evaluating raw model output:  73%|███████▎  | 869/1194 [11:31<03:33,  1.52it/s]Evaluating raw model output:  73%|███████▎  | 870/1194 [11:32<03:59,  1.35it/s]Evaluating raw model output:  73%|███████▎  | 871/1194 [11:32<03:44,  1.44it/s]Evaluating raw model output:  73%|███████▎  | 872/1194 [11:33<03:32,  1.52it/s]Evaluating raw model output:  73%|███████▎  | 873/1194 [11:34<03:26,  1.55it/s]Evaluating raw model output:  73%|███████▎  | 874/1194 [11:34<03:15,  1.64it/s]Evaluating raw model output:  73%|███████▎  | 875/1194 [11:35<03:10,  1.68it/s]Evaluating raw model output:  73%|███████▎  | 876/1194 [11:35<03:06,  1.71it/s]Evaluating raw model output:  73%|███████▎  | 877/1194 [11:36<03:03,  1.72it/s]Evaluating raw model output:  74%|███████▎  | 878/1194 [11:36<02:55,  1.80it/s]Evaluating raw model output:  74%|███████▎  | 879/1194 [11:37<02:55,  1.80it/s]Evaluating raw model output:  74%|███████▎  | 880/1194 [11:37<02:54,  1.80it/s]Evaluating raw model output:  74%|███████▍  | 881/1194 [11:38<03:27,  1.51it/s]Evaluating raw model output:  74%|███████▍  | 882/1194 [11:39<03:54,  1.33it/s]Evaluating raw model output:  74%|███████▍  | 883/1194 [11:40<04:08,  1.25it/s]Evaluating raw model output:  74%|███████▍  | 884/1194 [11:41<04:35,  1.12it/s]Evaluating raw model output:  74%|███████▍  | 885/1194 [11:42<04:48,  1.07it/s]Evaluating raw model output:  74%|███████▍  | 886/1194 [11:43<04:12,  1.22it/s]Evaluating raw model output:  74%|███████▍  | 887/1194 [11:44<04:35,  1.11it/s]Evaluating raw model output:  74%|███████▍  | 888/1194 [11:45<04:03,  1.26it/s]Evaluating raw model output:  74%|███████▍  | 889/1194 [11:46<05:28,  1.08s/it]Evaluating raw model output:  75%|███████▍  | 890/1194 [11:47<04:39,  1.09it/s]Evaluating raw model output:  75%|███████▍  | 891/1194 [11:47<04:06,  1.23it/s]Evaluating raw model output:  75%|███████▍  | 892/1194 [11:48<03:44,  1.34it/s]Evaluating raw model output:  75%|███████▍  | 893/1194 [11:49<04:34,  1.09it/s]Evaluating raw model output:  75%|███████▍  | 894/1194 [11:50<04:03,  1.23it/s]Evaluating raw model output:  75%|███████▍  | 895/1194 [11:51<05:04,  1.02s/it]Evaluating raw model output:  75%|███████▌  | 896/1194 [11:52<04:19,  1.15it/s]Evaluating raw model output:  75%|███████▌  | 897/1194 [11:53<04:38,  1.07it/s]Evaluating raw model output:  75%|███████▌  | 898/1194 [11:54<04:03,  1.22it/s]Evaluating raw model output:  75%|███████▌  | 899/1194 [11:55<04:44,  1.04it/s]Evaluating raw model output:  75%|███████▌  | 900/1194 [11:55<04:06,  1.19it/s]Evaluating raw model output:  75%|███████▌  | 901/1194 [11:56<03:52,  1.26it/s]Evaluating raw model output:  76%|███████▌  | 902/1194 [11:57<03:33,  1.37it/s]Evaluating raw model output:  76%|███████▌  | 903/1194 [11:57<03:19,  1.46it/s]Evaluating raw model output:  76%|███████▌  | 904/1194 [11:58<03:09,  1.53it/s]Evaluating raw model output:  76%|███████▌  | 905/1194 [11:58<03:03,  1.57it/s]Evaluating raw model output:  76%|███████▌  | 906/1194 [11:59<03:01,  1.59it/s]Evaluating raw model output:  76%|███████▌  | 907/1194 [12:00<02:57,  1.62it/s]Evaluating raw model output:  76%|███████▌  | 908/1194 [12:01<03:27,  1.38it/s]Evaluating raw model output:  76%|███████▌  | 909/1194 [12:01<03:19,  1.43it/s]Evaluating raw model output:  76%|███████▌  | 910/1194 [12:02<03:16,  1.44it/s]Evaluating raw model output:  76%|███████▋  | 911/1194 [12:03<03:20,  1.41it/s]Evaluating raw model output:  76%|███████▋  | 912/1194 [12:03<03:19,  1.41it/s]Evaluating raw model output:  76%|███████▋  | 913/1194 [12:04<03:21,  1.40it/s]Evaluating raw model output:  77%|███████▋  | 914/1194 [12:05<03:13,  1.45it/s]Evaluating raw model output:  77%|███████▋  | 915/1194 [12:05<03:05,  1.51it/s]Evaluating raw model output:  77%|███████▋  | 916/1194 [12:07<04:05,  1.13it/s]Evaluating raw model output:  77%|███████▋  | 917/1194 [12:07<03:41,  1.25it/s]Evaluating raw model output:  77%|███████▋  | 918/1194 [12:08<03:23,  1.35it/s]Evaluating raw model output:  77%|███████▋  | 919/1194 [12:09<03:14,  1.41it/s]Evaluating raw model output:  77%|███████▋  | 920/1194 [12:09<03:04,  1.48it/s]Evaluating raw model output:  77%|███████▋  | 921/1194 [12:10<03:29,  1.30it/s]Evaluating raw model output:  77%|███████▋  | 922/1194 [12:11<03:18,  1.37it/s]Evaluating raw model output:  77%|███████▋  | 923/1194 [12:11<03:06,  1.45it/s]Evaluating raw model output:  77%|███████▋  | 924/1194 [12:12<03:29,  1.29it/s]Evaluating raw model output:  77%|███████▋  | 925/1194 [12:13<03:08,  1.43it/s]Evaluating raw model output:  78%|███████▊  | 926/1194 [12:13<02:55,  1.53it/s]Evaluating raw model output:  78%|███████▊  | 927/1194 [12:14<02:45,  1.61it/s]Evaluating raw model output:  78%|███████▊  | 928/1194 [12:15<02:44,  1.61it/s]Evaluating raw model output:  78%|███████▊  | 929/1194 [12:15<02:44,  1.61it/s]Evaluating raw model output:  78%|███████▊  | 930/1194 [12:16<02:43,  1.62it/s]Evaluating raw model output:  78%|███████▊  | 931/1194 [12:16<02:41,  1.63it/s]Evaluating raw model output:  78%|███████▊  | 932/1194 [12:17<02:38,  1.65it/s]Evaluating raw model output:  78%|███████▊  | 933/1194 [12:18<02:35,  1.67it/s]Evaluating raw model output:  78%|███████▊  | 934/1194 [12:18<02:32,  1.70it/s]Evaluating raw model output:  78%|███████▊  | 935/1194 [12:19<02:32,  1.70it/s]Evaluating raw model output:  78%|███████▊  | 936/1194 [12:19<02:31,  1.70it/s]Evaluating raw model output:  78%|███████▊  | 937/1194 [12:20<02:30,  1.71it/s]Evaluating raw model output:  79%|███████▊  | 938/1194 [12:21<03:34,  1.19it/s]Evaluating raw model output:  79%|███████▊  | 939/1194 [12:22<03:19,  1.28it/s]Evaluating raw model output:  79%|███████▊  | 940/1194 [12:23<03:09,  1.34it/s]Evaluating raw model output:  79%|███████▉  | 941/1194 [12:23<02:56,  1.44it/s]Evaluating raw model output:  79%|███████▉  | 942/1194 [12:24<02:40,  1.57it/s]Evaluating raw model output:  79%|███████▉  | 943/1194 [12:25<03:02,  1.38it/s]Evaluating raw model output:  79%|███████▉  | 944/1194 [12:25<02:50,  1.47it/s]Evaluating raw model output:  79%|███████▉  | 945/1194 [12:26<02:39,  1.56it/s]Evaluating raw model output:  79%|███████▉  | 946/1194 [12:26<02:33,  1.62it/s]Evaluating raw model output:  79%|███████▉  | 947/1194 [12:27<02:29,  1.65it/s]Evaluating raw model output:  79%|███████▉  | 948/1194 [12:27<02:27,  1.67it/s]Evaluating raw model output:  79%|███████▉  | 949/1194 [12:29<03:17,  1.24it/s]Evaluating raw model output:  80%|███████▉  | 950/1194 [12:29<03:00,  1.35it/s]Evaluating raw model output:  80%|███████▉  | 951/1194 [12:30<02:48,  1.44it/s]Evaluating raw model output:  80%|███████▉  | 952/1194 [12:31<02:40,  1.51it/s]Evaluating raw model output:  80%|███████▉  | 953/1194 [12:31<02:31,  1.59it/s]Evaluating raw model output:  80%|███████▉  | 954/1194 [12:32<02:27,  1.63it/s]Evaluating raw model output:  80%|███████▉  | 955/1194 [12:32<02:24,  1.65it/s]Evaluating raw model output:  80%|████████  | 956/1194 [12:34<03:11,  1.24it/s]Evaluating raw model output:  80%|████████  | 957/1194 [12:34<02:57,  1.33it/s]Evaluating raw model output:  80%|████████  | 958/1194 [12:35<02:40,  1.47it/s]Evaluating raw model output:  80%|████████  | 959/1194 [12:36<02:56,  1.33it/s]Evaluating raw model output:  80%|████████  | 960/1194 [12:36<02:45,  1.42it/s]Evaluating raw model output:  80%|████████  | 961/1194 [12:37<02:35,  1.50it/s]Evaluating raw model output:  81%|████████  | 962/1194 [12:38<03:10,  1.22it/s]Evaluating raw model output:  81%|████████  | 963/1194 [12:39<03:11,  1.21it/s]Evaluating raw model output:  81%|████████  | 964/1194 [12:40<03:59,  1.04s/it]Evaluating raw model output:  81%|████████  | 965/1194 [12:41<03:31,  1.08it/s]Evaluating raw model output:  81%|████████  | 966/1194 [12:42<03:08,  1.21it/s]Evaluating raw model output:  81%|████████  | 967/1194 [12:42<02:50,  1.33it/s]Evaluating raw model output:  81%|████████  | 968/1194 [12:43<03:14,  1.16it/s]Evaluating raw model output:  81%|████████  | 969/1194 [12:44<02:56,  1.28it/s]Evaluating raw model output:  81%|████████  | 970/1194 [12:44<02:41,  1.39it/s]Evaluating raw model output:  81%|████████▏ | 971/1194 [12:45<02:31,  1.47it/s]Evaluating raw model output:  81%|████████▏ | 972/1194 [12:46<03:09,  1.17it/s]Evaluating raw model output:  81%|████████▏ | 973/1194 [12:47<02:51,  1.29it/s]Evaluating raw model output:  82%|████████▏ | 974/1194 [12:47<02:35,  1.41it/s]Evaluating raw model output:  82%|████████▏ | 975/1194 [12:48<02:26,  1.50it/s]Evaluating raw model output:  82%|████████▏ | 976/1194 [12:49<02:46,  1.31it/s]Evaluating raw model output:  82%|████████▏ | 977/1194 [12:50<02:34,  1.41it/s]Evaluating raw model output:  82%|████████▏ | 978/1194 [12:51<02:48,  1.28it/s]Evaluating raw model output:  82%|████████▏ | 979/1194 [12:51<02:40,  1.34it/s]Evaluating raw model output:  82%|████████▏ | 980/1194 [12:52<02:36,  1.37it/s]Evaluating raw model output:  82%|████████▏ | 981/1194 [12:52<02:25,  1.47it/s]Evaluating raw model output:  82%|████████▏ | 982/1194 [12:53<02:32,  1.39it/s]Evaluating raw model output:  82%|████████▏ | 983/1194 [12:54<02:22,  1.48it/s]Evaluating raw model output:  82%|████████▏ | 984/1194 [12:55<03:24,  1.03it/s]Evaluating raw model output:  82%|████████▏ | 985/1194 [12:56<02:56,  1.19it/s]Evaluating raw model output:  83%|████████▎ | 986/1194 [12:57<03:22,  1.03it/s]Evaluating raw model output:  83%|████████▎ | 987/1194 [12:58<02:56,  1.18it/s]Evaluating raw model output:  83%|████████▎ | 988/1194 [12:58<02:36,  1.31it/s]Evaluating raw model output:  83%|████████▎ | 989/1194 [12:59<02:25,  1.41it/s]Evaluating raw model output:  83%|████████▎ | 990/1194 [13:00<02:16,  1.50it/s]Evaluating raw model output:  83%|████████▎ | 991/1194 [13:00<02:10,  1.56it/s]Evaluating raw model output:  83%|████████▎ | 992/1194 [13:01<02:01,  1.66it/s]Evaluating raw model output:  83%|████████▎ | 993/1194 [13:01<02:00,  1.67it/s]Evaluating raw model output:  83%|████████▎ | 994/1194 [13:02<01:55,  1.73it/s]Evaluating raw model output:  83%|████████▎ | 995/1194 [13:02<01:54,  1.75it/s]Evaluating raw model output:  83%|████████▎ | 996/1194 [13:03<01:52,  1.76it/s]Evaluating raw model output:  84%|████████▎ | 997/1194 [13:04<02:22,  1.38it/s]Evaluating raw model output:  84%|████████▎ | 998/1194 [13:05<02:34,  1.27it/s]Evaluating raw model output:  84%|████████▎ | 999/1194 [13:05<02:19,  1.40it/s]Evaluating raw model output:  84%|████████▍ | 1000/1194 [13:06<02:09,  1.50it/s]Evaluating raw model output:  84%|████████▍ | 1001/1194 [13:07<01:59,  1.62it/s]Evaluating raw model output:  84%|████████▍ | 1002/1194 [13:07<01:55,  1.67it/s]Evaluating raw model output:  84%|████████▍ | 1003/1194 [13:08<02:13,  1.43it/s]Evaluating raw model output:  84%|████████▍ | 1004/1194 [13:09<02:04,  1.52it/s]Evaluating raw model output:  84%|████████▍ | 1005/1194 [13:09<01:58,  1.60it/s]Evaluating raw model output:  84%|████████▍ | 1006/1194 [13:10<01:53,  1.65it/s]Evaluating raw model output:  84%|████████▍ | 1007/1194 [13:10<01:50,  1.70it/s]Evaluating raw model output:  84%|████████▍ | 1008/1194 [13:11<02:09,  1.43it/s]Evaluating raw model output:  85%|████████▍ | 1009/1194 [13:12<02:02,  1.50it/s]Evaluating raw model output:  85%|████████▍ | 1010/1194 [13:12<01:56,  1.58it/s]Evaluating raw model output:  85%|████████▍ | 1011/1194 [13:13<02:08,  1.42it/s]Evaluating raw model output:  85%|████████▍ | 1012/1194 [13:14<01:57,  1.55it/s]Evaluating raw model output:  85%|████████▍ | 1013/1194 [13:15<02:13,  1.35it/s]Evaluating raw model output:  85%|████████▍ | 1014/1194 [13:15<02:11,  1.36it/s]Evaluating raw model output:  85%|████████▌ | 1015/1194 [13:16<02:08,  1.39it/s]Evaluating raw model output:  85%|████████▌ | 1016/1194 [13:17<02:07,  1.40it/s]Evaluating raw model output:  85%|████████▌ | 1017/1194 [13:18<02:37,  1.12it/s]Evaluating raw model output:  85%|████████▌ | 1018/1194 [13:19<02:20,  1.25it/s]Evaluating raw model output:  85%|████████▌ | 1019/1194 [13:19<02:06,  1.38it/s]Evaluating raw model output:  85%|████████▌ | 1020/1194 [13:20<01:58,  1.47it/s]Evaluating raw model output:  86%|████████▌ | 1021/1194 [13:20<01:51,  1.56it/s]Evaluating raw model output:  86%|████████▌ | 1022/1194 [13:21<01:43,  1.66it/s]Evaluating raw model output:  86%|████████▌ | 1023/1194 [13:21<01:38,  1.74it/s]Evaluating raw model output:  86%|████████▌ | 1024/1194 [13:22<01:37,  1.75it/s]Evaluating raw model output:  86%|████████▌ | 1025/1194 [13:23<01:36,  1.75it/s]Evaluating raw model output:  86%|████████▌ | 1026/1194 [13:23<01:35,  1.76it/s]Evaluating raw model output:  86%|████████▌ | 1027/1194 [13:24<02:07,  1.31it/s]Evaluating raw model output:  86%|████████▌ | 1028/1194 [13:25<02:11,  1.26it/s]Evaluating raw model output:  86%|████████▌ | 1029/1194 [13:26<01:53,  1.45it/s]Evaluating raw model output:  86%|████████▋ | 1030/1194 [13:26<01:41,  1.61it/s]Evaluating raw model output:  86%|████████▋ | 1031/1194 [13:27<01:35,  1.70it/s]Evaluating raw model output:  86%|████████▋ | 1032/1194 [13:27<01:31,  1.78it/s]Evaluating raw model output:  87%|████████▋ | 1033/1194 [13:28<01:25,  1.89it/s]Evaluating raw model output:  87%|████████▋ | 1034/1194 [13:28<01:29,  1.79it/s]Evaluating raw model output:  87%|████████▋ | 1035/1194 [13:29<01:31,  1.73it/s]Evaluating raw model output:  87%|████████▋ | 1036/1194 [13:30<01:46,  1.49it/s]Evaluating raw model output:  87%|████████▋ | 1037/1194 [13:30<01:45,  1.49it/s]Evaluating raw model output:  87%|████████▋ | 1038/1194 [13:31<01:38,  1.58it/s]Evaluating raw model output:  87%|████████▋ | 1039/1194 [13:31<01:31,  1.69it/s]Evaluating raw model output:  87%|████████▋ | 1040/1194 [13:32<01:30,  1.70it/s]Evaluating raw model output:  87%|████████▋ | 1041/1194 [13:33<01:46,  1.44it/s]Evaluating raw model output:  87%|████████▋ | 1042/1194 [13:34<01:57,  1.29it/s]Evaluating raw model output:  87%|████████▋ | 1043/1194 [13:35<02:05,  1.20it/s]Evaluating raw model output:  87%|████████▋ | 1044/1194 [13:35<01:54,  1.31it/s]Evaluating raw model output:  88%|████████▊ | 1045/1194 [13:37<02:10,  1.14it/s]Evaluating raw model output:  88%|████████▊ | 1046/1194 [13:37<01:55,  1.28it/s]Evaluating raw model output:  88%|████████▊ | 1047/1194 [13:38<02:17,  1.07it/s]Evaluating raw model output:  88%|████████▊ | 1048/1194 [13:39<02:04,  1.17it/s]Evaluating raw model output:  88%|████████▊ | 1049/1194 [13:40<01:50,  1.31it/s]Evaluating raw model output:  88%|████████▊ | 1050/1194 [13:40<01:38,  1.46it/s]Evaluating raw model output:  88%|████████▊ | 1051/1194 [13:41<01:32,  1.55it/s]Evaluating raw model output:  88%|████████▊ | 1052/1194 [13:41<01:27,  1.62it/s]Evaluating raw model output:  88%|████████▊ | 1053/1194 [13:42<01:23,  1.68it/s]Evaluating raw model output:  88%|████████▊ | 1054/1194 [13:42<01:21,  1.72it/s]Evaluating raw model output:  88%|████████▊ | 1055/1194 [13:43<01:19,  1.74it/s]Evaluating raw model output:  88%|████████▊ | 1056/1194 [13:43<01:18,  1.75it/s]Evaluating raw model output:  89%|████████▊ | 1057/1194 [13:44<01:18,  1.75it/s]Evaluating raw model output:  89%|████████▊ | 1058/1194 [13:45<01:16,  1.78it/s]Evaluating raw model output:  89%|████████▊ | 1059/1194 [13:45<01:19,  1.69it/s]Evaluating raw model output:  89%|████████▉ | 1060/1194 [13:46<01:15,  1.77it/s]Evaluating raw model output:  89%|████████▉ | 1061/1194 [13:47<01:32,  1.44it/s]Evaluating raw model output:  89%|████████▉ | 1062/1194 [13:47<01:26,  1.53it/s]Evaluating raw model output:  89%|████████▉ | 1063/1194 [13:49<01:51,  1.17it/s]Evaluating raw model output:  89%|████████▉ | 1064/1194 [13:49<01:41,  1.28it/s]Evaluating raw model output:  89%|████████▉ | 1065/1194 [13:50<01:31,  1.42it/s]Evaluating raw model output:  89%|████████▉ | 1066/1194 [13:51<01:41,  1.26it/s]Evaluating raw model output:  89%|████████▉ | 1067/1194 [13:51<01:36,  1.32it/s]Evaluating raw model output:  89%|████████▉ | 1068/1194 [13:52<01:33,  1.35it/s]Evaluating raw model output:  90%|████████▉ | 1069/1194 [13:53<01:30,  1.39it/s]Evaluating raw model output:  90%|████████▉ | 1070/1194 [13:53<01:28,  1.40it/s]Evaluating raw model output:  90%|████████▉ | 1071/1194 [13:54<01:26,  1.43it/s]Evaluating raw model output:  90%|████████▉ | 1072/1194 [13:55<01:21,  1.51it/s]Evaluating raw model output:  90%|████████▉ | 1073/1194 [13:55<01:16,  1.58it/s]Evaluating raw model output:  90%|████████▉ | 1074/1194 [13:56<01:12,  1.64it/s]Evaluating raw model output:  90%|█████████ | 1075/1194 [13:56<01:11,  1.67it/s]Evaluating raw model output:  90%|█████████ | 1076/1194 [13:58<01:47,  1.10it/s]Evaluating raw model output:  90%|█████████ | 1077/1194 [13:59<01:33,  1.25it/s]Evaluating raw model output:  90%|█████████ | 1078/1194 [13:59<01:24,  1.37it/s]Evaluating raw model output:  90%|█████████ | 1079/1194 [14:00<01:18,  1.46it/s]Evaluating raw model output:  90%|█████████ | 1080/1194 [14:00<01:12,  1.57it/s]Evaluating raw model output:  91%|█████████ | 1081/1194 [14:01<01:10,  1.61it/s]Evaluating raw model output:  91%|█████████ | 1082/1194 [14:02<01:28,  1.26it/s]Evaluating raw model output:  91%|█████████ | 1083/1194 [14:03<01:20,  1.38it/s]Evaluating raw model output:  91%|█████████ | 1084/1194 [14:04<01:26,  1.27it/s]Evaluating raw model output:  91%|█████████ | 1085/1194 [14:04<01:19,  1.38it/s]Evaluating raw model output:  91%|█████████ | 1086/1194 [14:05<01:32,  1.16it/s]Evaluating raw model output:  91%|█████████ | 1087/1194 [14:07<01:49,  1.02s/it]Evaluating raw model output:  91%|█████████ | 1088/1194 [14:07<01:33,  1.14it/s]Evaluating raw model output:  91%|█████████ | 1089/1194 [14:08<01:22,  1.28it/s]Evaluating raw model output:  91%|█████████▏| 1090/1194 [14:08<01:13,  1.41it/s]Evaluating raw model output:  91%|█████████▏| 1091/1194 [14:09<01:24,  1.22it/s]Evaluating raw model output:  91%|█████████▏| 1092/1194 [14:11<01:36,  1.06it/s]Evaluating raw model output:  92%|█████████▏| 1093/1194 [14:11<01:25,  1.19it/s]Evaluating raw model output:  92%|█████████▏| 1094/1194 [14:12<01:16,  1.30it/s]Evaluating raw model output:  92%|█████████▏| 1095/1194 [14:12<01:11,  1.39it/s]Evaluating raw model output:  92%|█████████▏| 1096/1194 [14:13<01:17,  1.26it/s]Evaluating raw model output:  92%|█████████▏| 1097/1194 [14:14<01:10,  1.39it/s]Evaluating raw model output:  92%|█████████▏| 1098/1194 [14:15<01:08,  1.40it/s]Evaluating raw model output:  92%|█████████▏| 1099/1194 [14:15<01:04,  1.48it/s]Evaluating raw model output:  92%|█████████▏| 1100/1194 [14:16<01:00,  1.54it/s]Evaluating raw model output:  92%|█████████▏| 1101/1194 [14:17<01:10,  1.32it/s]Evaluating raw model output:  92%|█████████▏| 1102/1194 [14:17<01:05,  1.41it/s]Evaluating raw model output:  92%|█████████▏| 1103/1194 [14:18<01:10,  1.29it/s]Evaluating raw model output:  92%|█████████▏| 1104/1194 [14:19<01:05,  1.38it/s]Evaluating raw model output:  93%|█████████▎| 1105/1194 [14:20<01:00,  1.47it/s]Evaluating raw model output:  93%|█████████▎| 1106/1194 [14:20<00:57,  1.52it/s]Evaluating raw model output:  93%|█████████▎| 1107/1194 [14:22<01:20,  1.08it/s]Evaluating raw model output:  93%|█████████▎| 1108/1194 [14:23<01:24,  1.02it/s]Evaluating raw model output:  93%|█████████▎| 1109/1194 [14:24<01:24,  1.00it/s]Evaluating raw model output:  93%|█████████▎| 1110/1194 [14:24<01:12,  1.16it/s]Evaluating raw model output:  93%|█████████▎| 1111/1194 [14:25<01:04,  1.29it/s]Evaluating raw model output:  93%|█████████▎| 1112/1194 [14:26<00:59,  1.37it/s]Evaluating raw model output:  93%|█████████▎| 1113/1194 [14:26<00:56,  1.44it/s]Evaluating raw model output:  93%|█████████▎| 1114/1194 [14:28<01:18,  1.02it/s]Evaluating raw model output:  93%|█████████▎| 1115/1194 [14:28<01:07,  1.16it/s]Evaluating raw model output:  93%|█████████▎| 1116/1194 [14:30<01:18,  1.00s/it]Evaluating raw model output:  94%|█████████▎| 1117/1194 [14:31<01:10,  1.09it/s]Evaluating raw model output:  94%|█████████▎| 1118/1194 [14:31<01:03,  1.19it/s]Evaluating raw model output:  94%|█████████▎| 1119/1194 [14:32<00:57,  1.31it/s]Evaluating raw model output:  94%|█████████▍| 1120/1194 [14:33<01:01,  1.20it/s]Evaluating raw model output:  94%|█████████▍| 1121/1194 [14:33<00:54,  1.34it/s]Evaluating raw model output:  94%|█████████▍| 1122/1194 [14:34<00:51,  1.40it/s]Evaluating raw model output:  94%|█████████▍| 1123/1194 [14:35<00:48,  1.47it/s]Evaluating raw model output:  94%|█████████▍| 1124/1194 [14:35<00:45,  1.54it/s]Evaluating raw model output:  94%|█████████▍| 1125/1194 [14:36<00:50,  1.36it/s]Evaluating raw model output:  94%|█████████▍| 1126/1194 [14:37<00:48,  1.40it/s]Evaluating raw model output:  94%|█████████▍| 1127/1194 [14:37<00:45,  1.49it/s]Evaluating raw model output:  94%|█████████▍| 1128/1194 [14:38<00:49,  1.34it/s]Evaluating raw model output:  95%|█████████▍| 1129/1194 [14:39<00:44,  1.47it/s]Evaluating raw model output:  95%|█████████▍| 1130/1194 [14:39<00:42,  1.52it/s]Evaluating raw model output:  95%|█████████▍| 1131/1194 [14:40<00:39,  1.60it/s]Evaluating raw model output:  95%|█████████▍| 1132/1194 [14:41<00:38,  1.59it/s]Evaluating raw model output:  95%|█████████▍| 1133/1194 [14:41<00:37,  1.62it/s]Evaluating raw model output:  95%|█████████▍| 1134/1194 [14:42<00:35,  1.70it/s]Evaluating raw model output:  95%|█████████▌| 1135/1194 [14:42<00:33,  1.75it/s]Evaluating raw model output:  95%|█████████▌| 1136/1194 [14:43<00:40,  1.42it/s]Evaluating raw model output:  95%|█████████▌| 1137/1194 [14:44<00:39,  1.46it/s]Evaluating raw model output:  95%|█████████▌| 1138/1194 [14:44<00:37,  1.51it/s]Evaluating raw model output:  95%|█████████▌| 1139/1194 [14:45<00:35,  1.55it/s]Evaluating raw model output:  95%|█████████▌| 1140/1194 [14:46<00:34,  1.57it/s]Evaluating raw model output:  96%|█████████▌| 1141/1194 [14:46<00:32,  1.65it/s]Evaluating raw model output:  96%|█████████▌| 1142/1194 [14:47<00:37,  1.39it/s]Evaluating raw model output:  96%|█████████▌| 1143/1194 [14:48<00:34,  1.47it/s]Evaluating raw model output:  96%|█████████▌| 1144/1194 [14:48<00:32,  1.55it/s]Evaluating raw model output:  96%|█████████▌| 1145/1194 [14:49<00:30,  1.61it/s]Evaluating raw model output:  96%|█████████▌| 1146/1194 [14:49<00:29,  1.64it/s]Evaluating raw model output:  96%|█████████▌| 1147/1194 [14:50<00:27,  1.69it/s]Evaluating raw model output:  96%|█████████▌| 1148/1194 [14:51<00:27,  1.67it/s]Evaluating raw model output:  96%|█████████▌| 1149/1194 [14:51<00:27,  1.65it/s]Evaluating raw model output:  96%|█████████▋| 1150/1194 [14:52<00:26,  1.63it/s]Evaluating raw model output:  96%|█████████▋| 1151/1194 [14:53<00:34,  1.24it/s]Evaluating raw model output:  96%|█████████▋| 1152/1194 [14:54<00:31,  1.35it/s]Evaluating raw model output:  97%|█████████▋| 1153/1194 [14:54<00:28,  1.43it/s]Evaluating raw model output:  97%|█████████▋| 1154/1194 [14:55<00:26,  1.51it/s]Evaluating raw model output:  97%|█████████▋| 1155/1194 [14:56<00:24,  1.56it/s]Evaluating raw model output:  97%|█████████▋| 1156/1194 [14:56<00:23,  1.64it/s]Evaluating raw model output:  97%|█████████▋| 1157/1194 [14:57<00:22,  1.66it/s]Evaluating raw model output:  97%|█████████▋| 1158/1194 [14:58<00:25,  1.40it/s]Evaluating raw model output:  97%|█████████▋| 1159/1194 [14:58<00:23,  1.51it/s]Evaluating raw model output:  97%|█████████▋| 1160/1194 [14:59<00:21,  1.60it/s]Evaluating raw model output:  97%|█████████▋| 1161/1194 [15:00<00:26,  1.24it/s]Evaluating raw model output:  97%|█████████▋| 1162/1194 [15:00<00:22,  1.40it/s]Evaluating raw model output:  97%|█████████▋| 1163/1194 [15:01<00:20,  1.51it/s]Evaluating raw model output:  97%|█████████▋| 1164/1194 [15:01<00:18,  1.65it/s]Evaluating raw model output:  98%|█████████▊| 1165/1194 [15:02<00:17,  1.69it/s]Evaluating raw model output:  98%|█████████▊| 1166/1194 [15:03<00:19,  1.42it/s]Evaluating raw model output:  98%|█████████▊| 1167/1194 [15:04<00:17,  1.52it/s]Evaluating raw model output:  98%|█████████▊| 1168/1194 [15:04<00:16,  1.60it/s]Evaluating raw model output:  98%|█████████▊| 1169/1194 [15:05<00:19,  1.25it/s]Evaluating raw model output:  98%|█████████▊| 1170/1194 [15:06<00:21,  1.14it/s]Evaluating raw model output:  98%|█████████▊| 1171/1194 [15:07<00:21,  1.05it/s]Evaluating raw model output:  98%|█████████▊| 1172/1194 [15:08<00:19,  1.16it/s]Evaluating raw model output:  98%|█████████▊| 1173/1194 [15:09<00:16,  1.29it/s]Evaluating raw model output:  98%|█████████▊| 1174/1194 [15:09<00:14,  1.38it/s]Evaluating raw model output:  98%|█████████▊| 1175/1194 [15:10<00:12,  1.48it/s]Evaluating raw model output:  98%|█████████▊| 1176/1194 [15:10<00:11,  1.60it/s]Evaluating raw model output:  99%|█████████▊| 1177/1194 [15:12<00:13,  1.27it/s]Evaluating raw model output:  99%|█████████▊| 1178/1194 [15:12<00:11,  1.36it/s]Evaluating raw model output:  99%|█████████▊| 1179/1194 [15:13<00:13,  1.12it/s]Evaluating raw model output:  99%|█████████▉| 1180/1194 [15:14<00:11,  1.27it/s]Evaluating raw model output:  99%|█████████▉| 1181/1194 [15:15<00:09,  1.38it/s]Evaluating raw model output:  99%|█████████▉| 1182/1194 [15:15<00:07,  1.53it/s]Evaluating raw model output:  99%|█████████▉| 1183/1194 [15:16<00:07,  1.53it/s]Evaluating raw model output:  99%|█████████▉| 1184/1194 [15:16<00:06,  1.61it/s]Evaluating raw model output:  99%|█████████▉| 1185/1194 [15:17<00:05,  1.70it/s]Evaluating raw model output:  99%|█████████▉| 1186/1194 [15:17<00:04,  1.76it/s]Evaluating raw model output:  99%|█████████▉| 1187/1194 [15:18<00:05,  1.37it/s]Evaluating raw model output:  99%|█████████▉| 1188/1194 [15:19<00:04,  1.49it/s]Evaluating raw model output: 100%|█████████▉| 1189/1194 [15:20<00:03,  1.34it/s]Evaluating raw model output: 100%|█████████▉| 1190/1194 [15:20<00:02,  1.46it/s]Evaluating raw model output: 100%|█████████▉| 1191/1194 [15:21<00:01,  1.53it/s]Evaluating raw model output: 100%|█████████▉| 1192/1194 [15:21<00:01,  1.59it/s]Evaluating raw model output: 100%|█████████▉| 1193/1194 [15:22<00:00,  1.59it/s]Evaluating raw model output: 100%|██████████| 1194/1194 [15:23<00:00,  1.43it/s]Evaluating raw model output: 100%|██████████| 1194/1194 [15:23<00:00,  1.29it/s]

==================== 原始模型结果（无校准） ====================
Unseen mAP: 26.36
============================================================
The mAP is 30.68, rare: 28.44, none-rare: 31.34,
>>> zero-shot setting(unseen_verb!!)
full mAP: 30.68 unseen: 26.36 seen: 31.38
[Checkpoint] Removed old checkpoint: /root/autodl-tmp/Lain/reviewer_revision/14_uv_lain_matched_seed66/checkpoints/ckpt_17776_04.pt
==> Iteration 22500 | Interaction Loss: 1.1389
Epoch [6/20], Iter. [0280/4444], Loss: 1.1905, Time/iter[Data/Train/Total]: [0.003s/2.032s/2.035s], Window[Data/Train]: [1.67s/1015.88s], Remain: 2:21:14.142406
==> Iteration 23000 | Interaction Loss: 1.1477
Epoch [6/20], Iter. [0780/4444], Loss: 1.1973, Time/iter[Data/Train/Total]: [0.002s/1.984s/1.986s], Window[Data/Train]: [0.97s/992.14s], Remain: 2:01:17.560381
==> Iteration 23500 | Interaction Loss: 1.0490
Epoch [6/20], Iter. [1280/4444], Loss: 1.2003, Time/iter[Data/Train/Total]: [0.002s/1.941s/1.943s], Window[Data/Train]: [0.95s/970.48s], Remain: 1:42:27.255769
==> Iteration 24000 | Interaction Loss: 1.3864
Epoch [6/20], Iter. [1780/4444], Loss: 1.1918, Time/iter[Data/Train/Total]: [0.002s/1.950s/1.952s], Window[Data/Train]: [0.96s/975.10s], Remain: 1:26:40.444608
==> Iteration 24500 | Interaction Loss: 0.6975
Epoch [6/20], Iter. [2280/4444], Loss: 1.2028, Time/iter[Data/Train/Total]: [0.002s/1.944s/1.946s], Window[Data/Train]: [0.95s/971.98s], Remain: 1:10:10.837006
==> Iteration 25000 | Interaction Loss: 1.3054
Epoch [6/20], Iter. [2780/4444], Loss: 1.1990, Time/iter[Data/Train/Total]: [0.002s/1.948s/1.950s], Window[Data/Train]: [0.97s/973.94s], Remain: 0:54:04.488276
==> Iteration 25500 | Interaction Loss: 1.4075
Epoch [6/20], Iter. [3280/4444], Loss: 1.1795, Time/iter[Data/Train/Total]: [0.002s/1.933s/1.935s], Window[Data/Train]: [0.93s/966.64s], Remain: 0:37:32.521664
==> Iteration 26000 | Interaction Loss: 1.5082
Epoch [6/20], Iter. [3780/4444], Loss: 1.1826, Time/iter[Data/Train/Total]: [0.002s/1.962s/1.964s], Window[Data/Train]: [0.93s/980.90s], Remain: 0:21:43.869981
==> Iteration 26500 | Interaction Loss: 1.0557
Epoch [6/20], Iter. [4280/4444], Loss: 1.1862, Time/iter[Data/Train/Total]: [0.002s/1.942s/1.943s], Window[Data/Train]: [0.95s/970.78s], Remain: 0:05:18.728691
Evaluating raw model output:   0%|          | 0/1194 [00:00<?, ?it/s]Evaluating raw model output:   0%|          | 1/1194 [00:03<1:12:05,  3.63s/it]Evaluating raw model output:   0%|          | 2/1194 [00:05<50:12,  2.53s/it]  Evaluating raw model output:   0%|          | 3/1194 [00:06<41:39,  2.10s/it]Evaluating raw model output:   0%|          | 4/1194 [00:07<30:01,  1.51s/it]Evaluating raw model output:   0%|          | 5/1194 [00:08<28:00,  1.41s/it]Evaluating raw model output:   1%|          | 6/1194 [00:10<30:12,  1.53s/it]Evaluating raw model output:   1%|          | 7/1194 [00:12<30:20,  1.53s/it]Evaluating raw model output:   1%|          | 8/1194 [00:13<28:24,  1.44s/it]Evaluating raw model output:   1%|          | 9/1194 [00:13<22:46,  1.15s/it]Evaluating raw model output:   1%|          | 10/1194 [00:14<18:52,  1.05it/s]Evaluating raw model output:   1%|          | 11/1194 [00:15<21:05,  1.07s/it]Evaluating raw model output:   1%|          | 12/1194 [00:16<17:44,  1.11it/s]Evaluating raw model output:   1%|          | 13/1194 [00:16<16:04,  1.22it/s]Evaluating raw model output:   1%|          | 14/1194 [00:18<19:28,  1.01it/s]Evaluating raw model output:   1%|▏         | 15/1194 [00:18<17:23,  1.13it/s]Evaluating raw model output:   1%|▏         | 16/1194 [00:20<19:31,  1.01it/s]Evaluating raw model output:   1%|▏         | 17/1194 [00:21<22:15,  1.13s/it]Evaluating raw model output:   2%|▏         | 18/1194 [00:22<22:28,  1.15s/it]Evaluating raw model output:   2%|▏         | 19/1194 [00:24<25:16,  1.29s/it]Evaluating raw model output:   2%|▏         | 20/1194 [00:25<23:32,  1.20s/it]Evaluating raw model output:   2%|▏         | 21/1194 [00:25<19:25,  1.01it/s]Evaluating raw model output:   2%|▏         | 22/1194 [00:26<16:49,  1.16it/s]Evaluating raw model output:   2%|▏         | 23/1194 [00:27<15:08,  1.29it/s]Evaluating raw model output:   2%|▏         | 24/1194 [00:27<13:51,  1.41it/s]Evaluating raw model output:   2%|▏         | 25/1194 [00:29<19:33,  1.00s/it]Evaluating raw model output:   2%|▏         | 26/1194 [00:29<17:37,  1.10it/s]Evaluating raw model output:   2%|▏         | 27/1194 [00:31<22:12,  1.14s/it]Evaluating raw model output:   2%|▏         | 28/1194 [00:33<24:00,  1.24s/it]Evaluating raw model output:   2%|▏         | 29/1194 [00:33<20:46,  1.07s/it]Evaluating raw model output:   3%|▎         | 30/1194 [00:34<17:35,  1.10it/s]Evaluating raw model output:   3%|▎         | 31/1194 [00:35<19:16,  1.01it/s]Evaluating raw model output:   3%|▎         | 32/1194 [00:37<22:58,  1.19s/it]Evaluating raw model output:   3%|▎         | 33/1194 [00:38<22:03,  1.14s/it]Evaluating raw model output:   3%|▎         | 34/1194 [00:38<18:45,  1.03it/s]Evaluating raw model output:   3%|▎         | 35/1194 [00:40<21:22,  1.11s/it]Evaluating raw model output:   3%|▎         | 36/1194 [00:41<24:25,  1.27s/it]Evaluating raw model output:   3%|▎         | 37/1194 [00:42<20:26,  1.06s/it]Evaluating raw model output:   3%|▎         | 38/1194 [00:43<18:51,  1.02it/s]Evaluating raw model output:   3%|▎         | 39/1194 [00:43<17:01,  1.13it/s]Evaluating raw model output:   3%|▎         | 40/1194 [00:45<22:01,  1.14s/it]Evaluating raw model output:   3%|▎         | 41/1194 [00:46<20:16,  1.06s/it]Evaluating raw model output:   4%|▎         | 42/1194 [00:47<20:31,  1.07s/it]Evaluating raw model output:   4%|▎         | 43/1194 [00:48<19:48,  1.03s/it]Evaluating raw model output:   4%|▎         | 44/1194 [00:49<17:34,  1.09it/s]Evaluating raw model output:   4%|▍         | 45/1194 [00:49<15:04,  1.27it/s]Evaluating raw model output:   4%|▍         | 46/1194 [00:50<17:52,  1.07it/s]Evaluating raw model output:   4%|▍         | 47/1194 [00:51<15:36,  1.23it/s]Evaluating raw model output:   4%|▍         | 48/1194 [00:51<14:03,  1.36it/s]Evaluating raw model output:   4%|▍         | 49/1194 [00:53<19:39,  1.03s/it]Evaluating raw model output:   4%|▍         | 50/1194 [00:54<16:35,  1.15it/s]Evaluating raw model output:   4%|▍         | 51/1194 [00:54<14:40,  1.30it/s]Evaluating raw model output:   4%|▍         | 52/1194 [00:55<13:29,  1.41it/s]Evaluating raw model output:   4%|▍         | 53/1194 [00:56<17:38,  1.08it/s]Evaluating raw model output:   5%|▍         | 54/1194 [00:57<17:33,  1.08it/s]Evaluating raw model output:   5%|▍         | 55/1194 [00:58<15:16,  1.24it/s]Evaluating raw model output:   5%|▍         | 56/1194 [00:58<15:10,  1.25it/s]Evaluating raw model output:   5%|▍         | 57/1194 [01:00<18:09,  1.04it/s]Evaluating raw model output:   5%|▍         | 58/1194 [01:01<20:17,  1.07s/it]Evaluating raw model output:   5%|▍         | 59/1194 [01:02<17:25,  1.09it/s]Evaluating raw model output:   5%|▌         | 60/1194 [01:03<21:47,  1.15s/it]Evaluating raw model output:   5%|▌         | 61/1194 [01:04<20:42,  1.10s/it]Evaluating raw model output:   5%|▌         | 62/1194 [01:05<17:58,  1.05it/s]Evaluating raw model output:   5%|▌         | 63/1194 [01:06<18:14,  1.03it/s]Evaluating raw model output:   5%|▌         | 64/1194 [01:07<16:30,  1.14it/s]Evaluating raw model output:   5%|▌         | 65/1194 [01:08<20:32,  1.09s/it]Evaluating raw model output:   6%|▌         | 66/1194 [01:10<23:20,  1.24s/it]Evaluating raw model output:   6%|▌         | 67/1194 [01:10<19:23,  1.03s/it]Evaluating raw model output:   6%|▌         | 68/1194 [01:12<21:34,  1.15s/it]Evaluating raw model output:   6%|▌         | 69/1194 [01:12<18:23,  1.02it/s]Evaluating raw model output:   6%|▌         | 70/1194 [01:13<16:00,  1.17it/s]Evaluating raw model output:   6%|▌         | 71/1194 [01:14<17:50,  1.05it/s]Evaluating raw model output:   6%|▌         | 72/1194 [01:15<15:41,  1.19it/s]Evaluating raw model output:   6%|▌         | 73/1194 [01:15<14:18,  1.31it/s]Evaluating raw model output:   6%|▌         | 74/1194 [01:16<13:14,  1.41it/s]Evaluating raw model output:   6%|▋         | 75/1194 [01:17<16:30,  1.13it/s]Evaluating raw model output:   6%|▋         | 76/1194 [01:18<14:46,  1.26it/s]Evaluating raw model output:   6%|▋         | 77/1194 [01:19<15:34,  1.20it/s]Evaluating raw model output:   7%|▋         | 78/1194 [01:19<14:02,  1.32it/s]Evaluating raw model output:   7%|▋         | 79/1194 [01:21<17:15,  1.08it/s]Evaluating raw model output:   7%|▋         | 80/1194 [01:21<15:08,  1.23it/s]Evaluating raw model output:   7%|▋         | 81/1194 [01:22<13:47,  1.35it/s]Evaluating raw model output:   7%|▋         | 82/1194 [01:23<16:59,  1.09it/s]Evaluating raw model output:   7%|▋         | 83/1194 [01:24<17:21,  1.07it/s]Evaluating raw model output:   7%|▋         | 84/1194 [01:25<20:03,  1.08s/it]Evaluating raw model output:   7%|▋         | 85/1194 [01:27<21:13,  1.15s/it]Evaluating raw model output:   7%|▋         | 86/1194 [01:28<21:05,  1.14s/it]Evaluating raw model output:   7%|▋         | 87/1194 [01:29<18:43,  1.02s/it]Evaluating raw model output:   7%|▋         | 88/1194 [01:30<18:07,  1.02it/s]Evaluating raw model output:   7%|▋         | 89/1194 [01:31<22:01,  1.20s/it]Evaluating raw model output:   8%|▊         | 90/1194 [01:32<18:32,  1.01s/it]Evaluating raw model output:   8%|▊         | 91/1194 [01:32<16:05,  1.14it/s]Evaluating raw model output:   8%|▊         | 92/1194 [01:34<18:41,  1.02s/it]Evaluating raw model output:   8%|▊         | 93/1194 [01:35<18:22,  1.00s/it]Evaluating raw model output:   8%|▊         | 94/1194 [01:36<19:45,  1.08s/it]Evaluating raw model output:   8%|▊         | 95/1194 [01:37<17:19,  1.06it/s]Evaluating raw model output:   8%|▊         | 96/1194 [01:38<20:52,  1.14s/it]Evaluating raw model output:   8%|▊         | 97/1194 [01:39<21:45,  1.19s/it]Evaluating raw model output:   8%|▊         | 98/1194 [01:40<18:25,  1.01s/it]Evaluating raw model output:   8%|▊         | 99/1194 [01:41<15:58,  1.14it/s]Evaluating raw model output:   8%|▊         | 100/1194 [01:41<15:12,  1.20it/s]Evaluating raw model output:   8%|▊         | 101/1194 [01:43<18:38,  1.02s/it]Evaluating raw model output:   9%|▊         | 102/1194 [01:44<18:30,  1.02s/it]Evaluating raw model output:   9%|▊         | 103/1194 [01:46<22:22,  1.23s/it]Evaluating raw model output:   9%|▊         | 104/1194 [01:47<21:54,  1.21s/it]Evaluating raw model output:   9%|▉         | 105/1194 [01:48<24:41,  1.36s/it]Evaluating raw model output:   9%|▉         | 106/1194 [01:49<21:55,  1.21s/it]Evaluating raw model output:   9%|▉         | 107/1194 [01:50<17:59,  1.01it/s]Evaluating raw model output:   9%|▉         | 108/1194 [01:51<17:25,  1.04it/s]Evaluating raw model output:   9%|▉         | 109/1194 [01:51<15:00,  1.21it/s]Evaluating raw model output:   9%|▉         | 110/1194 [01:52<15:58,  1.13it/s]Evaluating raw model output:   9%|▉         | 111/1194 [01:53<17:11,  1.05it/s]Evaluating raw model output:   9%|▉         | 112/1194 [01:54<15:32,  1.16it/s]Evaluating raw model output:   9%|▉         | 113/1194 [01:55<16:06,  1.12it/s]Evaluating raw model output:  10%|▉         | 114/1194 [01:55<14:13,  1.27it/s]Evaluating raw model output:  10%|▉         | 115/1194 [01:56<13:01,  1.38it/s]Evaluating raw model output:  10%|▉         | 116/1194 [01:57<12:04,  1.49it/s]Evaluating raw model output:  10%|▉         | 117/1194 [01:58<16:56,  1.06it/s]Evaluating raw model output:  10%|▉         | 118/1194 [01:59<16:54,  1.06it/s]Evaluating raw model output:  10%|▉         | 119/1194 [02:00<17:24,  1.03it/s]Evaluating raw model output:  10%|█         | 120/1194 [02:01<19:06,  1.07s/it]Evaluating raw model output:  10%|█         | 121/1194 [02:03<22:10,  1.24s/it]Evaluating raw model output:  10%|█         | 122/1194 [02:04<18:34,  1.04s/it]Evaluating raw model output:  10%|█         | 123/1194 [02:05<18:05,  1.01s/it]Evaluating raw model output:  10%|█         | 124/1194 [02:06<19:31,  1.09s/it]Evaluating raw model output:  10%|█         | 125/1194 [02:07<21:25,  1.20s/it]Evaluating raw model output:  11%|█         | 126/1194 [02:09<22:20,  1.26s/it]Evaluating raw model output:  11%|█         | 127/1194 [02:09<18:37,  1.05s/it]Evaluating raw model output:  11%|█         | 128/1194 [02:11<21:18,  1.20s/it]Evaluating raw model output:  11%|█         | 129/1194 [02:11<17:50,  1.01s/it]Evaluating raw model output:  11%|█         | 130/1194 [02:12<15:15,  1.16it/s]Evaluating raw model output:  11%|█         | 131/1194 [02:13<13:57,  1.27it/s]Evaluating raw model output:  11%|█         | 132/1194 [02:13<12:38,  1.40it/s]Evaluating raw model output:  11%|█         | 133/1194 [02:14<13:42,  1.29it/s]Evaluating raw model output:  11%|█         | 134/1194 [02:15<16:08,  1.09it/s]Evaluating raw model output:  11%|█▏        | 135/1194 [02:16<14:14,  1.24it/s]Evaluating raw model output:  11%|█▏        | 136/1194 [02:17<18:55,  1.07s/it]Evaluating raw model output:  11%|█▏        | 137/1194 [02:18<16:31,  1.07it/s]Evaluating raw model output:  12%|█▏        | 138/1194 [02:19<17:56,  1.02s/it]Evaluating raw model output:  12%|█▏        | 139/1194 [02:20<17:51,  1.02s/it]Evaluating raw model output:  12%|█▏        | 140/1194 [02:21<16:11,  1.09it/s]Evaluating raw model output:  12%|█▏        | 141/1194 [02:22<13:59,  1.25it/s]Evaluating raw model output:  12%|█▏        | 142/1194 [02:23<16:40,  1.05it/s]Evaluating raw model output:  12%|█▏        | 143/1194 [02:23<14:31,  1.21it/s]Evaluating raw model output:  12%|█▏        | 144/1194 [02:24<13:03,  1.34it/s]Evaluating raw model output:  12%|█▏        | 145/1194 [02:25<14:42,  1.19it/s]Evaluating raw model output:  12%|█▏        | 146/1194 [02:26<13:17,  1.31it/s]Evaluating raw model output:  12%|█▏        | 147/1194 [02:27<15:28,  1.13it/s]Evaluating raw model output:  12%|█▏        | 148/1194 [02:27<13:49,  1.26it/s]Evaluating raw model output:  12%|█▏        | 149/1194 [02:28<12:27,  1.40it/s]Evaluating raw model output:  13%|█▎        | 150/1194 [02:29<16:11,  1.07it/s]Evaluating raw model output:  13%|█▎        | 151/1194 [02:30<14:23,  1.21it/s]Evaluating raw model output:  13%|█▎        | 152/1194 [02:30<12:58,  1.34it/s]Evaluating raw model output:  13%|█▎        | 153/1194 [02:32<15:47,  1.10it/s]Evaluating raw model output:  13%|█▎        | 154/1194 [02:33<18:22,  1.06s/it]Evaluating raw model output:  13%|█▎        | 155/1194 [02:34<15:41,  1.10it/s]Evaluating raw model output:  13%|█▎        | 156/1194 [02:34<13:53,  1.25it/s]Evaluating raw model output:  13%|█▎        | 157/1194 [02:36<18:18,  1.06s/it]Evaluating raw model output:  13%|█▎        | 158/1194 [02:37<16:10,  1.07it/s]Evaluating raw model output:  13%|█▎        | 159/1194 [02:38<17:12,  1.00it/s]Evaluating raw model output:  13%|█▎        | 160/1194 [02:38<14:54,  1.16it/s]Evaluating raw model output:  13%|█▎        | 161/1194 [02:39<13:59,  1.23it/s]Evaluating raw model output:  14%|█▎        | 162/1194 [02:40<13:05,  1.31it/s]Evaluating raw model output:  14%|█▎        | 163/1194 [02:40<13:55,  1.23it/s]Evaluating raw model output:  14%|█▎        | 164/1194 [02:41<12:34,  1.37it/s]Evaluating raw model output:  14%|█▍        | 165/1194 [02:42<11:49,  1.45it/s]Evaluating raw model output:  14%|█▍        | 166/1194 [02:42<11:09,  1.54it/s]Evaluating raw model output:  14%|█▍        | 167/1194 [02:43<13:49,  1.24it/s]Evaluating raw model output:  14%|█▍        | 168/1194 [02:44<14:52,  1.15it/s]Evaluating raw model output:  14%|█▍        | 169/1194 [02:46<18:15,  1.07s/it]Evaluating raw model output:  14%|█▍        | 170/1194 [02:47<18:47,  1.10s/it]Evaluating raw model output:  14%|█▍        | 171/1194 [02:49<21:38,  1.27s/it]Evaluating raw model output:  14%|█▍        | 172/1194 [02:49<17:43,  1.04s/it]Evaluating raw model output:  14%|█▍        | 173/1194 [02:50<18:13,  1.07s/it]Evaluating raw model output:  15%|█▍        | 174/1194 [02:52<18:35,  1.09s/it]Evaluating raw model output:  15%|█▍        | 175/1194 [02:52<16:23,  1.04it/s]Evaluating raw model output:  15%|█▍        | 176/1194 [02:53<14:46,  1.15it/s]Evaluating raw model output:  15%|█▍        | 177/1194 [02:53<13:25,  1.26it/s]Evaluating raw model output:  15%|█▍        | 178/1194 [02:55<17:57,  1.06s/it]Evaluating raw model output:  15%|█▍        | 179/1194 [02:56<18:54,  1.12s/it]Evaluating raw model output:  15%|█▌        | 180/1194 [02:57<16:25,  1.03it/s]Evaluating raw model output:  15%|█▌        | 181/1194 [02:58<16:59,  1.01s/it]Evaluating raw model output:  15%|█▌        | 182/1194 [02:59<14:32,  1.16it/s]Evaluating raw model output:  15%|█▌        | 183/1194 [02:59<12:50,  1.31it/s]Evaluating raw model output:  15%|█▌        | 184/1194 [03:01<17:10,  1.02s/it]Evaluating raw model output:  15%|█▌        | 185/1194 [03:01<14:44,  1.14it/s]Evaluating raw model output:  16%|█▌        | 186/1194 [03:02<13:34,  1.24it/s]Evaluating raw model output:  16%|█▌        | 187/1194 [03:03<12:15,  1.37it/s]Evaluating raw model output:  16%|█▌        | 188/1194 [03:03<11:02,  1.52it/s]Evaluating raw model output:  16%|█▌        | 189/1194 [03:05<15:55,  1.05it/s]Evaluating raw model output:  16%|█▌        | 190/1194 [03:05<13:55,  1.20it/s]Evaluating raw model output:  16%|█▌        | 191/1194 [03:06<12:13,  1.37it/s]Evaluating raw model output:  16%|█▌        | 192/1194 [03:07<13:16,  1.26it/s]Evaluating raw model output:  16%|█▌        | 193/1194 [03:08<15:51,  1.05it/s]Evaluating raw model output:  16%|█▌        | 194/1194 [03:09<16:33,  1.01it/s]Evaluating raw model output:  16%|█▋        | 195/1194 [03:10<14:20,  1.16it/s]Evaluating raw model output:  16%|█▋        | 196/1194 [03:10<12:30,  1.33it/s]Evaluating raw model output:  16%|█▋        | 197/1194 [03:12<17:42,  1.07s/it]Evaluating raw model output:  17%|█▋        | 198/1194 [03:12<15:11,  1.09it/s]Evaluating raw model output:  17%|█▋        | 199/1194 [03:14<19:10,  1.16s/it]Evaluating raw model output:  17%|█▋        | 200/1194 [03:16<20:01,  1.21s/it]Evaluating raw model output:  17%|█▋        | 201/1194 [03:17<20:04,  1.21s/it]Evaluating raw model output:  17%|█▋        | 202/1194 [03:17<16:51,  1.02s/it]Evaluating raw model output:  17%|█▋        | 203/1194 [03:18<15:08,  1.09it/s]Evaluating raw model output:  17%|█▋        | 204/1194 [03:20<18:04,  1.10s/it]Evaluating raw model output:  17%|█▋        | 205/1194 [03:20<16:03,  1.03it/s]Evaluating raw model output:  17%|█▋        | 206/1194 [03:21<14:00,  1.18it/s]Evaluating raw model output:  17%|█▋        | 207/1194 [03:21<12:36,  1.30it/s]Evaluating raw model output:  17%|█▋        | 208/1194 [03:22<11:43,  1.40it/s]Evaluating raw model output:  18%|█▊        | 209/1194 [03:23<14:59,  1.09it/s]Evaluating raw model output:  18%|█▊        | 210/1194 [03:24<16:01,  1.02it/s]Evaluating raw model output:  18%|█▊        | 211/1194 [03:25<13:45,  1.19it/s]Evaluating raw model output:  18%|█▊        | 212/1194 [03:25<12:15,  1.34it/s]Evaluating raw model output:  18%|█▊        | 213/1194 [03:26<11:13,  1.46it/s]Evaluating raw model output:  18%|█▊        | 214/1194 [03:27<14:01,  1.16it/s]Evaluating raw model output:  18%|█▊        | 215/1194 [03:28<12:24,  1.31it/s]Evaluating raw model output:  18%|█▊        | 216/1194 [03:28<11:09,  1.46it/s]Evaluating raw model output:  18%|█▊        | 217/1194 [03:29<10:27,  1.56it/s]Evaluating raw model output:  18%|█▊        | 218/1194 [03:30<14:14,  1.14it/s]Evaluating raw model output:  18%|█▊        | 219/1194 [03:31<12:34,  1.29it/s]Evaluating raw model output:  18%|█▊        | 220/1194 [03:31<11:24,  1.42it/s]Evaluating raw model output:  19%|█▊        | 221/1194 [03:32<12:55,  1.25it/s]Evaluating raw model output:  19%|█▊        | 222/1194 [03:33<12:35,  1.29it/s]Evaluating raw model output:  19%|█▊        | 223/1194 [03:34<11:54,  1.36it/s]Evaluating raw model output:  19%|█▉        | 224/1194 [03:35<13:01,  1.24it/s]Evaluating raw model output:  19%|█▉        | 225/1194 [03:36<15:10,  1.06it/s]Evaluating raw model output:  19%|█▉        | 226/1194 [03:37<15:04,  1.07it/s]Evaluating raw model output:  19%|█▉        | 227/1194 [03:38<15:23,  1.05it/s]Evaluating raw model output:  19%|█▉        | 228/1194 [03:38<13:24,  1.20it/s]Evaluating raw model output:  19%|█▉        | 229/1194 [03:39<12:15,  1.31it/s]Evaluating raw model output:  19%|█▉        | 230/1194 [03:40<11:13,  1.43it/s]Evaluating raw model output:  19%|█▉        | 231/1194 [03:40<10:30,  1.53it/s]Evaluating raw model output:  19%|█▉        | 232/1194 [03:41<10:05,  1.59it/s]Evaluating raw model output:  20%|█▉        | 233/1194 [03:41<10:18,  1.55it/s]Evaluating raw model output:  20%|█▉        | 234/1194 [03:42<09:50,  1.63it/s]Evaluating raw model output:  20%|█▉        | 235/1194 [03:42<09:16,  1.72it/s]Evaluating raw model output:  20%|█▉        | 236/1194 [03:43<09:10,  1.74it/s]Evaluating raw model output:  20%|█▉        | 237/1194 [03:43<08:41,  1.83it/s]Evaluating raw model output:  20%|█▉        | 238/1194 [03:44<08:49,  1.80it/s]Evaluating raw model output:  20%|██        | 239/1194 [03:45<08:52,  1.79it/s]Evaluating raw model output:  20%|██        | 240/1194 [03:45<08:46,  1.81it/s]Evaluating raw model output:  20%|██        | 241/1194 [03:46<08:46,  1.81it/s]Evaluating raw model output:  20%|██        | 242/1194 [03:46<08:33,  1.85it/s]Evaluating raw model output:  20%|██        | 243/1194 [03:47<08:34,  1.85it/s]Evaluating raw model output:  20%|██        | 244/1194 [03:48<10:51,  1.46it/s]Evaluating raw model output:  21%|██        | 245/1194 [03:48<10:06,  1.56it/s]Evaluating raw model output:  21%|██        | 246/1194 [03:49<09:31,  1.66it/s]Evaluating raw model output:  21%|██        | 247/1194 [03:50<11:07,  1.42it/s]Evaluating raw model output:  21%|██        | 248/1194 [03:51<13:31,  1.17it/s]Evaluating raw model output:  21%|██        | 249/1194 [03:52<12:03,  1.31it/s]Evaluating raw model output:  21%|██        | 250/1194 [03:52<10:55,  1.44it/s]Evaluating raw model output:  21%|██        | 251/1194 [03:53<13:06,  1.20it/s]Evaluating raw model output:  21%|██        | 252/1194 [03:54<11:52,  1.32it/s]Evaluating raw model output:  21%|██        | 253/1194 [03:54<10:55,  1.44it/s]Evaluating raw model output:  21%|██▏       | 254/1194 [03:56<15:44,  1.00s/it]Evaluating raw model output:  21%|██▏       | 255/1194 [03:57<13:24,  1.17it/s]Evaluating raw model output:  21%|██▏       | 256/1194 [03:58<15:06,  1.03it/s]Evaluating raw model output:  22%|██▏       | 257/1194 [03:59<15:07,  1.03it/s]Evaluating raw model output:  22%|██▏       | 258/1194 [04:00<15:44,  1.01s/it]Evaluating raw model output:  22%|██▏       | 259/1194 [04:01<16:12,  1.04s/it]Evaluating raw model output:  22%|██▏       | 260/1194 [04:02<16:22,  1.05s/it]Evaluating raw model output:  22%|██▏       | 261/1194 [04:03<16:07,  1.04s/it]Evaluating raw model output:  22%|██▏       | 262/1194 [04:05<18:49,  1.21s/it]Evaluating raw model output:  22%|██▏       | 263/1194 [04:05<15:47,  1.02s/it]Evaluating raw model output:  22%|██▏       | 264/1194 [04:06<13:16,  1.17it/s]Evaluating raw model output:  22%|██▏       | 265/1194 [04:07<13:15,  1.17it/s]Evaluating raw model output:  22%|██▏       | 266/1194 [04:07<11:47,  1.31it/s]Evaluating raw model output:  22%|██▏       | 267/1194 [04:08<10:40,  1.45it/s]Evaluating raw model output:  22%|██▏       | 268/1194 [04:09<13:06,  1.18it/s]Evaluating raw model output:  23%|██▎       | 269/1194 [04:10<12:24,  1.24it/s]Evaluating raw model output:  23%|██▎       | 270/1194 [04:10<11:55,  1.29it/s]Evaluating raw model output:  23%|██▎       | 271/1194 [04:11<11:24,  1.35it/s]Evaluating raw model output:  23%|██▎       | 272/1194 [04:12<12:25,  1.24it/s]Evaluating raw model output:  23%|██▎       | 273/1194 [04:13<12:01,  1.28it/s]Evaluating raw model output:  23%|██▎       | 274/1194 [04:14<13:16,  1.15it/s]Evaluating raw model output:  23%|██▎       | 275/1194 [04:14<11:45,  1.30it/s]Evaluating raw model output:  23%|██▎       | 276/1194 [04:16<14:24,  1.06it/s]Evaluating raw model output:  23%|██▎       | 277/1194 [04:17<16:05,  1.05s/it]Evaluating raw model output:  23%|██▎       | 278/1194 [04:17<13:40,  1.12it/s]Evaluating raw model output:  23%|██▎       | 279/1194 [04:18<11:53,  1.28it/s]Evaluating raw model output:  23%|██▎       | 280/1194 [04:19<11:20,  1.34it/s]Evaluating raw model output:  24%|██▎       | 281/1194 [04:19<10:20,  1.47it/s]Evaluating raw model output:  24%|██▎       | 282/1194 [04:20<09:44,  1.56it/s]Evaluating raw model output:  24%|██▎       | 283/1194 [04:20<09:42,  1.56it/s]Evaluating raw model output:  24%|██▍       | 284/1194 [04:21<09:39,  1.57it/s]Evaluating raw model output:  24%|██▍       | 285/1194 [04:21<09:12,  1.65it/s]Evaluating raw model output:  24%|██▍       | 286/1194 [04:23<11:25,  1.33it/s]Evaluating raw model output:  24%|██▍       | 287/1194 [04:24<13:17,  1.14it/s]Evaluating raw model output:  24%|██▍       | 288/1194 [04:24<11:53,  1.27it/s]Evaluating raw model output:  24%|██▍       | 289/1194 [04:25<10:25,  1.45it/s]Evaluating raw model output:  24%|██▍       | 290/1194 [04:25<10:12,  1.48it/s]Evaluating raw model output:  24%|██▍       | 291/1194 [04:26<09:32,  1.58it/s]Evaluating raw model output:  24%|██▍       | 292/1194 [04:26<08:49,  1.70it/s]Evaluating raw model output:  25%|██▍       | 293/1194 [04:27<08:28,  1.77it/s]Evaluating raw model output:  25%|██▍       | 294/1194 [04:28<08:26,  1.78it/s]Evaluating raw model output:  25%|██▍       | 295/1194 [04:28<08:28,  1.77it/s]Evaluating raw model output:  25%|██▍       | 296/1194 [04:29<10:36,  1.41it/s]Evaluating raw model output:  25%|██▍       | 297/1194 [04:30<09:37,  1.55it/s]Evaluating raw model output:  25%|██▍       | 298/1194 [04:30<09:06,  1.64it/s]Evaluating raw model output:  25%|██▌       | 299/1194 [04:31<09:00,  1.66it/s]Evaluating raw model output:  25%|██▌       | 300/1194 [04:32<10:32,  1.41it/s]Evaluating raw model output:  25%|██▌       | 301/1194 [04:33<14:16,  1.04it/s]Evaluating raw model output:  25%|██▌       | 302/1194 [04:34<12:28,  1.19it/s]Evaluating raw model output:  25%|██▌       | 303/1194 [04:34<11:10,  1.33it/s]Evaluating raw model output:  25%|██▌       | 304/1194 [04:35<12:02,  1.23it/s]Evaluating raw model output:  26%|██▌       | 305/1194 [04:36<11:15,  1.32it/s]Evaluating raw model output:  26%|██▌       | 306/1194 [04:37<10:22,  1.43it/s]Evaluating raw model output:  26%|██▌       | 307/1194 [04:37<11:01,  1.34it/s]Evaluating raw model output:  26%|██▌       | 308/1194 [04:38<11:50,  1.25it/s]Evaluating raw model output:  26%|██▌       | 309/1194 [04:39<12:05,  1.22it/s]Evaluating raw model output:  26%|██▌       | 310/1194 [04:40<10:51,  1.36it/s]Evaluating raw model output:  26%|██▌       | 311/1194 [04:40<10:11,  1.45it/s]Evaluating raw model output:  26%|██▌       | 312/1194 [04:42<14:10,  1.04it/s]Evaluating raw model output:  26%|██▌       | 313/1194 [04:42<12:21,  1.19it/s]Evaluating raw model output:  26%|██▋       | 314/1194 [04:44<13:28,  1.09it/s]Evaluating raw model output:  26%|██▋       | 315/1194 [04:44<12:33,  1.17it/s]Evaluating raw model output:  26%|██▋       | 316/1194 [04:45<13:22,  1.09it/s]Evaluating raw model output:  27%|██▋       | 317/1194 [04:46<14:07,  1.04it/s]Evaluating raw model output:  27%|██▋       | 318/1194 [04:48<17:10,  1.18s/it]Evaluating raw model output:  27%|██▋       | 319/1194 [04:49<14:27,  1.01it/s]Evaluating raw model output:  27%|██▋       | 320/1194 [04:49<12:23,  1.18it/s]Evaluating raw model output:  27%|██▋       | 321/1194 [04:50<11:02,  1.32it/s]Evaluating raw model output:  27%|██▋       | 322/1194 [04:51<12:24,  1.17it/s]Evaluating raw model output:  27%|██▋       | 323/1194 [04:51<10:53,  1.33it/s]Evaluating raw model output:  27%|██▋       | 324/1194 [04:52<11:20,  1.28it/s]Evaluating raw model output:  27%|██▋       | 325/1194 [04:53<12:30,  1.16it/s]Evaluating raw model output:  27%|██▋       | 326/1194 [04:54<11:33,  1.25it/s]Evaluating raw model output:  27%|██▋       | 327/1194 [04:54<10:25,  1.39it/s]Evaluating raw model output:  27%|██▋       | 328/1194 [04:55<11:15,  1.28it/s]Evaluating raw model output:  28%|██▊       | 329/1194 [04:56<10:03,  1.43it/s]Evaluating raw model output:  28%|██▊       | 330/1194 [04:56<09:51,  1.46it/s]Evaluating raw model output:  28%|██▊       | 331/1194 [04:57<09:37,  1.49it/s]Evaluating raw model output:  28%|██▊       | 332/1194 [04:58<09:01,  1.59it/s]Evaluating raw model output:  28%|██▊       | 333/1194 [04:58<08:41,  1.65it/s]Evaluating raw model output:  28%|██▊       | 334/1194 [04:59<08:27,  1.69it/s]Evaluating raw model output:  28%|██▊       | 335/1194 [04:59<08:13,  1.74it/s]Evaluating raw model output:  28%|██▊       | 336/1194 [05:00<08:05,  1.77it/s]Evaluating raw model output:  28%|██▊       | 337/1194 [05:01<10:42,  1.33it/s]Evaluating raw model output:  28%|██▊       | 338/1194 [05:02<09:50,  1.45it/s]Evaluating raw model output:  28%|██▊       | 339/1194 [05:02<09:05,  1.57it/s]Evaluating raw model output:  28%|██▊       | 340/1194 [05:03<08:43,  1.63it/s]Evaluating raw model output:  29%|██▊       | 341/1194 [05:04<11:14,  1.26it/s]Evaluating raw model output:  29%|██▊       | 342/1194 [05:05<14:21,  1.01s/it]Evaluating raw model output:  29%|██▊       | 343/1194 [05:06<12:40,  1.12it/s]Evaluating raw model output:  29%|██▉       | 344/1194 [05:06<11:05,  1.28it/s]Evaluating raw model output:  29%|██▉       | 345/1194 [05:08<14:25,  1.02s/it]Evaluating raw model output:  29%|██▉       | 346/1194 [05:09<12:20,  1.15it/s]Evaluating raw model output:  29%|██▉       | 347/1194 [05:09<10:39,  1.32it/s]Evaluating raw model output:  29%|██▉       | 348/1194 [05:10<09:45,  1.44it/s]Evaluating raw model output:  29%|██▉       | 349/1194 [05:10<09:03,  1.55it/s]Evaluating raw model output:  29%|██▉       | 350/1194 [05:12<12:11,  1.15it/s]Evaluating raw model output:  29%|██▉       | 351/1194 [05:13<13:26,  1.05it/s]Evaluating raw model output:  29%|██▉       | 352/1194 [05:13<11:46,  1.19it/s]Evaluating raw model output:  30%|██▉       | 353/1194 [05:14<10:25,  1.34it/s]Evaluating raw model output:  30%|██▉       | 354/1194 [05:14<09:29,  1.47it/s]Evaluating raw model output:  30%|██▉       | 355/1194 [05:15<08:51,  1.58it/s]Evaluating raw model output:  30%|██▉       | 356/1194 [05:15<08:30,  1.64it/s]Evaluating raw model output:  30%|██▉       | 357/1194 [05:17<13:07,  1.06it/s]Evaluating raw model output:  30%|██▉       | 358/1194 [05:18<11:27,  1.22it/s]Evaluating raw model output:  30%|███       | 359/1194 [05:18<10:10,  1.37it/s]Evaluating raw model output:  30%|███       | 360/1194 [05:19<10:00,  1.39it/s]Evaluating raw model output:  30%|███       | 361/1194 [05:20<10:18,  1.35it/s]Evaluating raw model output:  30%|███       | 362/1194 [05:20<09:55,  1.40it/s]Evaluating raw model output:  30%|███       | 363/1194 [05:21<09:04,  1.53it/s]Evaluating raw model output:  30%|███       | 364/1194 [05:21<08:32,  1.62it/s]Evaluating raw model output:  31%|███       | 365/1194 [05:22<07:52,  1.76it/s]Evaluating raw model output:  31%|███       | 366/1194 [05:22<07:36,  1.81it/s]Evaluating raw model output:  31%|███       | 367/1194 [05:23<10:01,  1.38it/s]Evaluating raw model output:  31%|███       | 368/1194 [05:24<09:19,  1.48it/s]Evaluating raw model output:  31%|███       | 369/1194 [05:25<08:36,  1.60it/s]Evaluating raw model output:  31%|███       | 370/1194 [05:25<08:19,  1.65it/s]Evaluating raw model output:  31%|███       | 371/1194 [05:26<10:36,  1.29it/s]Evaluating raw model output:  31%|███       | 372/1194 [05:27<09:35,  1.43it/s]Evaluating raw model output:  31%|███       | 373/1194 [05:27<08:58,  1.53it/s]Evaluating raw model output:  31%|███▏      | 374/1194 [05:29<12:16,  1.11it/s]Evaluating raw model output:  31%|███▏      | 375/1194 [05:29<10:49,  1.26it/s]Evaluating raw model output:  31%|███▏      | 376/1194 [05:30<09:42,  1.40it/s]Evaluating raw model output:  32%|███▏      | 377/1194 [05:30<08:52,  1.53it/s]Evaluating raw model output:  32%|███▏      | 378/1194 [05:31<08:06,  1.68it/s]Evaluating raw model output:  32%|███▏      | 379/1194 [05:31<07:48,  1.74it/s]Evaluating raw model output:  32%|███▏      | 380/1194 [05:32<08:58,  1.51it/s]Evaluating raw model output:  32%|███▏      | 381/1194 [05:33<09:50,  1.38it/s]Evaluating raw model output:  32%|███▏      | 382/1194 [05:35<13:15,  1.02it/s]Evaluating raw model output:  32%|███▏      | 383/1194 [05:36<16:06,  1.19s/it]Evaluating raw model output:  32%|███▏      | 384/1194 [05:37<15:41,  1.16s/it]Evaluating raw model output:  32%|███▏      | 385/1194 [05:38<14:29,  1.07s/it]Evaluating raw model output:  32%|███▏      | 386/1194 [05:39<14:32,  1.08s/it]Evaluating raw model output:  32%|███▏      | 387/1194 [05:40<12:54,  1.04it/s]Evaluating raw model output:  32%|███▏      | 388/1194 [05:41<12:13,  1.10it/s]Evaluating raw model output:  33%|███▎      | 389/1194 [05:41<10:31,  1.28it/s]Evaluating raw model output:  33%|███▎      | 390/1194 [05:43<13:31,  1.01s/it]Evaluating raw model output:  33%|███▎      | 391/1194 [05:44<12:39,  1.06it/s]Evaluating raw model output:  33%|███▎      | 392/1194 [05:44<11:08,  1.20it/s]Evaluating raw model output:  33%|███▎      | 393/1194 [05:45<10:02,  1.33it/s]Evaluating raw model output:  33%|███▎      | 394/1194 [05:46<12:11,  1.09it/s]Evaluating raw model output:  33%|███▎      | 395/1194 [05:47<10:44,  1.24it/s]Evaluating raw model output:  33%|███▎      | 396/1194 [05:48<11:46,  1.13it/s]Evaluating raw model output:  33%|███▎      | 397/1194 [05:49<11:55,  1.11it/s]Evaluating raw model output:  33%|███▎      | 398/1194 [05:49<10:17,  1.29it/s]Evaluating raw model output:  33%|███▎      | 399/1194 [05:50<09:22,  1.41it/s]Evaluating raw model output:  34%|███▎      | 400/1194 [05:50<08:46,  1.51it/s]Evaluating raw model output:  34%|███▎      | 401/1194 [05:51<08:14,  1.60it/s]Evaluating raw model output:  34%|███▎      | 402/1194 [05:51<07:50,  1.68it/s]Evaluating raw model output:  34%|███▍      | 403/1194 [05:52<07:36,  1.73it/s]Evaluating raw model output:  34%|███▍      | 404/1194 [05:52<07:39,  1.72it/s]Evaluating raw model output:  34%|███▍      | 405/1194 [05:53<07:47,  1.69it/s]Evaluating raw model output:  34%|███▍      | 406/1194 [05:55<12:14,  1.07it/s]Evaluating raw model output:  34%|███▍      | 407/1194 [05:56<12:18,  1.07it/s]Evaluating raw model output:  34%|███▍      | 408/1194 [05:56<10:41,  1.22it/s]Evaluating raw model output:  34%|███▍      | 409/1194 [05:58<12:19,  1.06it/s]Evaluating raw model output:  34%|███▍      | 410/1194 [05:58<10:38,  1.23it/s]Evaluating raw model output:  34%|███▍      | 411/1194 [05:59<09:27,  1.38it/s]Evaluating raw model output:  35%|███▍      | 412/1194 [05:59<08:49,  1.48it/s]Evaluating raw model output:  35%|███▍      | 413/1194 [06:00<09:42,  1.34it/s]Evaluating raw model output:  35%|███▍      | 414/1194 [06:01<08:56,  1.45it/s]Evaluating raw model output:  35%|███▍      | 415/1194 [06:01<08:27,  1.53it/s]Evaluating raw model output:  35%|███▍      | 416/1194 [06:02<08:11,  1.58it/s]Evaluating raw model output:  35%|███▍      | 417/1194 [06:02<07:52,  1.64it/s]Evaluating raw model output:  35%|███▌      | 418/1194 [06:03<07:41,  1.68it/s]Evaluating raw model output:  35%|███▌      | 419/1194 [06:03<07:30,  1.72it/s]Evaluating raw model output:  35%|███▌      | 420/1194 [06:05<10:44,  1.20it/s]Evaluating raw model output:  35%|███▌      | 421/1194 [06:06<12:30,  1.03it/s]Evaluating raw model output:  35%|███▌      | 422/1194 [06:07<10:50,  1.19it/s]Evaluating raw model output:  35%|███▌      | 423/1194 [06:07<09:38,  1.33it/s]Evaluating raw model output:  36%|███▌      | 424/1194 [06:08<09:07,  1.41it/s]Evaluating raw model output:  36%|███▌      | 425/1194 [06:08<08:19,  1.54it/s]Evaluating raw model output:  36%|███▌      | 426/1194 [06:09<07:54,  1.62it/s]Evaluating raw model output:  36%|███▌      | 427/1194 [06:09<07:30,  1.70it/s]Evaluating raw model output:  36%|███▌      | 428/1194 [06:10<08:51,  1.44it/s]Evaluating raw model output:  36%|███▌      | 429/1194 [06:12<11:10,  1.14it/s]Evaluating raw model output:  36%|███▌      | 430/1194 [06:12<09:49,  1.30it/s]Evaluating raw model output:  36%|███▌      | 431/1194 [06:13<08:55,  1.42it/s]Evaluating raw model output:  36%|███▌      | 432/1194 [06:13<08:08,  1.56it/s]Evaluating raw model output:  36%|███▋      | 433/1194 [06:14<09:23,  1.35it/s]Evaluating raw model output:  36%|███▋      | 434/1194 [06:16<12:16,  1.03it/s]Evaluating raw model output:  36%|███▋      | 435/1194 [06:17<12:02,  1.05it/s]Evaluating raw model output:  37%|███▋      | 436/1194 [06:18<12:54,  1.02s/it]Evaluating raw model output:  37%|███▋      | 437/1194 [06:18<11:07,  1.13it/s]Evaluating raw model output:  37%|███▋      | 438/1194 [06:19<09:49,  1.28it/s]Evaluating raw model output:  37%|███▋      | 439/1194 [06:20<10:04,  1.25it/s]Evaluating raw model output:  37%|███▋      | 440/1194 [06:20<09:11,  1.37it/s]Evaluating raw model output:  37%|███▋      | 441/1194 [06:21<08:25,  1.49it/s]Evaluating raw model output:  37%|███▋      | 442/1194 [06:21<07:49,  1.60it/s]Evaluating raw model output:  37%|███▋      | 443/1194 [06:22<07:47,  1.61it/s]Evaluating raw model output:  37%|███▋      | 444/1194 [06:22<07:27,  1.67it/s]Evaluating raw model output:  37%|███▋      | 445/1194 [06:23<07:15,  1.72it/s]Evaluating raw model output:  37%|███▋      | 446/1194 [06:24<07:07,  1.75it/s]Evaluating raw model output:  37%|███▋      | 447/1194 [06:24<06:50,  1.82it/s]Evaluating raw model output:  38%|███▊      | 448/1194 [06:25<06:55,  1.80it/s]Evaluating raw model output:  38%|███▊      | 449/1194 [06:25<06:41,  1.85it/s]Evaluating raw model output:  38%|███▊      | 450/1194 [06:26<06:41,  1.85it/s]Evaluating raw model output:  38%|███▊      | 451/1194 [06:26<06:35,  1.88it/s]Evaluating raw model output:  38%|███▊      | 452/1194 [06:27<06:21,  1.95it/s]Evaluating raw model output:  38%|███▊      | 453/1194 [06:28<09:18,  1.33it/s]Evaluating raw model output:  38%|███▊      | 454/1194 [06:29<10:31,  1.17it/s]Evaluating raw model output:  38%|███▊      | 455/1194 [06:30<09:25,  1.31it/s]Evaluating raw model output:  38%|███▊      | 456/1194 [06:30<08:30,  1.45it/s]Evaluating raw model output:  38%|███▊      | 457/1194 [06:31<07:41,  1.60it/s]Evaluating raw model output:  38%|███▊      | 458/1194 [06:31<07:15,  1.69it/s]Evaluating raw model output:  38%|███▊      | 459/1194 [06:32<06:58,  1.76it/s]Evaluating raw model output:  39%|███▊      | 460/1194 [06:32<07:44,  1.58it/s]Evaluating raw model output:  39%|███▊      | 461/1194 [06:33<07:18,  1.67it/s]Evaluating raw model output:  39%|███▊      | 462/1194 [06:33<07:03,  1.73it/s]Evaluating raw model output:  39%|███▉      | 463/1194 [06:34<08:08,  1.50it/s]Evaluating raw model output:  39%|███▉      | 464/1194 [06:36<10:48,  1.13it/s]Evaluating raw model output:  39%|███▉      | 465/1194 [06:37<10:28,  1.16it/s]Evaluating raw model output:  39%|███▉      | 466/1194 [06:37<09:22,  1.29it/s]Evaluating raw model output:  39%|███▉      | 467/1194 [06:38<08:28,  1.43it/s]Evaluating raw model output:  39%|███▉      | 468/1194 [06:39<09:22,  1.29it/s]Evaluating raw model output:  39%|███▉      | 469/1194 [06:39<08:39,  1.39it/s]Evaluating raw model output:  39%|███▉      | 470/1194 [06:40<08:02,  1.50it/s]Evaluating raw model output:  39%|███▉      | 471/1194 [06:40<07:33,  1.59it/s]Evaluating raw model output:  40%|███▉      | 472/1194 [06:42<11:09,  1.08it/s]Evaluating raw model output:  40%|███▉      | 473/1194 [06:42<09:27,  1.27it/s]Evaluating raw model output:  40%|███▉      | 474/1194 [06:43<08:24,  1.43it/s]Evaluating raw model output:  40%|███▉      | 475/1194 [06:43<07:45,  1.54it/s]Evaluating raw model output:  40%|███▉      | 476/1194 [06:45<11:00,  1.09it/s]Evaluating raw model output:  40%|███▉      | 477/1194 [06:46<09:52,  1.21it/s]Evaluating raw model output:  40%|████      | 478/1194 [06:47<11:04,  1.08it/s]Evaluating raw model output:  40%|████      | 479/1194 [06:47<09:48,  1.21it/s]Evaluating raw model output:  40%|████      | 480/1194 [06:48<10:52,  1.10it/s]Evaluating raw model output:  40%|████      | 481/1194 [06:50<13:36,  1.15s/it]Evaluating raw model output:  40%|████      | 482/1194 [06:51<11:29,  1.03it/s]Evaluating raw model output:  40%|████      | 483/1194 [06:51<10:01,  1.18it/s]Evaluating raw model output:  41%|████      | 484/1194 [06:52<08:58,  1.32it/s]Evaluating raw model output:  41%|████      | 485/1194 [06:52<08:15,  1.43it/s]Evaluating raw model output:  41%|████      | 486/1194 [06:54<10:06,  1.17it/s]Evaluating raw model output:  41%|████      | 487/1194 [06:55<11:23,  1.03it/s]Evaluating raw model output:  41%|████      | 488/1194 [06:55<09:41,  1.21it/s]Evaluating raw model output:  41%|████      | 489/1194 [06:56<08:40,  1.35it/s]Evaluating raw model output:  41%|████      | 490/1194 [06:56<08:01,  1.46it/s]Evaluating raw model output:  41%|████      | 491/1194 [06:57<08:38,  1.36it/s]Evaluating raw model output:  41%|████      | 492/1194 [06:58<07:55,  1.48it/s]Evaluating raw model output:  41%|████▏     | 493/1194 [06:58<07:24,  1.58it/s]Evaluating raw model output:  41%|████▏     | 494/1194 [06:59<07:22,  1.58it/s]Evaluating raw model output:  41%|████▏     | 495/1194 [07:00<07:08,  1.63it/s]Evaluating raw model output:  42%|████▏     | 496/1194 [07:00<06:53,  1.69it/s]Evaluating raw model output:  42%|████▏     | 497/1194 [07:01<06:36,  1.76it/s]Evaluating raw model output:  42%|████▏     | 498/1194 [07:01<06:27,  1.79it/s]Evaluating raw model output:  42%|████▏     | 499/1194 [07:02<06:21,  1.82it/s]Evaluating raw model output:  42%|████▏     | 500/1194 [07:02<06:22,  1.81it/s]Evaluating raw model output:  42%|████▏     | 501/1194 [07:03<06:39,  1.74it/s]Evaluating raw model output:  42%|████▏     | 502/1194 [07:05<10:50,  1.06it/s]Evaluating raw model output:  42%|████▏     | 503/1194 [07:05<09:27,  1.22it/s]Evaluating raw model output:  42%|████▏     | 504/1194 [07:06<08:29,  1.36it/s]Evaluating raw model output:  42%|████▏     | 505/1194 [07:06<07:42,  1.49it/s]Evaluating raw model output:  42%|████▏     | 506/1194 [07:07<07:14,  1.58it/s]Evaluating raw model output:  42%|████▏     | 507/1194 [07:08<08:09,  1.40it/s]Evaluating raw model output:  43%|████▎     | 508/1194 [07:08<07:52,  1.45it/s]Evaluating raw model output:  43%|████▎     | 509/1194 [07:09<07:18,  1.56it/s]Evaluating raw model output:  43%|████▎     | 510/1194 [07:10<10:16,  1.11it/s]Evaluating raw model output:  43%|████▎     | 511/1194 [07:12<12:12,  1.07s/it]Evaluating raw model output:  43%|████▎     | 512/1194 [07:12<10:19,  1.10it/s]Evaluating raw model output:  43%|████▎     | 513/1194 [07:13<09:29,  1.20it/s]Evaluating raw model output:  43%|████▎     | 514/1194 [07:14<08:30,  1.33it/s]Evaluating raw model output:  43%|████▎     | 515/1194 [07:15<09:55,  1.14it/s]Evaluating raw model output:  43%|████▎     | 516/1194 [07:16<09:48,  1.15it/s]Evaluating raw model output:  43%|████▎     | 517/1194 [07:16<08:37,  1.31it/s]Evaluating raw model output:  43%|████▎     | 518/1194 [07:17<09:12,  1.22it/s]Evaluating raw model output:  43%|████▎     | 519/1194 [07:18<08:19,  1.35it/s]Evaluating raw model output:  44%|████▎     | 520/1194 [07:18<07:37,  1.47it/s]Evaluating raw model output:  44%|████▎     | 521/1194 [07:19<07:13,  1.55it/s]Evaluating raw model output:  44%|████▎     | 522/1194 [07:19<06:54,  1.62it/s]Evaluating raw model output:  44%|████▍     | 523/1194 [07:20<06:35,  1.70it/s]Evaluating raw model output:  44%|████▍     | 524/1194 [07:20<06:24,  1.74it/s]Evaluating raw model output:  44%|████▍     | 525/1194 [07:21<06:15,  1.78it/s]Evaluating raw model output:  44%|████▍     | 526/1194 [07:22<08:15,  1.35it/s]Evaluating raw model output:  44%|████▍     | 527/1194 [07:22<07:24,  1.50it/s]Evaluating raw model output:  44%|████▍     | 528/1194 [07:24<10:02,  1.11it/s]Evaluating raw model output:  44%|████▍     | 529/1194 [07:25<10:50,  1.02it/s]Evaluating raw model output:  44%|████▍     | 530/1194 [07:26<09:27,  1.17it/s]Evaluating raw model output:  44%|████▍     | 531/1194 [07:27<10:31,  1.05it/s]Evaluating raw model output:  45%|████▍     | 532/1194 [07:27<08:55,  1.24it/s]Evaluating raw model output:  45%|████▍     | 533/1194 [07:28<08:00,  1.37it/s]Evaluating raw model output:  45%|████▍     | 534/1194 [07:28<07:22,  1.49it/s]Evaluating raw model output:  45%|████▍     | 535/1194 [07:29<07:17,  1.50it/s]Evaluating raw model output:  45%|████▍     | 536/1194 [07:30<08:55,  1.23it/s]Evaluating raw model output:  45%|████▍     | 537/1194 [07:31<08:03,  1.36it/s]Evaluating raw model output:  45%|████▌     | 538/1194 [07:31<07:11,  1.52it/s]Evaluating raw model output:  45%|████▌     | 539/1194 [07:32<06:44,  1.62it/s]Evaluating raw model output:  45%|████▌     | 540/1194 [07:32<06:47,  1.61it/s]Evaluating raw model output:  45%|████▌     | 541/1194 [07:33<06:29,  1.68it/s]Evaluating raw model output:  45%|████▌     | 542/1194 [07:33<06:23,  1.70it/s]Evaluating raw model output:  45%|████▌     | 543/1194 [07:34<06:13,  1.74it/s]Evaluating raw model output:  46%|████▌     | 544/1194 [07:35<07:53,  1.37it/s]Evaluating raw model output:  46%|████▌     | 545/1194 [07:37<10:21,  1.04it/s]Evaluating raw model output:  46%|████▌     | 546/1194 [07:37<08:55,  1.21it/s]Evaluating raw model output:  46%|████▌     | 547/1194 [07:38<08:25,  1.28it/s]Evaluating raw model output:  46%|████▌     | 548/1194 [07:38<07:56,  1.35it/s]Evaluating raw model output:  46%|████▌     | 549/1194 [07:39<07:42,  1.39it/s]Evaluating raw model output:  46%|████▌     | 550/1194 [07:40<07:20,  1.46it/s]Evaluating raw model output:  46%|████▌     | 551/1194 [07:40<06:40,  1.61it/s]Evaluating raw model output:  46%|████▌     | 552/1194 [07:41<06:20,  1.69it/s]Evaluating raw model output:  46%|████▋     | 553/1194 [07:42<07:35,  1.41it/s]Evaluating raw model output:  46%|████▋     | 554/1194 [07:43<08:44,  1.22it/s]Evaluating raw model output:  46%|████▋     | 555/1194 [07:44<11:09,  1.05s/it]Evaluating raw model output:  47%|████▋     | 556/1194 [07:45<09:23,  1.13it/s]Evaluating raw model output:  47%|████▋     | 557/1194 [07:46<09:01,  1.18it/s]Evaluating raw model output:  47%|████▋     | 558/1194 [07:46<07:58,  1.33it/s]Evaluating raw model output:  47%|████▋     | 559/1194 [07:47<08:28,  1.25it/s]Evaluating raw model output:  47%|████▋     | 560/1194 [07:48<07:34,  1.39it/s]Evaluating raw model output:  47%|████▋     | 561/1194 [07:48<07:25,  1.42it/s]Evaluating raw model output:  47%|████▋     | 562/1194 [07:49<06:54,  1.53it/s]Evaluating raw model output:  47%|████▋     | 563/1194 [07:49<06:34,  1.60it/s]Evaluating raw model output:  47%|████▋     | 564/1194 [07:50<06:27,  1.63it/s]Evaluating raw model output:  47%|████▋     | 565/1194 [07:51<06:14,  1.68it/s]Evaluating raw model output:  47%|████▋     | 566/1194 [07:51<06:06,  1.71it/s]Evaluating raw model output:  47%|████▋     | 567/1194 [07:52<06:16,  1.67it/s]Evaluating raw model output:  48%|████▊     | 568/1194 [07:52<06:02,  1.73it/s]Evaluating raw model output:  48%|████▊     | 569/1194 [07:53<05:47,  1.80it/s]Evaluating raw model output:  48%|████▊     | 570/1194 [07:53<06:10,  1.69it/s]Evaluating raw model output:  48%|████▊     | 571/1194 [07:54<06:03,  1.71it/s]Evaluating raw model output:  48%|████▊     | 572/1194 [07:55<07:48,  1.33it/s]Evaluating raw model output:  48%|████▊     | 573/1194 [07:56<07:07,  1.45it/s]Evaluating raw model output:  48%|████▊     | 574/1194 [07:57<08:02,  1.29it/s]Evaluating raw model output:  48%|████▊     | 575/1194 [07:57<07:10,  1.44it/s]Evaluating raw model output:  48%|████▊     | 576/1194 [07:58<06:44,  1.53it/s]Evaluating raw model output:  48%|████▊     | 577/1194 [07:58<06:24,  1.60it/s]Evaluating raw model output:  48%|████▊     | 578/1194 [07:59<06:14,  1.65it/s]Evaluating raw model output:  48%|████▊     | 579/1194 [07:59<05:49,  1.76it/s]Evaluating raw model output:  49%|████▊     | 580/1194 [08:01<08:16,  1.24it/s]Evaluating raw model output:  49%|████▊     | 581/1194 [08:01<07:18,  1.40it/s]Evaluating raw model output:  49%|████▊     | 582/1194 [08:02<09:03,  1.13it/s]Evaluating raw model output:  49%|████▉     | 583/1194 [08:03<08:01,  1.27it/s]Evaluating raw model output:  49%|████▉     | 584/1194 [08:04<07:15,  1.40it/s]Evaluating raw model output:  49%|████▉     | 585/1194 [08:04<06:41,  1.51it/s]Evaluating raw model output:  49%|████▉     | 586/1194 [08:05<06:23,  1.59it/s]Evaluating raw model output:  49%|████▉     | 587/1194 [08:05<06:13,  1.62it/s]Evaluating raw model output:  49%|████▉     | 588/1194 [08:06<06:01,  1.68it/s]Evaluating raw model output:  49%|████▉     | 589/1194 [08:06<05:44,  1.76it/s]Evaluating raw model output:  49%|████▉     | 590/1194 [08:07<05:37,  1.79it/s]Evaluating raw model output:  49%|████▉     | 591/1194 [08:07<05:36,  1.79it/s]Evaluating raw model output:  50%|████▉     | 592/1194 [08:08<05:21,  1.87it/s]Evaluating raw model output:  50%|████▉     | 593/1194 [08:08<05:22,  1.86it/s]Evaluating raw model output:  50%|████▉     | 594/1194 [08:09<06:22,  1.57it/s]Evaluating raw model output:  50%|████▉     | 595/1194 [08:10<06:01,  1.66it/s]Evaluating raw model output:  50%|████▉     | 596/1194 [08:10<05:48,  1.71it/s]Evaluating raw model output:  50%|█████     | 597/1194 [08:11<05:39,  1.76it/s]Evaluating raw model output:  50%|█████     | 598/1194 [08:11<05:34,  1.78it/s]Evaluating raw model output:  50%|█████     | 599/1194 [08:12<05:20,  1.86it/s]Evaluating raw model output:  50%|█████     | 600/1194 [08:13<07:32,  1.31it/s]Evaluating raw model output:  50%|█████     | 601/1194 [08:14<07:28,  1.32it/s]Evaluating raw model output:  50%|█████     | 602/1194 [08:15<06:59,  1.41it/s]Evaluating raw model output:  51%|█████     | 603/1194 [08:15<06:30,  1.51it/s]Evaluating raw model output:  51%|█████     | 604/1194 [08:16<07:08,  1.38it/s]Evaluating raw model output:  51%|█████     | 605/1194 [08:17<06:42,  1.47it/s]Evaluating raw model output:  51%|█████     | 606/1194 [08:17<06:17,  1.56it/s]Evaluating raw model output:  51%|█████     | 607/1194 [08:18<08:18,  1.18it/s]Evaluating raw model output:  51%|█████     | 608/1194 [08:19<07:27,  1.31it/s]Evaluating raw model output:  51%|█████     | 609/1194 [08:19<06:38,  1.47it/s]Evaluating raw model output:  51%|█████     | 610/1194 [08:20<06:10,  1.58it/s]Evaluating raw model output:  51%|█████     | 611/1194 [08:21<05:55,  1.64it/s]Evaluating raw model output:  51%|█████▏    | 612/1194 [08:21<05:35,  1.74it/s]Evaluating raw model output:  51%|█████▏    | 613/1194 [08:22<05:29,  1.77it/s]Evaluating raw model output:  51%|█████▏    | 614/1194 [08:22<05:34,  1.74it/s]Evaluating raw model output:  52%|█████▏    | 615/1194 [08:23<05:20,  1.81it/s]Evaluating raw model output:  52%|█████▏    | 616/1194 [08:23<05:20,  1.81it/s]Evaluating raw model output:  52%|█████▏    | 617/1194 [08:24<05:37,  1.71it/s]Evaluating raw model output:  52%|█████▏    | 618/1194 [08:24<05:31,  1.74it/s]Evaluating raw model output:  52%|█████▏    | 619/1194 [08:25<05:27,  1.75it/s]Evaluating raw model output:  52%|█████▏    | 620/1194 [08:26<05:25,  1.76it/s]Evaluating raw model output:  52%|█████▏    | 621/1194 [08:26<05:23,  1.77it/s]Evaluating raw model output:  52%|█████▏    | 622/1194 [08:27<05:17,  1.80it/s]Evaluating raw model output:  52%|█████▏    | 623/1194 [08:27<05:15,  1.81it/s]Evaluating raw model output:  52%|█████▏    | 624/1194 [08:28<05:15,  1.81it/s]Evaluating raw model output:  52%|█████▏    | 625/1194 [08:28<05:14,  1.81it/s]Evaluating raw model output:  52%|█████▏    | 626/1194 [08:30<07:53,  1.20it/s]Evaluating raw model output:  53%|█████▎    | 627/1194 [08:30<07:11,  1.31it/s]Evaluating raw model output:  53%|█████▎    | 628/1194 [08:31<06:57,  1.36it/s]Evaluating raw model output:  53%|█████▎    | 629/1194 [08:32<06:22,  1.48it/s]Evaluating raw model output:  53%|█████▎    | 630/1194 [08:32<05:53,  1.59it/s]Evaluating raw model output:  53%|█████▎    | 631/1194 [08:33<05:41,  1.65it/s]Evaluating raw model output:  53%|█████▎    | 632/1194 [08:33<05:25,  1.73it/s]Evaluating raw model output:  53%|█████▎    | 633/1194 [08:34<05:23,  1.74it/s]Evaluating raw model output:  53%|█████▎    | 634/1194 [08:34<05:19,  1.75it/s]Evaluating raw model output:  53%|█████▎    | 635/1194 [08:35<05:08,  1.81it/s]Evaluating raw model output:  53%|█████▎    | 636/1194 [08:35<05:04,  1.83it/s]Evaluating raw model output:  53%|█████▎    | 637/1194 [08:36<05:07,  1.81it/s]Evaluating raw model output:  53%|█████▎    | 638/1194 [08:36<05:05,  1.82it/s]Evaluating raw model output:  54%|█████▎    | 639/1194 [08:37<05:03,  1.83it/s]Evaluating raw model output:  54%|█████▎    | 640/1194 [08:38<07:05,  1.30it/s]Evaluating raw model output:  54%|█████▎    | 641/1194 [08:39<06:21,  1.45it/s]Evaluating raw model output:  54%|█████▍    | 642/1194 [08:39<06:05,  1.51it/s]Evaluating raw model output:  54%|█████▍    | 643/1194 [08:41<07:32,  1.22it/s]Evaluating raw model output:  54%|█████▍    | 644/1194 [08:41<06:44,  1.36it/s]Evaluating raw model output:  54%|█████▍    | 645/1194 [08:42<06:13,  1.47it/s]Evaluating raw model output:  54%|█████▍    | 646/1194 [08:43<06:55,  1.32it/s]Evaluating raw model output:  54%|█████▍    | 647/1194 [08:44<07:25,  1.23it/s]Evaluating raw model output:  54%|█████▍    | 648/1194 [08:44<06:38,  1.37it/s]Evaluating raw model output:  54%|█████▍    | 649/1194 [08:45<05:59,  1.52it/s]Evaluating raw model output:  54%|█████▍    | 650/1194 [08:45<05:44,  1.58it/s]Evaluating raw model output:  55%|█████▍    | 651/1194 [08:46<06:38,  1.36it/s]Evaluating raw model output:  55%|█████▍    | 652/1194 [08:47<06:06,  1.48it/s]Evaluating raw model output:  55%|█████▍    | 653/1194 [08:47<06:05,  1.48it/s]Evaluating raw model output:  55%|█████▍    | 654/1194 [08:49<07:33,  1.19it/s]Evaluating raw model output:  55%|█████▍    | 655/1194 [08:49<07:01,  1.28it/s]Evaluating raw model output:  55%|█████▍    | 656/1194 [08:50<06:21,  1.41it/s]Evaluating raw model output:  55%|█████▌    | 657/1194 [08:50<05:54,  1.51it/s]Evaluating raw model output:  55%|█████▌    | 658/1194 [08:51<07:03,  1.27it/s]Evaluating raw model output:  55%|█████▌    | 659/1194 [08:52<06:25,  1.39it/s]Evaluating raw model output:  55%|█████▌    | 660/1194 [08:53<07:41,  1.16it/s]Evaluating raw model output:  55%|█████▌    | 661/1194 [08:54<06:47,  1.31it/s]Evaluating raw model output:  55%|█████▌    | 662/1194 [08:54<06:10,  1.44it/s]Evaluating raw model output:  56%|█████▌    | 663/1194 [08:55<06:38,  1.33it/s]Evaluating raw model output:  56%|█████▌    | 664/1194 [08:56<06:02,  1.46it/s]Evaluating raw model output:  56%|█████▌    | 665/1194 [08:56<05:43,  1.54it/s]Evaluating raw model output:  56%|█████▌    | 666/1194 [08:57<05:41,  1.54it/s]Evaluating raw model output:  56%|█████▌    | 667/1194 [08:58<06:12,  1.42it/s]Evaluating raw model output:  56%|█████▌    | 668/1194 [08:58<05:42,  1.54it/s]Evaluating raw model output:  56%|█████▌    | 669/1194 [08:59<05:14,  1.67it/s]Evaluating raw model output:  56%|█████▌    | 670/1194 [08:59<04:55,  1.77it/s]Evaluating raw model output:  56%|█████▌    | 671/1194 [09:00<04:56,  1.76it/s]Evaluating raw model output:  56%|█████▋    | 672/1194 [09:00<04:50,  1.80it/s]Evaluating raw model output:  56%|█████▋    | 673/1194 [09:01<04:49,  1.80it/s]Evaluating raw model output:  56%|█████▋    | 674/1194 [09:01<04:45,  1.82it/s]Evaluating raw model output:  57%|█████▋    | 675/1194 [09:02<04:33,  1.90it/s]Evaluating raw model output:  57%|█████▋    | 676/1194 [09:02<04:31,  1.91it/s]Evaluating raw model output:  57%|█████▋    | 677/1194 [09:03<05:34,  1.54it/s]Evaluating raw model output:  57%|█████▋    | 678/1194 [09:04<05:19,  1.62it/s]Evaluating raw model output:  57%|█████▋    | 679/1194 [09:05<05:58,  1.44it/s]Evaluating raw model output:  57%|█████▋    | 680/1194 [09:05<05:32,  1.55it/s]Evaluating raw model output:  57%|█████▋    | 681/1194 [09:06<05:03,  1.69it/s]Evaluating raw model output:  57%|█████▋    | 682/1194 [09:06<05:03,  1.69it/s]Evaluating raw model output:  57%|█████▋    | 683/1194 [09:07<04:49,  1.77it/s]Evaluating raw model output:  57%|█████▋    | 684/1194 [09:08<05:41,  1.49it/s]Evaluating raw model output:  57%|█████▋    | 685/1194 [09:08<05:33,  1.53it/s]Evaluating raw model output:  57%|█████▋    | 686/1194 [09:09<05:17,  1.60it/s]Evaluating raw model output:  58%|█████▊    | 687/1194 [09:10<06:33,  1.29it/s]Evaluating raw model output:  58%|█████▊    | 688/1194 [09:11<05:49,  1.45it/s]Evaluating raw model output:  58%|█████▊    | 689/1194 [09:11<05:23,  1.56it/s]Evaluating raw model output:  58%|█████▊    | 690/1194 [09:12<05:04,  1.66it/s]Evaluating raw model output:  58%|█████▊    | 691/1194 [09:12<05:09,  1.62it/s]Evaluating raw model output:  58%|█████▊    | 692/1194 [09:13<06:27,  1.30it/s]Evaluating raw model output:  58%|█████▊    | 693/1194 [09:14<05:44,  1.46it/s]Evaluating raw model output:  58%|█████▊    | 694/1194 [09:14<05:24,  1.54it/s]Evaluating raw model output:  58%|█████▊    | 695/1194 [09:15<05:06,  1.63it/s]Evaluating raw model output:  58%|█████▊    | 696/1194 [09:16<05:54,  1.41it/s]Evaluating raw model output:  58%|█████▊    | 697/1194 [09:16<05:23,  1.54it/s]Evaluating raw model output:  58%|█████▊    | 698/1194 [09:17<06:25,  1.29it/s]Evaluating raw model output:  59%|█████▊    | 699/1194 [09:18<05:48,  1.42it/s]Evaluating raw model output:  59%|█████▊    | 700/1194 [09:19<05:23,  1.53it/s]Evaluating raw model output:  59%|█████▊    | 701/1194 [09:19<05:05,  1.61it/s]Evaluating raw model output:  59%|█████▉    | 702/1194 [09:20<04:51,  1.69it/s]Evaluating raw model output:  59%|█████▉    | 703/1194 [09:21<06:57,  1.18it/s]Evaluating raw model output:  59%|█████▉    | 704/1194 [09:23<09:12,  1.13s/it]Evaluating raw model output:  59%|█████▉    | 705/1194 [09:24<08:10,  1.00s/it]Evaluating raw model output:  59%|█████▉    | 706/1194 [09:24<07:05,  1.15it/s]Evaluating raw model output:  59%|█████▉    | 707/1194 [09:26<08:34,  1.06s/it]Evaluating raw model output:  59%|█████▉    | 708/1194 [09:26<07:17,  1.11it/s]Evaluating raw model output:  59%|█████▉    | 709/1194 [09:27<06:26,  1.25it/s]Evaluating raw model output:  59%|█████▉    | 710/1194 [09:27<05:48,  1.39it/s]Evaluating raw model output:  60%|█████▉    | 711/1194 [09:28<06:23,  1.26it/s]Evaluating raw model output:  60%|█████▉    | 712/1194 [09:29<05:45,  1.39it/s]Evaluating raw model output:  60%|█████▉    | 713/1194 [09:29<05:29,  1.46it/s]Evaluating raw model output:  60%|█████▉    | 714/1194 [09:30<05:08,  1.56it/s]Evaluating raw model output:  60%|█████▉    | 715/1194 [09:30<04:49,  1.66it/s]Evaluating raw model output:  60%|█████▉    | 716/1194 [09:31<04:39,  1.71it/s]Evaluating raw model output:  60%|██████    | 717/1194 [09:32<04:51,  1.64it/s]Evaluating raw model output:  60%|██████    | 718/1194 [09:32<04:38,  1.71it/s]Evaluating raw model output:  60%|██████    | 719/1194 [09:34<07:14,  1.09it/s]Evaluating raw model output:  60%|██████    | 720/1194 [09:34<06:18,  1.25it/s]Evaluating raw model output:  60%|██████    | 721/1194 [09:35<05:43,  1.38it/s]Evaluating raw model output:  60%|██████    | 722/1194 [09:35<05:16,  1.49it/s]Evaluating raw model output:  61%|██████    | 723/1194 [09:37<06:26,  1.22it/s]Evaluating raw model output:  61%|██████    | 724/1194 [09:37<05:48,  1.35it/s]Evaluating raw model output:  61%|██████    | 725/1194 [09:38<05:19,  1.47it/s]Evaluating raw model output:  61%|██████    | 726/1194 [09:38<05:00,  1.56it/s]Evaluating raw model output:  61%|██████    | 727/1194 [09:39<04:59,  1.56it/s]Evaluating raw model output:  61%|██████    | 728/1194 [09:40<05:26,  1.43it/s]Evaluating raw model output:  61%|██████    | 729/1194 [09:40<04:58,  1.56it/s]Evaluating raw model output:  61%|██████    | 730/1194 [09:41<04:43,  1.64it/s]Evaluating raw model output:  61%|██████    | 731/1194 [09:41<04:34,  1.69it/s]Evaluating raw model output:  61%|██████▏   | 732/1194 [09:42<04:30,  1.71it/s]Evaluating raw model output:  61%|██████▏   | 733/1194 [09:43<06:33,  1.17it/s]Evaluating raw model output:  61%|██████▏   | 734/1194 [09:44<05:51,  1.31it/s]Evaluating raw model output:  62%|██████▏   | 735/1194 [09:44<05:19,  1.44it/s]Evaluating raw model output:  62%|██████▏   | 736/1194 [09:45<04:53,  1.56it/s]Evaluating raw model output:  62%|██████▏   | 737/1194 [09:45<04:36,  1.65it/s]Evaluating raw model output:  62%|██████▏   | 738/1194 [09:46<04:25,  1.71it/s]Evaluating raw model output:  62%|██████▏   | 739/1194 [09:47<04:13,  1.80it/s]Evaluating raw model output:  62%|██████▏   | 740/1194 [09:47<04:22,  1.73it/s]Evaluating raw model output:  62%|██████▏   | 741/1194 [09:48<05:01,  1.50it/s]Evaluating raw model output:  62%|██████▏   | 742/1194 [09:49<06:00,  1.25it/s]Evaluating raw model output:  62%|██████▏   | 743/1194 [09:50<07:19,  1.03it/s]Evaluating raw model output:  62%|██████▏   | 744/1194 [09:51<06:19,  1.19it/s]Evaluating raw model output:  62%|██████▏   | 745/1194 [09:52<05:40,  1.32it/s]Evaluating raw model output:  62%|██████▏   | 746/1194 [09:52<05:15,  1.42it/s]Evaluating raw model output:  63%|██████▎   | 747/1194 [09:53<04:55,  1.51it/s]Evaluating raw model output:  63%|██████▎   | 748/1194 [09:53<04:40,  1.59it/s]Evaluating raw model output:  63%|██████▎   | 749/1194 [09:54<04:28,  1.66it/s]Evaluating raw model output:  63%|██████▎   | 750/1194 [09:54<04:21,  1.70it/s]Evaluating raw model output:  63%|██████▎   | 751/1194 [09:55<05:10,  1.43it/s]Evaluating raw model output:  63%|██████▎   | 752/1194 [09:56<04:47,  1.54it/s]Evaluating raw model output:  63%|██████▎   | 753/1194 [09:56<04:36,  1.60it/s]Evaluating raw model output:  63%|██████▎   | 754/1194 [09:57<04:43,  1.55it/s]Evaluating raw model output:  63%|██████▎   | 755/1194 [09:58<04:47,  1.53it/s]Evaluating raw model output:  63%|██████▎   | 756/1194 [09:58<04:41,  1.55it/s]Evaluating raw model output:  63%|██████▎   | 757/1194 [09:59<04:38,  1.57it/s]Evaluating raw model output:  63%|██████▎   | 758/1194 [10:00<04:23,  1.65it/s]Evaluating raw model output:  64%|██████▎   | 759/1194 [10:00<04:19,  1.68it/s]Evaluating raw model output:  64%|██████▎   | 760/1194 [10:01<04:08,  1.74it/s]Evaluating raw model output:  64%|██████▎   | 761/1194 [10:02<04:50,  1.49it/s]Evaluating raw model output:  64%|██████▍   | 762/1194 [10:03<06:37,  1.09it/s]Evaluating raw model output:  64%|██████▍   | 763/1194 [10:04<05:50,  1.23it/s]Evaluating raw model output:  64%|██████▍   | 764/1194 [10:04<05:13,  1.37it/s]Evaluating raw model output:  64%|██████▍   | 765/1194 [10:05<04:48,  1.49it/s]Evaluating raw model output:  64%|██████▍   | 766/1194 [10:05<04:31,  1.58it/s]Evaluating raw model output:  64%|██████▍   | 767/1194 [10:06<04:17,  1.66it/s]Evaluating raw model output:  64%|██████▍   | 768/1194 [10:06<04:13,  1.68it/s]Evaluating raw model output:  64%|██████▍   | 769/1194 [10:07<04:06,  1.73it/s]Evaluating raw model output:  64%|██████▍   | 770/1194 [10:07<04:03,  1.74it/s]Evaluating raw model output:  65%|██████▍   | 771/1194 [10:08<03:58,  1.77it/s]Evaluating raw model output:  65%|██████▍   | 772/1194 [10:09<03:59,  1.76it/s]Evaluating raw model output:  65%|██████▍   | 773/1194 [10:10<05:03,  1.39it/s]Evaluating raw model output:  65%|██████▍   | 774/1194 [10:11<05:50,  1.20it/s]Evaluating raw model output:  65%|██████▍   | 775/1194 [10:11<05:08,  1.36it/s]Evaluating raw model output:  65%|██████▍   | 776/1194 [10:12<04:44,  1.47it/s]Evaluating raw model output:  65%|██████▌   | 777/1194 [10:13<06:10,  1.13it/s]Evaluating raw model output:  65%|██████▌   | 778/1194 [10:14<06:46,  1.02it/s]Evaluating raw model output:  65%|██████▌   | 779/1194 [10:15<05:53,  1.17it/s]Evaluating raw model output:  65%|██████▌   | 780/1194 [10:15<05:11,  1.33it/s]Evaluating raw model output:  65%|██████▌   | 781/1194 [10:16<04:48,  1.43it/s]Evaluating raw model output:  65%|██████▌   | 782/1194 [10:17<05:21,  1.28it/s]Evaluating raw model output:  66%|██████▌   | 783/1194 [10:18<05:03,  1.35it/s]Evaluating raw model output:  66%|██████▌   | 784/1194 [10:18<04:37,  1.48it/s]Evaluating raw model output:  66%|██████▌   | 785/1194 [10:19<04:13,  1.61it/s]Evaluating raw model output:  66%|██████▌   | 786/1194 [10:19<03:59,  1.70it/s]Evaluating raw model output:  66%|██████▌   | 787/1194 [10:20<03:45,  1.80it/s]Evaluating raw model output:  66%|██████▌   | 788/1194 [10:20<03:37,  1.87it/s]Evaluating raw model output:  66%|██████▌   | 789/1194 [10:21<03:33,  1.90it/s]Evaluating raw model output:  66%|██████▌   | 790/1194 [10:21<03:31,  1.91it/s]Evaluating raw model output:  66%|██████▌   | 791/1194 [10:22<03:30,  1.92it/s]Evaluating raw model output:  66%|██████▋   | 792/1194 [10:22<03:24,  1.97it/s]Evaluating raw model output:  66%|██████▋   | 793/1194 [10:23<03:20,  2.00it/s]Evaluating raw model output:  66%|██████▋   | 794/1194 [10:23<03:29,  1.91it/s]Evaluating raw model output:  67%|██████▋   | 795/1194 [10:24<03:38,  1.83it/s]Evaluating raw model output:  67%|██████▋   | 796/1194 [10:25<04:21,  1.52it/s]Evaluating raw model output:  67%|██████▋   | 797/1194 [10:25<04:26,  1.49it/s]Evaluating raw model output:  67%|██████▋   | 798/1194 [10:26<04:00,  1.64it/s]Evaluating raw model output:  67%|██████▋   | 799/1194 [10:26<03:53,  1.69it/s]Evaluating raw model output:  67%|██████▋   | 800/1194 [10:27<04:00,  1.64it/s]Evaluating raw model output:  67%|██████▋   | 801/1194 [10:28<03:57,  1.65it/s]Evaluating raw model output:  67%|██████▋   | 802/1194 [10:29<04:34,  1.43it/s]Evaluating raw model output:  67%|██████▋   | 803/1194 [10:29<04:15,  1.53it/s]Evaluating raw model output:  67%|██████▋   | 804/1194 [10:30<03:58,  1.63it/s]Evaluating raw model output:  67%|██████▋   | 805/1194 [10:30<03:53,  1.67it/s]Evaluating raw model output:  68%|██████▊   | 806/1194 [10:31<03:49,  1.69it/s]Evaluating raw model output:  68%|██████▊   | 807/1194 [10:31<03:46,  1.71it/s]Evaluating raw model output:  68%|██████▊   | 808/1194 [10:32<04:06,  1.56it/s]Evaluating raw model output:  68%|██████▊   | 809/1194 [10:33<05:04,  1.26it/s]Evaluating raw model output:  68%|██████▊   | 810/1194 [10:34<04:46,  1.34it/s]Evaluating raw model output:  68%|██████▊   | 811/1194 [10:35<04:26,  1.44it/s]Evaluating raw model output:  68%|██████▊   | 812/1194 [10:35<04:13,  1.51it/s]Evaluating raw model output:  68%|██████▊   | 813/1194 [10:36<03:57,  1.60it/s]Evaluating raw model output:  68%|██████▊   | 814/1194 [10:36<03:53,  1.63it/s]Evaluating raw model output:  68%|██████▊   | 815/1194 [10:37<04:50,  1.30it/s]Evaluating raw model output:  68%|██████▊   | 816/1194 [10:38<04:27,  1.41it/s]Evaluating raw model output:  68%|██████▊   | 817/1194 [10:38<04:07,  1.52it/s]Evaluating raw model output:  69%|██████▊   | 818/1194 [10:39<03:48,  1.64it/s]Evaluating raw model output:  69%|██████▊   | 819/1194 [10:41<05:32,  1.13it/s]Evaluating raw model output:  69%|██████▊   | 820/1194 [10:42<06:54,  1.11s/it]Evaluating raw model output:  69%|██████▉   | 821/1194 [10:43<05:50,  1.07it/s]Evaluating raw model output:  69%|██████▉   | 822/1194 [10:44<06:18,  1.02s/it]Evaluating raw model output:  69%|██████▉   | 823/1194 [10:44<05:26,  1.14it/s]Evaluating raw model output:  69%|██████▉   | 824/1194 [10:45<04:52,  1.26it/s]Evaluating raw model output:  69%|██████▉   | 825/1194 [10:46<04:23,  1.40it/s]Evaluating raw model output:  69%|██████▉   | 826/1194 [10:46<04:05,  1.50it/s]Evaluating raw model output:  69%|██████▉   | 827/1194 [10:47<03:56,  1.55it/s]Evaluating raw model output:  69%|██████▉   | 828/1194 [10:47<03:42,  1.65it/s]Evaluating raw model output:  69%|██████▉   | 829/1194 [10:48<03:32,  1.72it/s]Evaluating raw model output:  70%|██████▉   | 830/1194 [10:49<04:35,  1.32it/s]Evaluating raw model output:  70%|██████▉   | 831/1194 [10:50<05:09,  1.17it/s]Evaluating raw model output:  70%|██████▉   | 832/1194 [10:51<04:32,  1.33it/s]Evaluating raw model output:  70%|██████▉   | 833/1194 [10:51<04:06,  1.46it/s]Evaluating raw model output:  70%|██████▉   | 834/1194 [10:52<03:53,  1.54it/s]Evaluating raw model output:  70%|██████▉   | 835/1194 [10:53<04:44,  1.26it/s]Evaluating raw model output:  70%|███████   | 836/1194 [10:53<04:17,  1.39it/s]Evaluating raw model output:  70%|███████   | 837/1194 [10:54<04:01,  1.48it/s]Evaluating raw model output:  70%|███████   | 838/1194 [10:55<05:08,  1.15it/s]Evaluating raw model output:  70%|███████   | 839/1194 [10:56<05:12,  1.14it/s]Evaluating raw model output:  70%|███████   | 840/1194 [10:57<04:35,  1.29it/s]Evaluating raw model output:  70%|███████   | 841/1194 [10:57<04:11,  1.41it/s]Evaluating raw model output:  71%|███████   | 842/1194 [10:58<03:45,  1.56it/s]Evaluating raw model output:  71%|███████   | 843/1194 [10:58<03:32,  1.65it/s]Evaluating raw model output:  71%|███████   | 844/1194 [10:59<03:27,  1.69it/s]Evaluating raw model output:  71%|███████   | 845/1194 [10:59<03:20,  1.74it/s]Evaluating raw model output:  71%|███████   | 846/1194 [11:00<04:10,  1.39it/s]Evaluating raw model output:  71%|███████   | 847/1194 [11:01<04:27,  1.29it/s]Evaluating raw model output:  71%|███████   | 848/1194 [11:02<04:03,  1.42it/s]Evaluating raw model output:  71%|███████   | 849/1194 [11:02<04:05,  1.40it/s]Evaluating raw model output:  71%|███████   | 850/1194 [11:03<03:44,  1.53it/s]Evaluating raw model output:  71%|███████▏  | 851/1194 [11:04<03:29,  1.64it/s]Evaluating raw model output:  71%|███████▏  | 852/1194 [11:04<03:31,  1.62it/s]Evaluating raw model output:  71%|███████▏  | 853/1194 [11:05<03:36,  1.58it/s]Evaluating raw model output:  72%|███████▏  | 854/1194 [11:05<03:24,  1.67it/s]Evaluating raw model output:  72%|███████▏  | 855/1194 [11:06<03:32,  1.60it/s]Evaluating raw model output:  72%|███████▏  | 856/1194 [11:07<04:24,  1.28it/s]Evaluating raw model output:  72%|███████▏  | 857/1194 [11:08<04:16,  1.31it/s]Evaluating raw model output:  72%|███████▏  | 858/1194 [11:08<03:59,  1.40it/s]Evaluating raw model output:  72%|███████▏  | 859/1194 [11:09<03:35,  1.56it/s]Evaluating raw model output:  72%|███████▏  | 860/1194 [11:10<03:25,  1.63it/s]Evaluating raw model output:  72%|███████▏  | 861/1194 [11:10<03:11,  1.74it/s]Evaluating raw model output:  72%|███████▏  | 862/1194 [11:11<03:08,  1.76it/s]Evaluating raw model output:  72%|███████▏  | 863/1194 [11:11<03:04,  1.80it/s]Evaluating raw model output:  72%|███████▏  | 864/1194 [11:12<03:02,  1.80it/s]Evaluating raw model output:  72%|███████▏  | 865/1194 [11:13<03:40,  1.49it/s]Evaluating raw model output:  73%|███████▎  | 866/1194 [11:13<03:27,  1.58it/s]Evaluating raw model output:  73%|███████▎  | 867/1194 [11:14<03:57,  1.38it/s]Evaluating raw model output:  73%|███████▎  | 868/1194 [11:15<03:37,  1.50it/s]Evaluating raw model output:  73%|███████▎  | 869/1194 [11:15<03:27,  1.57it/s]Evaluating raw model output:  73%|███████▎  | 870/1194 [11:16<03:51,  1.40it/s]Evaluating raw model output:  73%|███████▎  | 871/1194 [11:17<03:34,  1.51it/s]Evaluating raw model output:  73%|███████▎  | 872/1194 [11:17<03:27,  1.55it/s]Evaluating raw model output:  73%|███████▎  | 873/1194 [11:18<03:19,  1.61it/s]Evaluating raw model output:  73%|███████▎  | 874/1194 [11:18<03:07,  1.70it/s]Evaluating raw model output:  73%|███████▎  | 875/1194 [11:19<03:03,  1.74it/s]Evaluating raw model output:  73%|███████▎  | 876/1194 [11:19<02:58,  1.78it/s]Evaluating raw model output:  73%|███████▎  | 877/1194 [11:20<02:54,  1.82it/s]Evaluating raw model output:  74%|███████▎  | 878/1194 [11:20<02:47,  1.89it/s]Evaluating raw model output:  74%|███████▎  | 879/1194 [11:21<02:47,  1.88it/s]Evaluating raw model output:  74%|███████▎  | 880/1194 [11:21<02:48,  1.87it/s]Evaluating raw model output:  74%|███████▍  | 881/1194 [11:22<03:20,  1.56it/s]Evaluating raw model output:  74%|███████▍  | 882/1194 [11:23<03:47,  1.37it/s]Evaluating raw model output:  74%|███████▍  | 883/1194 [11:24<04:01,  1.29it/s]Evaluating raw model output:  74%|███████▍  | 884/1194 [11:25<04:29,  1.15it/s]Evaluating raw model output:  74%|███████▍  | 885/1194 [11:26<04:41,  1.10it/s]Evaluating raw model output:  74%|███████▍  | 886/1194 [11:27<04:07,  1.25it/s]Evaluating raw model output:  74%|███████▍  | 887/1194 [11:28<04:29,  1.14it/s]Evaluating raw model output:  74%|███████▍  | 888/1194 [11:28<03:56,  1.29it/s]Evaluating raw model output:  74%|███████▍  | 889/1194 [11:30<05:22,  1.06s/it]Evaluating raw model output:  75%|███████▍  | 890/1194 [11:31<04:32,  1.12it/s]Evaluating raw model output:  75%|███████▍  | 891/1194 [11:31<03:58,  1.27it/s]Evaluating raw model output:  75%|███████▍  | 892/1194 [11:32<03:36,  1.40it/s]Evaluating raw model output:  75%|███████▍  | 893/1194 [11:33<04:26,  1.13it/s]Evaluating raw model output:  75%|███████▍  | 894/1194 [11:34<03:53,  1.29it/s]Evaluating raw model output:  75%|███████▍  | 895/1194 [11:35<04:56,  1.01it/s]Evaluating raw model output:  75%|███████▌  | 896/1194 [11:36<04:13,  1.18it/s]Evaluating raw model output:  75%|███████▌  | 897/1194 [11:37<04:36,  1.08it/s]Evaluating raw model output:  75%|███████▌  | 898/1194 [11:37<04:01,  1.22it/s]Evaluating raw model output:  75%|███████▌  | 899/1194 [11:39<04:46,  1.03it/s]Evaluating raw model output:  75%|███████▌  | 900/1194 [11:39<04:08,  1.18it/s]Evaluating raw model output:  75%|███████▌  | 901/1194 [11:40<03:49,  1.28it/s]Evaluating raw model output:  76%|███████▌  | 902/1194 [11:40<03:27,  1.41it/s]Evaluating raw model output:  76%|███████▌  | 903/1194 [11:41<03:10,  1.52it/s]Evaluating raw model output:  76%|███████▌  | 904/1194 [11:41<03:09,  1.53it/s]Evaluating raw model output:  76%|███████▌  | 905/1194 [11:42<03:12,  1.50it/s]Evaluating raw model output:  76%|███████▌  | 906/1194 [11:43<03:16,  1.46it/s]Evaluating raw model output:  76%|███████▌  | 907/1194 [11:43<03:09,  1.51it/s]Evaluating raw model output:  76%|███████▌  | 908/1194 [11:44<03:30,  1.36it/s]Evaluating raw model output:  76%|███████▌  | 909/1194 [11:45<03:11,  1.49it/s]Evaluating raw model output:  76%|███████▌  | 910/1194 [11:45<02:55,  1.62it/s]Evaluating raw model output:  76%|███████▋  | 911/1194 [11:46<02:50,  1.66it/s]Evaluating raw model output:  76%|███████▋  | 912/1194 [11:46<02:43,  1.72it/s]Evaluating raw model output:  76%|███████▋  | 913/1194 [11:47<02:35,  1.81it/s]Evaluating raw model output:  77%|███████▋  | 914/1194 [11:48<02:35,  1.80it/s]Evaluating raw model output:  77%|███████▋  | 915/1194 [11:48<02:32,  1.83it/s]Evaluating raw model output:  77%|███████▋  | 916/1194 [11:49<03:43,  1.24it/s]Evaluating raw model output:  77%|███████▋  | 917/1194 [11:50<03:22,  1.37it/s]Evaluating raw model output:  77%|███████▋  | 918/1194 [11:51<03:04,  1.49it/s]Evaluating raw model output:  77%|███████▋  | 919/1194 [11:51<02:56,  1.56it/s]Evaluating raw model output:  77%|███████▋  | 920/1194 [11:52<02:47,  1.64it/s]Evaluating raw model output:  77%|███████▋  | 921/1194 [11:53<03:13,  1.41it/s]Evaluating raw model output:  77%|███████▋  | 922/1194 [11:53<03:02,  1.49it/s]Evaluating raw model output:  77%|███████▋  | 923/1194 [11:54<02:49,  1.60it/s]Evaluating raw model output:  77%|███████▋  | 924/1194 [11:55<03:14,  1.39it/s]Evaluating raw model output:  77%|███████▋  | 925/1194 [11:55<02:52,  1.56it/s]Evaluating raw model output:  78%|███████▊  | 926/1194 [11:56<02:40,  1.67it/s]Evaluating raw model output:  78%|███████▊  | 927/1194 [11:56<02:31,  1.76it/s]Evaluating raw model output:  78%|███████▊  | 928/1194 [11:57<02:29,  1.77it/s]Evaluating raw model output:  78%|███████▊  | 929/1194 [11:57<02:29,  1.77it/s]Evaluating raw model output:  78%|███████▊  | 930/1194 [11:58<02:28,  1.78it/s]Evaluating raw model output:  78%|███████▊  | 931/1194 [11:58<02:25,  1.81it/s]Evaluating raw model output:  78%|███████▊  | 932/1194 [11:59<02:23,  1.82it/s]Evaluating raw model output:  78%|███████▊  | 933/1194 [11:59<02:22,  1.84it/s]Evaluating raw model output:  78%|███████▊  | 934/1194 [12:00<02:20,  1.85it/s]Evaluating raw model output:  78%|███████▊  | 935/1194 [12:00<02:21,  1.83it/s]Evaluating raw model output:  78%|███████▊  | 936/1194 [12:01<02:20,  1.84it/s]Evaluating raw model output:  78%|███████▊  | 937/1194 [12:02<02:18,  1.85it/s]Evaluating raw model output:  79%|███████▊  | 938/1194 [12:03<03:23,  1.26it/s]Evaluating raw model output:  79%|███████▊  | 939/1194 [12:04<03:08,  1.35it/s]Evaluating raw model output:  79%|███████▊  | 940/1194 [12:04<02:59,  1.42it/s]Evaluating raw model output:  79%|███████▉  | 941/1194 [12:05<02:47,  1.51it/s]Evaluating raw model output:  79%|███████▉  | 942/1194 [12:05<02:32,  1.65it/s]Evaluating raw model output:  79%|███████▉  | 943/1194 [12:06<02:54,  1.44it/s]Evaluating raw model output:  79%|███████▉  | 944/1194 [12:07<02:42,  1.54it/s]Evaluating raw model output:  79%|███████▉  | 945/1194 [12:07<02:30,  1.66it/s]Evaluating raw model output:  79%|███████▉  | 946/1194 [12:08<02:24,  1.72it/s]Evaluating raw model output:  79%|███████▉  | 947/1194 [12:08<02:16,  1.81it/s]Evaluating raw model output:  79%|███████▉  | 948/1194 [12:09<02:14,  1.83it/s]Evaluating raw model output:  79%|███████▉  | 949/1194 [12:10<03:03,  1.33it/s]Evaluating raw model output:  80%|███████▉  | 950/1194 [12:10<02:46,  1.46it/s]Evaluating raw model output:  80%|███████▉  | 951/1194 [12:11<02:35,  1.56it/s]Evaluating raw model output:  80%|███████▉  | 952/1194 [12:12<02:27,  1.64it/s]Evaluating raw model output:  80%|███████▉  | 953/1194 [12:12<02:19,  1.73it/s]Evaluating raw model output:  80%|███████▉  | 954/1194 [12:13<02:14,  1.79it/s]Evaluating raw model output:  80%|███████▉  | 955/1194 [12:13<02:11,  1.82it/s]Evaluating raw model output:  80%|████████  | 956/1194 [12:14<02:58,  1.34it/s]Evaluating raw model output:  80%|████████  | 957/1194 [12:15<02:45,  1.43it/s]Evaluating raw model output:  80%|████████  | 958/1194 [12:15<02:28,  1.59it/s]Evaluating raw model output:  80%|████████  | 959/1194 [12:16<03:00,  1.30it/s]Evaluating raw model output:  80%|████████  | 960/1194 [12:17<02:56,  1.32it/s]Evaluating raw model output:  80%|████████  | 961/1194 [12:18<02:51,  1.36it/s]Evaluating raw model output:  81%|████████  | 962/1194 [12:19<03:18,  1.17it/s]Evaluating raw model output:  81%|████████  | 963/1194 [12:20<03:03,  1.26it/s]Evaluating raw model output:  81%|████████  | 964/1194 [12:21<03:42,  1.03it/s]Evaluating raw model output:  81%|████████  | 965/1194 [12:22<03:12,  1.19it/s]Evaluating raw model output:  81%|████████  | 966/1194 [12:22<02:52,  1.32it/s]Evaluating raw model output:  81%|████████  | 967/1194 [12:23<02:37,  1.45it/s]Evaluating raw model output:  81%|████████  | 968/1194 [12:24<03:02,  1.24it/s]Evaluating raw model output:  81%|████████  | 969/1194 [12:24<02:45,  1.36it/s]Evaluating raw model output:  81%|████████  | 970/1194 [12:25<02:32,  1.47it/s]Evaluating raw model output:  81%|████████▏ | 971/1194 [12:25<02:23,  1.55it/s]Evaluating raw model output:  81%|████████▏ | 972/1194 [12:27<03:03,  1.21it/s]Evaluating raw model output:  81%|████████▏ | 973/1194 [12:27<02:44,  1.34it/s]Evaluating raw model output:  82%|████████▏ | 974/1194 [12:28<02:30,  1.47it/s]Evaluating raw model output:  82%|████████▏ | 975/1194 [12:28<02:20,  1.56it/s]Evaluating raw model output:  82%|████████▏ | 976/1194 [12:29<02:41,  1.35it/s]Evaluating raw model output:  82%|████████▏ | 977/1194 [12:30<02:29,  1.45it/s]Evaluating raw model output:  82%|████████▏ | 978/1194 [12:31<02:44,  1.31it/s]Evaluating raw model output:  82%|████████▏ | 979/1194 [12:31<02:36,  1.37it/s]Evaluating raw model output:  82%|████████▏ | 980/1194 [12:32<02:31,  1.41it/s]Evaluating raw model output:  82%|████████▏ | 981/1194 [12:33<02:19,  1.52it/s]Evaluating raw model output:  82%|████████▏ | 982/1194 [12:33<02:27,  1.44it/s]Evaluating raw model output:  82%|████████▏ | 983/1194 [12:34<02:18,  1.53it/s]Evaluating raw model output:  82%|████████▏ | 984/1194 [12:36<03:20,  1.05it/s]Evaluating raw model output:  82%|████████▏ | 985/1194 [12:36<02:52,  1.21it/s]Evaluating raw model output:  83%|████████▎ | 986/1194 [12:37<03:17,  1.05it/s]Evaluating raw model output:  83%|████████▎ | 987/1194 [12:38<02:50,  1.21it/s]Evaluating raw model output:  83%|████████▎ | 988/1194 [12:38<02:30,  1.37it/s]Evaluating raw model output:  83%|████████▎ | 989/1194 [12:39<02:17,  1.49it/s]Evaluating raw model output:  83%|████████▎ | 990/1194 [12:39<02:08,  1.59it/s]Evaluating raw model output:  83%|████████▎ | 991/1194 [12:40<02:02,  1.65it/s]Evaluating raw model output:  83%|████████▎ | 992/1194 [12:41<01:54,  1.77it/s]Evaluating raw model output:  83%|████████▎ | 993/1194 [12:41<01:52,  1.78it/s]Evaluating raw model output:  83%|████████▎ | 994/1194 [12:42<01:49,  1.83it/s]Evaluating raw model output:  83%|████████▎ | 995/1194 [12:42<01:48,  1.83it/s]Evaluating raw model output:  83%|████████▎ | 996/1194 [12:43<01:48,  1.83it/s]Evaluating raw model output:  84%|████████▎ | 997/1194 [12:44<02:20,  1.41it/s]Evaluating raw model output:  84%|████████▎ | 998/1194 [12:45<02:32,  1.28it/s]Evaluating raw model output:  84%|████████▎ | 999/1194 [12:45<02:18,  1.41it/s]Evaluating raw model output:  84%|████████▍ | 1000/1194 [12:46<02:09,  1.50it/s]Evaluating raw model output:  84%|████████▍ | 1001/1194 [12:46<02:01,  1.58it/s]Evaluating raw model output:  84%|████████▍ | 1002/1194 [12:47<01:56,  1.64it/s]Evaluating raw model output:  84%|████████▍ | 1003/1194 [12:48<02:14,  1.42it/s]Evaluating raw model output:  84%|████████▍ | 1004/1194 [12:48<02:04,  1.52it/s]Evaluating raw model output:  84%|████████▍ | 1005/1194 [12:49<01:57,  1.61it/s]Evaluating raw model output:  84%|████████▍ | 1006/1194 [12:49<01:53,  1.66it/s]Evaluating raw model output:  84%|████████▍ | 1007/1194 [12:50<01:51,  1.68it/s]Evaluating raw model output:  84%|████████▍ | 1008/1194 [12:51<02:18,  1.34it/s]Evaluating raw model output:  85%|████████▍ | 1009/1194 [12:52<02:17,  1.34it/s]Evaluating raw model output:  85%|████████▍ | 1010/1194 [12:52<01:52,  1.64it/s]Evaluating raw model output:  85%|████████▍ | 1011/1194 [12:53<02:05,  1.46it/s]Evaluating raw model output:  85%|████████▍ | 1012/1194 [12:54<01:55,  1.57it/s]Evaluating raw model output:  85%|████████▍ | 1013/1194 [12:55<02:12,  1.36it/s]Evaluating raw model output:  85%|████████▍ | 1014/1194 [12:55<02:04,  1.44it/s]Evaluating raw model output:  85%|████████▌ | 1015/1194 [12:56<01:56,  1.54it/s]Evaluating raw model output:  85%|████████▌ | 1016/1194 [12:56<01:50,  1.61it/s]Evaluating raw model output:  85%|████████▌ | 1017/1194 [12:58<02:25,  1.21it/s]Evaluating raw model output:  85%|████████▌ | 1018/1194 [12:58<02:10,  1.35it/s]Evaluating raw model output:  85%|████████▌ | 1019/1194 [12:59<01:58,  1.48it/s]Evaluating raw model output:  85%|████████▌ | 1020/1194 [12:59<01:50,  1.57it/s]Evaluating raw model output:  86%|████████▌ | 1021/1194 [13:00<01:45,  1.64it/s]Evaluating raw model output:  86%|████████▌ | 1022/1194 [13:00<01:39,  1.73it/s]Evaluating raw model output:  86%|████████▌ | 1023/1194 [13:01<01:34,  1.81it/s]Evaluating raw model output:  86%|████████▌ | 1024/1194 [13:01<01:34,  1.81it/s]Evaluating raw model output:  86%|████████▌ | 1025/1194 [13:02<01:34,  1.79it/s]Evaluating raw model output:  86%|████████▌ | 1026/1194 [13:02<01:33,  1.80it/s]Evaluating raw model output:  86%|████████▌ | 1027/1194 [13:04<02:06,  1.32it/s]Evaluating raw model output:  86%|████████▌ | 1028/1194 [13:05<02:13,  1.25it/s]Evaluating raw model output:  86%|████████▌ | 1029/1194 [13:05<01:57,  1.40it/s]Evaluating raw model output:  86%|████████▋ | 1030/1194 [13:06<01:46,  1.54it/s]Evaluating raw model output:  86%|████████▋ | 1031/1194 [13:06<01:40,  1.62it/s]Evaluating raw model output:  86%|████████▋ | 1032/1194 [13:07<01:36,  1.67it/s]Evaluating raw model output:  87%|████████▋ | 1033/1194 [13:07<01:31,  1.76it/s]Evaluating raw model output:  87%|████████▋ | 1034/1194 [13:08<01:35,  1.68it/s]Evaluating raw model output:  87%|████████▋ | 1035/1194 [13:08<01:38,  1.61it/s]Evaluating raw model output:  87%|████████▋ | 1036/1194 [13:09<01:51,  1.42it/s]Evaluating raw model output:  87%|████████▋ | 1037/1194 [13:10<01:48,  1.45it/s]Evaluating raw model output:  87%|████████▋ | 1038/1194 [13:11<01:40,  1.55it/s]Evaluating raw model output:  87%|████████▋ | 1039/1194 [13:11<01:32,  1.67it/s]Evaluating raw model output:  87%|████████▋ | 1040/1194 [13:12<01:30,  1.71it/s]Evaluating raw model output:  87%|████████▋ | 1041/1194 [13:13<01:45,  1.46it/s]Evaluating raw model output:  87%|████████▋ | 1042/1194 [13:13<01:55,  1.31it/s]Evaluating raw model output:  87%|████████▋ | 1043/1194 [13:14<02:03,  1.22it/s]Evaluating raw model output:  87%|████████▋ | 1044/1194 [13:15<01:50,  1.36it/s]Evaluating raw model output:  88%|████████▊ | 1045/1194 [13:16<02:06,  1.18it/s]Evaluating raw model output:  88%|████████▊ | 1046/1194 [13:17<01:51,  1.32it/s]Evaluating raw model output:  88%|████████▊ | 1047/1194 [13:18<02:12,  1.11it/s]Evaluating raw model output:  88%|████████▊ | 1048/1194 [13:18<01:58,  1.23it/s]Evaluating raw model output:  88%|████████▊ | 1049/1194 [13:19<01:45,  1.37it/s]Evaluating raw model output:  88%|████████▊ | 1050/1194 [13:19<01:33,  1.54it/s]Evaluating raw model output:  88%|████████▊ | 1051/1194 [13:20<01:27,  1.63it/s]Evaluating raw model output:  88%|████████▊ | 1052/1194 [13:21<01:24,  1.68it/s]Evaluating raw model output:  88%|████████▊ | 1053/1194 [13:21<01:20,  1.75it/s]Evaluating raw model output:  88%|████████▊ | 1054/1194 [13:22<01:18,  1.79it/s]Evaluating raw model output:  88%|████████▊ | 1055/1194 [13:22<01:16,  1.81it/s]Evaluating raw model output:  88%|████████▊ | 1056/1194 [13:23<01:15,  1.84it/s]Evaluating raw model output:  89%|████████▊ | 1057/1194 [13:23<01:14,  1.84it/s]Evaluating raw model output:  89%|████████▊ | 1058/1194 [13:24<01:13,  1.84it/s]Evaluating raw model output:  89%|████████▊ | 1059/1194 [13:24<01:17,  1.73it/s]Evaluating raw model output:  89%|████████▉ | 1060/1194 [13:25<01:13,  1.83it/s]Evaluating raw model output:  89%|████████▉ | 1061/1194 [13:26<01:38,  1.36it/s]Evaluating raw model output:  89%|████████▉ | 1062/1194 [13:27<01:36,  1.37it/s]Evaluating raw model output:  89%|████████▉ | 1063/1194 [13:28<01:58,  1.10it/s]Evaluating raw model output:  89%|████████▉ | 1064/1194 [13:29<01:45,  1.24it/s]Evaluating raw model output:  89%|████████▉ | 1065/1194 [13:29<01:32,  1.40it/s]Evaluating raw model output:  89%|████████▉ | 1066/1194 [13:30<01:41,  1.26it/s]Evaluating raw model output:  89%|████████▉ | 1067/1194 [13:31<01:36,  1.32it/s]Evaluating raw model output:  89%|████████▉ | 1068/1194 [13:31<01:28,  1.42it/s]Evaluating raw model output:  90%|████████▉ | 1069/1194 [13:32<01:21,  1.53it/s]Evaluating raw model output:  90%|████████▉ | 1070/1194 [13:32<01:17,  1.61it/s]Evaluating raw model output:  90%|████████▉ | 1071/1194 [13:33<01:13,  1.68it/s]Evaluating raw model output:  90%|████████▉ | 1072/1194 [13:33<01:08,  1.78it/s]Evaluating raw model output:  90%|████████▉ | 1073/1194 [13:34<01:07,  1.78it/s]Evaluating raw model output:  90%|████████▉ | 1074/1194 [13:35<01:06,  1.80it/s]Evaluating raw model output:  90%|█████████ | 1075/1194 [13:35<01:05,  1.82it/s]Evaluating raw model output:  90%|█████████ | 1076/1194 [13:37<01:41,  1.16it/s]Evaluating raw model output:  90%|█████████ | 1077/1194 [13:37<01:29,  1.31it/s]Evaluating raw model output:  90%|█████████ | 1078/1194 [13:38<01:20,  1.43it/s]Evaluating raw model output:  90%|█████████ | 1079/1194 [13:38<01:15,  1.52it/s]Evaluating raw model output:  90%|█████████ | 1080/1194 [13:39<01:09,  1.64it/s]Evaluating raw model output:  91%|█████████ | 1081/1194 [13:39<01:07,  1.69it/s]Evaluating raw model output:  91%|█████████ | 1082/1194 [13:41<01:25,  1.30it/s]Evaluating raw model output:  91%|█████████ | 1083/1194 [13:41<01:17,  1.43it/s]Evaluating raw model output:  91%|█████████ | 1084/1194 [13:42<01:25,  1.29it/s]Evaluating raw model output:  91%|█████████ | 1085/1194 [13:43<01:16,  1.42it/s]Evaluating raw model output:  91%|█████████ | 1086/1194 [13:44<01:30,  1.19it/s]Evaluating raw model output:  91%|█████████ | 1087/1194 [13:45<01:47,  1.01s/it]Evaluating raw model output:  91%|█████████ | 1088/1194 [13:46<01:31,  1.16it/s]Evaluating raw model output:  91%|█████████ | 1089/1194 [13:46<01:20,  1.31it/s]Evaluating raw model output:  91%|█████████▏| 1090/1194 [13:47<01:11,  1.45it/s]Evaluating raw model output:  91%|█████████▏| 1091/1194 [13:48<01:22,  1.24it/s]Evaluating raw model output:  91%|█████████▏| 1092/1194 [13:49<01:34,  1.07it/s]Evaluating raw model output:  92%|█████████▏| 1093/1194 [13:50<01:22,  1.22it/s]Evaluating raw model output:  92%|█████████▏| 1094/1194 [13:50<01:13,  1.37it/s]Evaluating raw model output:  92%|█████████▏| 1095/1194 [13:51<01:06,  1.49it/s]Evaluating raw model output:  92%|█████████▏| 1096/1194 [13:52<01:13,  1.33it/s]Evaluating raw model output:  92%|█████████▏| 1097/1194 [13:52<01:05,  1.47it/s]Evaluating raw model output:  92%|█████████▏| 1098/1194 [13:53<01:04,  1.49it/s]Evaluating raw model output:  92%|█████████▏| 1099/1194 [13:53<00:59,  1.58it/s]Evaluating raw model output:  92%|█████████▏| 1100/1194 [13:54<00:56,  1.66it/s]Evaluating raw model output:  92%|█████████▏| 1101/1194 [13:55<01:06,  1.40it/s]Evaluating raw model output:  92%|█████████▏| 1102/1194 [13:55<01:01,  1.51it/s]Evaluating raw model output:  92%|█████████▏| 1103/1194 [13:56<01:06,  1.37it/s]Evaluating raw model output:  92%|█████████▏| 1104/1194 [13:57<01:00,  1.48it/s]Evaluating raw model output:  93%|█████████▎| 1105/1194 [13:57<00:56,  1.57it/s]Evaluating raw model output:  93%|█████████▎| 1106/1194 [13:58<00:53,  1.65it/s]Evaluating raw model output:  93%|█████████▎| 1107/1194 [13:59<01:15,  1.16it/s]Evaluating raw model output:  93%|█████████▎| 1108/1194 [14:01<01:24,  1.01it/s]Evaluating raw model output:  93%|█████████▎| 1109/1194 [14:02<01:27,  1.03s/it]Evaluating raw model output:  93%|█████████▎| 1110/1194 [14:02<01:13,  1.14it/s]Evaluating raw model output:  93%|█████████▎| 1111/1194 [14:03<01:04,  1.29it/s]Evaluating raw model output:  93%|█████████▎| 1112/1194 [14:03<00:57,  1.43it/s]Evaluating raw model output:  93%|█████████▎| 1113/1194 [14:04<00:53,  1.52it/s]Evaluating raw model output:  93%|█████████▎| 1114/1194 [14:05<01:15,  1.06it/s]Evaluating raw model output:  93%|█████████▎| 1115/1194 [14:06<01:03,  1.24it/s]Evaluating raw model output:  93%|█████████▎| 1116/1194 [14:07<01:10,  1.11it/s]Evaluating raw model output:  94%|█████████▎| 1117/1194 [14:08<01:00,  1.27it/s]Evaluating raw model output:  94%|█████████▎| 1118/1194 [14:08<00:53,  1.42it/s]Evaluating raw model output:  94%|█████████▎| 1119/1194 [14:09<00:49,  1.51it/s]Evaluating raw model output:  94%|█████████▍| 1120/1194 [14:10<00:55,  1.34it/s]Evaluating raw model output:  94%|█████████▍| 1121/1194 [14:10<00:49,  1.46it/s]Evaluating raw model output:  94%|█████████▍| 1122/1194 [14:11<00:47,  1.53it/s]Evaluating raw model output:  94%|█████████▍| 1123/1194 [14:11<00:44,  1.59it/s]Evaluating raw model output:  94%|█████████▍| 1124/1194 [14:12<00:42,  1.66it/s]Evaluating raw model output:  94%|█████████▍| 1125/1194 [14:13<00:47,  1.46it/s]Evaluating raw model output:  94%|█████████▍| 1126/1194 [14:13<00:45,  1.50it/s]Evaluating raw model output:  94%|█████████▍| 1127/1194 [14:14<00:41,  1.60it/s]Evaluating raw model output:  94%|█████████▍| 1128/1194 [14:15<00:46,  1.43it/s]Evaluating raw model output:  95%|█████████▍| 1129/1194 [14:15<00:41,  1.58it/s]Evaluating raw model output:  95%|█████████▍| 1130/1194 [14:16<00:39,  1.61it/s]Evaluating raw model output:  95%|█████████▍| 1131/1194 [14:16<00:36,  1.72it/s]Evaluating raw model output:  95%|█████████▍| 1132/1194 [14:17<00:35,  1.72it/s]Evaluating raw model output:  95%|█████████▍| 1133/1194 [14:17<00:34,  1.77it/s]Evaluating raw model output:  95%|█████████▍| 1134/1194 [14:18<00:32,  1.84it/s]Evaluating raw model output:  95%|█████████▌| 1135/1194 [14:18<00:30,  1.91it/s]Evaluating raw model output:  95%|█████████▌| 1136/1194 [14:19<00:38,  1.50it/s]Evaluating raw model output:  95%|█████████▌| 1137/1194 [14:20<00:36,  1.54it/s]Evaluating raw model output:  95%|█████████▌| 1138/1194 [14:21<00:34,  1.63it/s]Evaluating raw model output:  95%|█████████▌| 1139/1194 [14:21<00:32,  1.68it/s]Evaluating raw model output:  95%|█████████▌| 1140/1194 [14:22<00:31,  1.73it/s]Evaluating raw model output:  96%|█████████▌| 1141/1194 [14:22<00:28,  1.83it/s]Evaluating raw model output:  96%|█████████▌| 1142/1194 [14:23<00:34,  1.49it/s]Evaluating raw model output:  96%|█████████▌| 1143/1194 [14:24<00:32,  1.58it/s]Evaluating raw model output:  96%|█████████▌| 1144/1194 [14:24<00:29,  1.67it/s]Evaluating raw model output:  96%|█████████▌| 1145/1194 [14:25<00:28,  1.75it/s]Evaluating raw model output:  96%|█████████▌| 1146/1194 [14:25<00:26,  1.81it/s]Evaluating raw model output:  96%|█████████▌| 1147/1194 [14:26<00:24,  1.88it/s]Evaluating raw model output:  96%|█████████▌| 1148/1194 [14:26<00:24,  1.87it/s]Evaluating raw model output:  96%|█████████▌| 1149/1194 [14:27<00:24,  1.84it/s]Evaluating raw model output:  96%|█████████▋| 1150/1194 [14:27<00:24,  1.81it/s]Evaluating raw model output:  96%|█████████▋| 1151/1194 [14:29<00:32,  1.33it/s]Evaluating raw model output:  96%|█████████▋| 1152/1194 [14:29<00:29,  1.44it/s]Evaluating raw model output:  97%|█████████▋| 1153/1194 [14:30<00:26,  1.55it/s]Evaluating raw model output:  97%|█████████▋| 1154/1194 [14:30<00:24,  1.65it/s]Evaluating raw model output:  97%|█████████▋| 1155/1194 [14:31<00:22,  1.71it/s]Evaluating raw model output:  97%|█████████▋| 1156/1194 [14:31<00:21,  1.80it/s]Evaluating raw model output:  97%|█████████▋| 1157/1194 [14:32<00:20,  1.83it/s]Evaluating raw model output:  97%|█████████▋| 1158/1194 [14:33<00:24,  1.48it/s]Evaluating raw model output:  97%|█████████▋| 1159/1194 [14:33<00:22,  1.57it/s]Evaluating raw model output:  97%|█████████▋| 1160/1194 [14:34<00:20,  1.63it/s]Evaluating raw model output:  97%|█████████▋| 1161/1194 [14:35<00:27,  1.18it/s]Evaluating raw model output:  97%|█████████▋| 1162/1194 [14:36<00:25,  1.25it/s]Evaluating raw model output:  97%|█████████▋| 1163/1194 [14:36<00:23,  1.33it/s]Evaluating raw model output:  97%|█████████▋| 1164/1194 [14:37<00:20,  1.46it/s]Evaluating raw model output:  98%|█████████▊| 1165/1194 [14:38<00:18,  1.57it/s]Evaluating raw model output:  98%|█████████▊| 1166/1194 [14:38<00:20,  1.37it/s]Evaluating raw model output:  98%|█████████▊| 1167/1194 [14:39<00:17,  1.51it/s]Evaluating raw model output:  98%|█████████▊| 1168/1194 [14:39<00:16,  1.62it/s]Evaluating raw model output:  98%|█████████▊| 1169/1194 [14:41<00:19,  1.27it/s]Evaluating raw model output:  98%|█████████▊| 1170/1194 [14:42<00:19,  1.23it/s]Evaluating raw model output:  98%|█████████▊| 1171/1194 [14:43<00:19,  1.16it/s]Evaluating raw model output:  98%|█████████▊| 1172/1194 [14:43<00:16,  1.31it/s]Evaluating raw model output:  98%|█████████▊| 1173/1194 [14:44<00:14,  1.43it/s]Evaluating raw model output:  98%|█████████▊| 1174/1194 [14:44<00:13,  1.50it/s]Evaluating raw model output:  98%|█████████▊| 1175/1194 [14:45<00:11,  1.60it/s]Evaluating raw model output:  98%|█████████▊| 1176/1194 [14:45<00:10,  1.73it/s]Evaluating raw model output:  99%|█████████▊| 1177/1194 [14:46<00:12,  1.32it/s]Evaluating raw model output:  99%|█████████▊| 1178/1194 [14:47<00:11,  1.42it/s]Evaluating raw model output:  99%|█████████▊| 1179/1194 [14:48<00:12,  1.16it/s]Evaluating raw model output:  99%|█████████▉| 1180/1194 [14:49<00:10,  1.33it/s]Evaluating raw model output:  99%|█████████▉| 1181/1194 [14:49<00:08,  1.45it/s]Evaluating raw model output:  99%|█████████▉| 1182/1194 [14:50<00:07,  1.62it/s]Evaluating raw model output:  99%|█████████▉| 1183/1194 [14:50<00:06,  1.60it/s]Evaluating raw model output:  99%|█████████▉| 1184/1194 [14:51<00:05,  1.69it/s]Evaluating raw model output:  99%|█████████▉| 1185/1194 [14:51<00:05,  1.79it/s]Evaluating raw model output:  99%|█████████▉| 1186/1194 [14:52<00:04,  1.85it/s]Evaluating raw model output:  99%|█████████▉| 1187/1194 [14:53<00:04,  1.43it/s]Evaluating raw model output:  99%|█████████▉| 1188/1194 [14:53<00:03,  1.57it/s]Evaluating raw model output: 100%|█████████▉| 1189/1194 [14:54<00:03,  1.39it/s]Evaluating raw model output: 100%|█████████▉| 1190/1194 [14:55<00:02,  1.51it/s]Evaluating raw model output: 100%|█████████▉| 1191/1194 [14:55<00:01,  1.58it/s]Evaluating raw model output: 100%|█████████▉| 1192/1194 [14:56<00:01,  1.64it/s]Evaluating raw model output: 100%|█████████▉| 1193/1194 [14:57<00:00,  1.64it/s]Evaluating raw model output: 100%|██████████| 1194/1194 [14:57<00:00,  1.46it/s]Evaluating raw model output: 100%|██████████| 1194/1194 [14:57<00:00,  1.33it/s]

==================== 原始模型结果（无校准） ====================
Unseen mAP: 26.13
============================================================
The mAP is 30.66, rare: 28.29, none-rare: 31.37,
>>> zero-shot setting(unseen_verb!!)
full mAP: 30.66 unseen: 26.13 seen: 31.40
==> Iteration 27000 | Interaction Loss: 0.8884
Epoch [7/20], Iter. [0336/4444], Loss: 1.1893, Time/iter[Data/Train/Total]: [0.004s/1.940s/1.944s], Window[Data/Train]: [1.80s/970.07s], Remain: 2:13:04.855867
==> Iteration 27500 | Interaction Loss: 1.3222
Epoch [7/20], Iter. [0836/4444], Loss: 1.1649, Time/iter[Data/Train/Total]: [0.002s/1.905s/1.906s], Window[Data/Train]: [0.94s/952.26s], Remain: 1:54:38.234913
==> Iteration 28000 | Interaction Loss: 1.0904
Epoch [7/20], Iter. [1336/4444], Loss: 1.1888, Time/iter[Data/Train/Total]: [0.002s/1.903s/1.905s], Window[Data/Train]: [0.93s/951.45s], Remain: 1:38:40.015189
==> Iteration 28500 | Interaction Loss: 1.4686
Epoch [7/20], Iter. [1836/4444], Loss: 1.1674, Time/iter[Data/Train/Total]: [0.002s/1.919s/1.921s], Window[Data/Train]: [0.95s/959.55s], Remain: 1:23:29.966777
==> Iteration 29000 | Interaction Loss: 1.5605
Epoch [7/20], Iter. [2336/4444], Loss: 1.1631, Time/iter[Data/Train/Total]: [0.002s/1.932s/1.934s], Window[Data/Train]: [0.96s/966.09s], Remain: 1:07:57.094688
==> Iteration 29500 | Interaction Loss: 1.1514
Epoch [7/20], Iter. [2836/4444], Loss: 1.1792, Time/iter[Data/Train/Total]: [0.002s/1.977s/1.978s], Window[Data/Train]: [0.98s/988.27s], Remain: 0:53:01.407441
==> Iteration 30000 | Interaction Loss: 1.3547
Epoch [7/20], Iter. [3336/4444], Loss: 1.1810, Time/iter[Data/Train/Total]: [0.002s/1.966s/1.968s], Window[Data/Train]: [0.97s/983.19s], Remain: 0:36:20.894079
==> Iteration 30500 | Interaction Loss: 1.2941
Epoch [7/20], Iter. [3836/4444], Loss: 1.1824, Time/iter[Data/Train/Total]: [0.002s/1.998s/2.000s], Window[Data/Train]: [0.97s/999.10s], Remain: 0:20:16.091121
==> Iteration 31000 | Interaction Loss: 1.1779
Epoch [7/20], Iter. [4336/4444], Loss: 1.1776, Time/iter[Data/Train/Total]: [0.002s/1.998s/2.000s], Window[Data/Train]: [0.97s/998.92s], Remain: 0:03:35.976686
Evaluating raw model output:   0%|          | 0/1194 [00:00<?, ?it/s]Evaluating raw model output:   0%|          | 1/1194 [00:03<1:10:46,  3.56s/it]Evaluating raw model output:   0%|          | 2/1194 [00:05<49:04,  2.47s/it]  Evaluating raw model output:   0%|          | 3/1194 [00:07<42:47,  2.16s/it]Evaluating raw model output:   0%|          | 4/1194 [00:07<31:11,  1.57s/it]Evaluating raw model output:   0%|          | 5/1194 [00:09<29:02,  1.47s/it]Evaluating raw model output:   1%|          | 6/1194 [00:10<31:15,  1.58s/it]Evaluating raw model output:   1%|          | 7/1194 [00:12<31:10,  1.58s/it]Evaluating raw model output:   1%|          | 8/1194 [00:13<29:33,  1.50s/it]Evaluating raw model output:   1%|          | 9/1194 [00:14<23:58,  1.21s/it]Evaluating raw model output:   1%|          | 10/1194 [00:14<19:57,  1.01s/it]Evaluating raw model output:   1%|          | 11/1194 [00:16<22:18,  1.13s/it]Evaluating raw model output:   1%|          | 12/1194 [00:16<18:54,  1.04it/s]Evaluating raw model output:   1%|          | 13/1194 [00:17<17:13,  1.14it/s]Evaluating raw model output:   1%|          | 14/1194 [00:18<20:26,  1.04s/it]Evaluating raw model output:   1%|▏         | 15/1194 [00:19<18:05,  1.09it/s]Evaluating raw model output:   1%|▏         | 16/1194 [00:20<19:46,  1.01s/it]Evaluating raw model output:   1%|▏         | 17/1194 [00:22<22:32,  1.15s/it]Evaluating raw model output:   2%|▏         | 18/1194 [00:23<22:45,  1.16s/it]Evaluating raw model output:   2%|▏         | 19/1194 [00:25<25:16,  1.29s/it]Evaluating raw model output:   2%|▏         | 20/1194 [00:26<23:25,  1.20s/it]Evaluating raw model output:   2%|▏         | 21/1194 [00:26<19:06,  1.02it/s]Evaluating raw model output:   2%|▏         | 22/1194 [00:26<16:19,  1.20it/s]Evaluating raw model output:   2%|▏         | 23/1194 [00:27<14:33,  1.34it/s]Evaluating raw model output:   2%|▏         | 24/1194 [00:28<13:21,  1.46it/s]Evaluating raw model output:   2%|▏         | 25/1194 [00:29<18:18,  1.06it/s]Evaluating raw model output:   2%|▏         | 26/1194 [00:30<15:50,  1.23it/s]Evaluating raw model output:   2%|▏         | 27/1194 [00:31<20:42,  1.06s/it]Evaluating raw model output:   2%|▏         | 28/1194 [00:33<23:09,  1.19s/it]Evaluating raw model output:   2%|▏         | 29/1194 [00:33<20:29,  1.06s/it]Evaluating raw model output:   3%|▎         | 30/1194 [00:34<17:53,  1.08it/s]Evaluating raw model output:   3%|▎         | 31/1194 [00:35<19:52,  1.03s/it]Evaluating raw model output:   3%|▎         | 32/1194 [00:37<23:50,  1.23s/it]Evaluating raw model output:   3%|▎         | 33/1194 [00:38<23:12,  1.20s/it]Evaluating raw model output:   3%|▎         | 34/1194 [00:39<19:55,  1.03s/it]Evaluating raw model output:   3%|▎         | 35/1194 [00:41<23:56,  1.24s/it]Evaluating raw model output:   3%|▎         | 36/1194 [00:42<26:34,  1.38s/it]Evaluating raw model output:   3%|▎         | 37/1194 [00:43<22:01,  1.14s/it]Evaluating raw model output:   3%|▎         | 38/1194 [00:44<19:51,  1.03s/it]Evaluating raw model output:   3%|▎         | 39/1194 [00:44<17:48,  1.08it/s]Evaluating raw model output:   3%|▎         | 40/1194 [00:46<22:42,  1.18s/it]Evaluating raw model output:   3%|▎         | 41/1194 [00:47<20:55,  1.09s/it]Evaluating raw model output:   4%|▎         | 42/1194 [00:48<21:18,  1.11s/it]Evaluating raw model output:   4%|▎         | 43/1194 [00:49<20:34,  1.07s/it]Evaluating raw model output:   4%|▎         | 44/1194 [00:50<18:13,  1.05it/s]Evaluating raw model output:   4%|▍         | 45/1194 [00:50<15:57,  1.20it/s]Evaluating raw model output:   4%|▍         | 46/1194 [00:52<18:48,  1.02it/s]Evaluating raw model output:   4%|▍         | 47/1194 [00:52<16:25,  1.16it/s]Evaluating raw model output:   4%|▍         | 48/1194 [00:53<14:59,  1.27it/s]Evaluating raw model output:   4%|▍         | 49/1194 [00:55<20:42,  1.08s/it]Evaluating raw model output:   4%|▍         | 50/1194 [00:55<17:26,  1.09it/s]Evaluating raw model output:   4%|▍         | 51/1194 [00:56<15:26,  1.23it/s]Evaluating raw model output:   4%|▍         | 52/1194 [00:56<14:08,  1.35it/s]Evaluating raw model output:   4%|▍         | 53/1194 [00:58<18:31,  1.03it/s]Evaluating raw model output:   5%|▍         | 54/1194 [00:59<18:08,  1.05it/s]Evaluating raw model output:   5%|▍         | 55/1194 [00:59<15:50,  1.20it/s]Evaluating raw model output:   5%|▍         | 56/1194 [01:00<15:45,  1.20it/s]Evaluating raw model output:   5%|▍         | 57/1194 [01:01<18:49,  1.01it/s]Evaluating raw model output:   5%|▍         | 58/1194 [01:03<20:54,  1.10s/it]Evaluating raw model output:   5%|▍         | 59/1194 [01:03<17:56,  1.05it/s]Evaluating raw model output:   5%|▌         | 60/1194 [01:05<22:15,  1.18s/it]Evaluating raw model output:   5%|▌         | 61/1194 [01:06<20:52,  1.11s/it]Evaluating raw model output:   5%|▌         | 62/1194 [01:07<17:34,  1.07it/s]Evaluating raw model output:   5%|▌         | 63/1194 [01:08<17:25,  1.08it/s]Evaluating raw model output:   5%|▌         | 64/1194 [01:08<15:47,  1.19it/s]Evaluating raw model output:   5%|▌         | 65/1194 [01:10<20:23,  1.08s/it]Evaluating raw model output:   6%|▌         | 66/1194 [01:11<23:18,  1.24s/it]Evaluating raw model output:   6%|▌         | 67/1194 [01:12<19:38,  1.05s/it]Evaluating raw model output:   6%|▌         | 68/1194 [01:13<21:44,  1.16s/it]Evaluating raw model output:   6%|▌         | 69/1194 [01:14<18:29,  1.01it/s]Evaluating raw model output:   6%|▌         | 70/1194 [01:15<16:22,  1.14it/s]Evaluating raw model output:   6%|▌         | 71/1194 [01:16<19:13,  1.03s/it]Evaluating raw model output:   6%|▌         | 72/1194 [01:17<17:53,  1.05it/s]Evaluating raw model output:   6%|▌         | 73/1194 [01:17<15:35,  1.20it/s]Evaluating raw model output:   6%|▌         | 74/1194 [01:18<14:06,  1.32it/s]Evaluating raw model output:   6%|▋         | 75/1194 [01:19<17:09,  1.09it/s]Evaluating raw model output:   6%|▋         | 76/1194 [01:20<15:33,  1.20it/s]Evaluating raw model output:   6%|▋         | 77/1194 [01:21<16:06,  1.16it/s]Evaluating raw model output:   7%|▋         | 78/1194 [01:21<14:28,  1.28it/s]Evaluating raw model output:   7%|▋         | 79/1194 [01:23<17:31,  1.06it/s]Evaluating raw model output:   7%|▋         | 80/1194 [01:23<15:35,  1.19it/s]Evaluating raw model output:   7%|▋         | 81/1194 [01:24<14:09,  1.31it/s]Evaluating raw model output:   7%|▋         | 82/1194 [01:25<17:14,  1.07it/s]Evaluating raw model output:   7%|▋         | 83/1194 [01:26<17:38,  1.05it/s]Evaluating raw model output:   7%|▋         | 84/1194 [01:28<20:06,  1.09s/it]Evaluating raw model output:   7%|▋         | 85/1194 [01:29<21:15,  1.15s/it]Evaluating raw model output:   7%|▋         | 86/1194 [01:30<21:08,  1.14s/it]Evaluating raw model output:   7%|▋         | 87/1194 [01:31<18:51,  1.02s/it]Evaluating raw model output:   7%|▋         | 88/1194 [01:32<18:20,  1.01it/s]Evaluating raw model output:   7%|▋         | 89/1194 [01:33<22:13,  1.21s/it]Evaluating raw model output:   8%|▊         | 90/1194 [01:34<18:46,  1.02s/it]Evaluating raw model output:   8%|▊         | 91/1194 [01:35<16:18,  1.13it/s]Evaluating raw model output:   8%|▊         | 92/1194 [01:36<18:47,  1.02s/it]Evaluating raw model output:   8%|▊         | 93/1194 [01:37<18:25,  1.00s/it]Evaluating raw model output:   8%|▊         | 94/1194 [01:38<19:49,  1.08s/it]Evaluating raw model output:   8%|▊         | 95/1194 [01:39<17:09,  1.07it/s]Evaluating raw model output:   8%|▊         | 96/1194 [01:40<20:40,  1.13s/it]Evaluating raw model output:   8%|▊         | 97/1194 [01:42<21:32,  1.18s/it]Evaluating raw model output:   8%|▊         | 98/1194 [01:42<17:59,  1.02it/s]Evaluating raw model output:   8%|▊         | 99/1194 [01:43<15:37,  1.17it/s]Evaluating raw model output:   8%|▊         | 100/1194 [01:43<14:29,  1.26it/s]Evaluating raw model output:   8%|▊         | 101/1194 [01:45<17:25,  1.05it/s]Evaluating raw model output:   9%|▊         | 102/1194 [01:46<17:05,  1.06it/s]Evaluating raw model output:   9%|▊         | 103/1194 [01:47<21:19,  1.17s/it]Evaluating raw model output:   9%|▊         | 104/1194 [01:48<21:20,  1.17s/it]Evaluating raw model output:   9%|▉         | 105/1194 [01:50<25:15,  1.39s/it]Evaluating raw model output:   9%|▉         | 106/1194 [01:51<23:12,  1.28s/it]Evaluating raw model output:   9%|▉         | 107/1194 [01:52<18:57,  1.05s/it]Evaluating raw model output:   9%|▉         | 108/1194 [01:53<18:26,  1.02s/it]Evaluating raw model output:   9%|▉         | 109/1194 [01:53<15:56,  1.13it/s]Evaluating raw model output:   9%|▉         | 110/1194 [01:54<16:55,  1.07it/s]Evaluating raw model output:   9%|▉         | 111/1194 [01:56<18:00,  1.00it/s]Evaluating raw model output:   9%|▉         | 112/1194 [01:56<16:04,  1.12it/s]Evaluating raw model output:   9%|▉         | 113/1194 [01:57<16:32,  1.09it/s]Evaluating raw model output:  10%|▉         | 114/1194 [01:58<14:33,  1.24it/s]Evaluating raw model output:  10%|▉         | 115/1194 [01:58<13:00,  1.38it/s]Evaluating raw model output:  10%|▉         | 116/1194 [01:59<12:04,  1.49it/s]Evaluating raw model output:  10%|▉         | 117/1194 [02:00<17:06,  1.05it/s]Evaluating raw model output:  10%|▉         | 118/1194 [02:01<16:52,  1.06it/s]Evaluating raw model output:  10%|▉         | 119/1194 [02:02<17:27,  1.03it/s]Evaluating raw model output:  10%|█         | 120/1194 [02:04<19:09,  1.07s/it]Evaluating raw model output:  10%|█         | 121/1194 [02:05<22:18,  1.25s/it]Evaluating raw model output:  10%|█         | 122/1194 [02:06<18:33,  1.04s/it]Evaluating raw model output:  10%|█         | 123/1194 [02:07<18:15,  1.02s/it]Evaluating raw model output:  10%|█         | 124/1194 [02:08<19:36,  1.10s/it]Evaluating raw model output:  10%|█         | 125/1194 [02:10<21:36,  1.21s/it]Evaluating raw model output:  11%|█         | 126/1194 [02:11<22:25,  1.26s/it]Evaluating raw model output:  11%|█         | 127/1194 [02:12<18:52,  1.06s/it]Evaluating raw model output:  11%|█         | 128/1194 [02:13<21:35,  1.21s/it]Evaluating raw model output:  11%|█         | 129/1194 [02:14<18:11,  1.02s/it]Evaluating raw model output:  11%|█         | 130/1194 [02:14<15:38,  1.13it/s]Evaluating raw model output:  11%|█         | 131/1194 [02:15<14:25,  1.23it/s]Evaluating raw model output:  11%|█         | 132/1194 [02:16<13:05,  1.35it/s]Evaluating raw model output:  11%|█         | 133/1194 [02:17<14:13,  1.24it/s]Evaluating raw model output:  11%|█         | 134/1194 [02:18<16:34,  1.07it/s]Evaluating raw model output:  11%|█▏        | 135/1194 [02:18<14:42,  1.20it/s]Evaluating raw model output:  11%|█▏        | 136/1194 [02:20<19:17,  1.09s/it]Evaluating raw model output:  11%|█▏        | 137/1194 [02:21<16:30,  1.07it/s]Evaluating raw model output:  12%|█▏        | 138/1194 [02:22<17:34,  1.00it/s]Evaluating raw model output:  12%|█▏        | 139/1194 [02:23<17:06,  1.03it/s]Evaluating raw model output:  12%|█▏        | 140/1194 [02:23<15:27,  1.14it/s]Evaluating raw model output:  12%|█▏        | 141/1194 [02:24<13:29,  1.30it/s]Evaluating raw model output:  12%|█▏        | 142/1194 [02:25<17:19,  1.01it/s]Evaluating raw model output:  12%|█▏        | 143/1194 [02:26<16:00,  1.09it/s]Evaluating raw model output:  12%|█▏        | 144/1194 [02:27<14:19,  1.22it/s]Evaluating raw model output:  12%|█▏        | 145/1194 [02:28<15:36,  1.12it/s]Evaluating raw model output:  12%|█▏        | 146/1194 [02:28<13:56,  1.25it/s]Evaluating raw model output:  12%|█▏        | 147/1194 [02:30<16:00,  1.09it/s]Evaluating raw model output:  12%|█▏        | 148/1194 [02:30<14:06,  1.24it/s]Evaluating raw model output:  12%|█▏        | 149/1194 [02:31<12:45,  1.37it/s]Evaluating raw model output:  13%|█▎        | 150/1194 [02:32<16:24,  1.06it/s]Evaluating raw model output:  13%|█▎        | 151/1194 [02:33<14:25,  1.20it/s]Evaluating raw model output:  13%|█▎        | 152/1194 [02:33<13:03,  1.33it/s]Evaluating raw model output:  13%|█▎        | 153/1194 [02:35<15:57,  1.09it/s]Evaluating raw model output:  13%|█▎        | 154/1194 [02:36<18:33,  1.07s/it]Evaluating raw model output:  13%|█▎        | 155/1194 [02:37<15:49,  1.09it/s]Evaluating raw model output:  13%|█▎        | 156/1194 [02:37<13:46,  1.26it/s]Evaluating raw model output:  13%|█▎        | 157/1194 [02:39<18:37,  1.08s/it]Evaluating raw model output:  13%|█▎        | 158/1194 [02:39<16:08,  1.07it/s]Evaluating raw model output:  13%|█▎        | 159/1194 [02:40<16:56,  1.02it/s]Evaluating raw model output:  13%|█▎        | 160/1194 [02:41<14:29,  1.19it/s]Evaluating raw model output:  13%|█▎        | 161/1194 [02:42<13:23,  1.29it/s]Evaluating raw model output:  14%|█▎        | 162/1194 [02:42<12:26,  1.38it/s]Evaluating raw model output:  14%|█▎        | 163/1194 [02:43<13:16,  1.29it/s]Evaluating raw model output:  14%|█▎        | 164/1194 [02:44<12:18,  1.39it/s]Evaluating raw model output:  14%|█▍        | 165/1194 [02:44<11:45,  1.46it/s]Evaluating raw model output:  14%|█▍        | 166/1194 [02:45<11:32,  1.49it/s]Evaluating raw model output:  14%|█▍        | 167/1194 [02:46<14:28,  1.18it/s]Evaluating raw model output:  14%|█▍        | 168/1194 [02:47<15:42,  1.09it/s]Evaluating raw model output:  14%|█▍        | 169/1194 [02:49<19:13,  1.13s/it]Evaluating raw model output:  14%|█▍        | 170/1194 [02:50<19:52,  1.16s/it]Evaluating raw model output:  14%|█▍        | 171/1194 [02:52<22:52,  1.34s/it]Evaluating raw model output:  14%|█▍        | 172/1194 [02:52<18:42,  1.10s/it]Evaluating raw model output:  14%|█▍        | 173/1194 [02:54<19:07,  1.12s/it]Evaluating raw model output:  15%|█▍        | 174/1194 [02:55<19:19,  1.14s/it]Evaluating raw model output:  15%|█▍        | 175/1194 [02:55<16:57,  1.00it/s]Evaluating raw model output:  15%|█▍        | 176/1194 [02:56<15:19,  1.11it/s]Evaluating raw model output:  15%|█▍        | 177/1194 [02:57<13:40,  1.24it/s]Evaluating raw model output:  15%|█▍        | 178/1194 [02:58<17:36,  1.04s/it]Evaluating raw model output:  15%|█▍        | 179/1194 [03:00<19:10,  1.13s/it]Evaluating raw model output:  15%|█▌        | 180/1194 [03:00<17:02,  1.01s/it]Evaluating raw model output:  15%|█▌        | 181/1194 [03:01<17:39,  1.05s/it]Evaluating raw model output:  15%|█▌        | 182/1194 [03:02<15:06,  1.12it/s]Evaluating raw model output:  15%|█▌        | 183/1194 [03:03<13:26,  1.25it/s]Evaluating raw model output:  15%|█▌        | 184/1194 [03:04<17:49,  1.06s/it]Evaluating raw model output:  15%|█▌        | 185/1194 [03:05<15:24,  1.09it/s]Evaluating raw model output:  16%|█▌        | 186/1194 [03:06<14:10,  1.19it/s]Evaluating raw model output:  16%|█▌        | 187/1194 [03:06<13:03,  1.29it/s]Evaluating raw model output:  16%|█▌        | 188/1194 [03:07<11:41,  1.43it/s]Evaluating raw model output:  16%|█▌        | 189/1194 [03:08<16:38,  1.01it/s]Evaluating raw model output:  16%|█▌        | 190/1194 [03:09<14:31,  1.15it/s]Evaluating raw model output:  16%|█▌        | 191/1194 [03:09<12:53,  1.30it/s]Evaluating raw model output:  16%|█▌        | 192/1194 [03:10<13:56,  1.20it/s]Evaluating raw model output:  16%|█▌        | 193/1194 [03:12<16:23,  1.02it/s]Evaluating raw model output:  16%|█▌        | 194/1194 [03:13<17:04,  1.02s/it]Evaluating raw model output:  16%|█▋        | 195/1194 [03:13<14:40,  1.13it/s]Evaluating raw model output:  16%|█▋        | 196/1194 [03:14<12:47,  1.30it/s]Evaluating raw model output:  16%|█▋        | 197/1194 [03:16<18:05,  1.09s/it]Evaluating raw model output:  17%|█▋        | 198/1194 [03:16<15:29,  1.07it/s]Evaluating raw model output:  17%|█▋        | 199/1194 [03:18<19:27,  1.17s/it]Evaluating raw model output:  17%|█▋        | 200/1194 [03:19<20:20,  1.23s/it]Evaluating raw model output:  17%|█▋        | 201/1194 [03:21<20:29,  1.24s/it]Evaluating raw model output:  17%|█▋        | 202/1194 [03:21<17:06,  1.03s/it]Evaluating raw model output:  17%|█▋        | 203/1194 [03:22<15:19,  1.08it/s]Evaluating raw model output:  17%|█▋        | 204/1194 [03:23<18:08,  1.10s/it]Evaluating raw model output:  17%|█▋        | 205/1194 [03:24<16:11,  1.02it/s]Evaluating raw model output:  17%|█▋        | 206/1194 [03:25<14:06,  1.17it/s]Evaluating raw model output:  17%|█▋        | 207/1194 [03:25<12:39,  1.30it/s]Evaluating raw model output:  17%|█▋        | 208/1194 [03:26<11:47,  1.39it/s]Evaluating raw model output:  18%|█▊        | 209/1194 [03:27<15:13,  1.08it/s]Evaluating raw model output:  18%|█▊        | 210/1194 [03:28<16:26,  1.00s/it]Evaluating raw model output:  18%|█▊        | 211/1194 [03:29<14:18,  1.15it/s]Evaluating raw model output:  18%|█▊        | 212/1194 [03:30<12:57,  1.26it/s]Evaluating raw model output:  18%|█▊        | 213/1194 [03:30<11:59,  1.36it/s]Evaluating raw model output:  18%|█▊        | 214/1194 [03:32<15:20,  1.06it/s]Evaluating raw model output:  18%|█▊        | 215/1194 [03:32<13:27,  1.21it/s]Evaluating raw model output:  18%|█▊        | 216/1194 [03:33<12:08,  1.34it/s]Evaluating raw model output:  18%|█▊        | 217/1194 [03:33<11:29,  1.42it/s]Evaluating raw model output:  18%|█▊        | 218/1194 [03:35<15:51,  1.03it/s]Evaluating raw model output:  18%|█▊        | 219/1194 [03:36<14:38,  1.11it/s]Evaluating raw model output:  18%|█▊        | 220/1194 [03:36<13:05,  1.24it/s]Evaluating raw model output:  19%|█▊        | 221/1194 [03:37<13:50,  1.17it/s]Evaluating raw model output:  19%|█▊        | 222/1194 [03:38<12:29,  1.30it/s]Evaluating raw model output:  19%|█▊        | 223/1194 [03:38<11:27,  1.41it/s]Evaluating raw model output:  19%|█▉        | 224/1194 [03:39<12:32,  1.29it/s]Evaluating raw model output:  19%|█▉        | 225/1194 [03:41<15:04,  1.07it/s]Evaluating raw model output:  19%|█▉        | 226/1194 [03:42<15:04,  1.07it/s]Evaluating raw model output:  19%|█▉        | 227/1194 [03:43<15:24,  1.05it/s]Evaluating raw model output:  19%|█▉        | 228/1194 [03:43<13:26,  1.20it/s]Evaluating raw model output:  19%|█▉        | 229/1194 [03:44<12:16,  1.31it/s]Evaluating raw model output:  19%|█▉        | 230/1194 [03:44<11:16,  1.42it/s]Evaluating raw model output:  19%|█▉        | 231/1194 [03:45<10:30,  1.53it/s]Evaluating raw model output:  19%|█▉        | 232/1194 [03:45<10:18,  1.56it/s]Evaluating raw model output:  20%|█▉        | 233/1194 [03:46<10:28,  1.53it/s]Evaluating raw model output:  20%|█▉        | 234/1194 [03:47<10:05,  1.59it/s]Evaluating raw model output:  20%|█▉        | 235/1194 [03:47<09:41,  1.65it/s]Evaluating raw model output:  20%|█▉        | 236/1194 [03:48<09:33,  1.67it/s]Evaluating raw model output:  20%|█▉        | 237/1194 [03:48<09:07,  1.75it/s]Evaluating raw model output:  20%|█▉        | 238/1194 [03:49<09:21,  1.70it/s]Evaluating raw model output:  20%|██        | 239/1194 [03:50<09:21,  1.70it/s]Evaluating raw model output:  20%|██        | 240/1194 [03:50<09:15,  1.72it/s]Evaluating raw model output:  20%|██        | 241/1194 [03:51<09:24,  1.69it/s]Evaluating raw model output:  20%|██        | 242/1194 [03:51<09:11,  1.73it/s]Evaluating raw model output:  20%|██        | 243/1194 [03:52<09:22,  1.69it/s]Evaluating raw model output:  20%|██        | 244/1194 [03:53<11:29,  1.38it/s]Evaluating raw model output:  21%|██        | 245/1194 [03:54<10:45,  1.47it/s]Evaluating raw model output:  21%|██        | 246/1194 [03:54<10:15,  1.54it/s]Evaluating raw model output:  21%|██        | 247/1194 [03:55<11:53,  1.33it/s]Evaluating raw model output:  21%|██        | 248/1194 [03:56<14:04,  1.12it/s]Evaluating raw model output:  21%|██        | 249/1194 [03:57<12:40,  1.24it/s]Evaluating raw model output:  21%|██        | 250/1194 [03:57<11:25,  1.38it/s]Evaluating raw model output:  21%|██        | 251/1194 [03:59<13:34,  1.16it/s]Evaluating raw model output:  21%|██        | 252/1194 [03:59<12:08,  1.29it/s]Evaluating raw model output:  21%|██        | 253/1194 [04:00<11:07,  1.41it/s]Evaluating raw model output:  21%|██▏       | 254/1194 [04:02<15:51,  1.01s/it]Evaluating raw model output:  21%|██▏       | 255/1194 [04:02<13:35,  1.15it/s]Evaluating raw model output:  21%|██▏       | 256/1194 [04:03<15:19,  1.02it/s]Evaluating raw model output:  22%|██▏       | 257/1194 [04:04<15:17,  1.02it/s]Evaluating raw model output:  22%|██▏       | 258/1194 [04:05<15:56,  1.02s/it]Evaluating raw model output:  22%|██▏       | 259/1194 [04:07<16:27,  1.06s/it]Evaluating raw model output:  22%|██▏       | 260/1194 [04:08<16:39,  1.07s/it]Evaluating raw model output:  22%|██▏       | 261/1194 [04:09<16:32,  1.06s/it]Evaluating raw model output:  22%|██▏       | 262/1194 [04:10<20:01,  1.29s/it]Evaluating raw model output:  22%|██▏       | 263/1194 [04:11<16:39,  1.07s/it]Evaluating raw model output:  22%|██▏       | 264/1194 [04:12<14:06,  1.10it/s]Evaluating raw model output:  22%|██▏       | 265/1194 [04:12<13:56,  1.11it/s]Evaluating raw model output:  22%|██▏       | 266/1194 [04:13<12:20,  1.25it/s]Evaluating raw model output:  22%|██▏       | 267/1194 [04:14<11:16,  1.37it/s]Evaluating raw model output:  22%|██▏       | 268/1194 [04:15<12:56,  1.19it/s]Evaluating raw model output:  23%|██▎       | 269/1194 [04:15<11:51,  1.30it/s]Evaluating raw model output:  23%|██▎       | 270/1194 [04:16<10:56,  1.41it/s]Evaluating raw model output:  23%|██▎       | 271/1194 [04:17<10:53,  1.41it/s]Evaluating raw model output:  23%|██▎       | 272/1194 [04:18<12:10,  1.26it/s]Evaluating raw model output:  23%|██▎       | 273/1194 [04:18<12:05,  1.27it/s]Evaluating raw model output:  23%|██▎       | 274/1194 [04:19<13:28,  1.14it/s]Evaluating raw model output:  23%|██▎       | 275/1194 [04:20<12:04,  1.27it/s]Evaluating raw model output:  23%|██▎       | 276/1194 [04:21<14:48,  1.03it/s]Evaluating raw model output:  23%|██▎       | 277/1194 [04:23<16:25,  1.08s/it]Evaluating raw model output:  23%|██▎       | 278/1194 [04:23<14:08,  1.08it/s]Evaluating raw model output:  23%|██▎       | 279/1194 [04:24<12:21,  1.23it/s]Evaluating raw model output:  23%|██▎       | 280/1194 [04:25<11:52,  1.28it/s]Evaluating raw model output:  24%|██▎       | 281/1194 [04:25<10:46,  1.41it/s]Evaluating raw model output:  24%|██▎       | 282/1194 [04:26<10:03,  1.51it/s]Evaluating raw model output:  24%|██▎       | 283/1194 [04:26<10:18,  1.47it/s]Evaluating raw model output:  24%|██▍       | 284/1194 [04:27<10:12,  1.48it/s]Evaluating raw model output:  24%|██▍       | 285/1194 [04:28<09:43,  1.56it/s]Evaluating raw model output:  24%|██▍       | 286/1194 [04:29<11:52,  1.27it/s]Evaluating raw model output:  24%|██▍       | 287/1194 [04:30<13:43,  1.10it/s]Evaluating raw model output:  24%|██▍       | 288/1194 [04:31<12:20,  1.22it/s]Evaluating raw model output:  24%|██▍       | 289/1194 [04:31<10:57,  1.38it/s]Evaluating raw model output:  24%|██▍       | 290/1194 [04:32<10:45,  1.40it/s]Evaluating raw model output:  24%|██▍       | 291/1194 [04:32<09:58,  1.51it/s]Evaluating raw model output:  24%|██▍       | 292/1194 [04:33<09:22,  1.60it/s]Evaluating raw model output:  25%|██▍       | 293/1194 [04:33<08:58,  1.67it/s]Evaluating raw model output:  25%|██▍       | 294/1194 [04:34<08:52,  1.69it/s]Evaluating raw model output:  25%|██▍       | 295/1194 [04:34<08:55,  1.68it/s]Evaluating raw model output:  25%|██▍       | 296/1194 [04:36<11:01,  1.36it/s]Evaluating raw model output:  25%|██▍       | 297/1194 [04:36<10:07,  1.48it/s]Evaluating raw model output:  25%|██▍       | 298/1194 [04:37<09:36,  1.56it/s]Evaluating raw model output:  25%|██▌       | 299/1194 [04:37<09:13,  1.62it/s]Evaluating raw model output:  25%|██▌       | 300/1194 [04:38<10:47,  1.38it/s]Evaluating raw model output:  25%|██▌       | 301/1194 [04:40<14:23,  1.03it/s]Evaluating raw model output:  25%|██▌       | 302/1194 [04:40<12:34,  1.18it/s]Evaluating raw model output:  25%|██▌       | 303/1194 [04:41<11:23,  1.30it/s]Evaluating raw model output:  25%|██▌       | 304/1194 [04:42<12:15,  1.21it/s]Evaluating raw model output:  26%|██▌       | 305/1194 [04:43<11:33,  1.28it/s]Evaluating raw model output:  26%|██▌       | 306/1194 [04:43<10:36,  1.40it/s]Evaluating raw model output:  26%|██▌       | 307/1194 [04:44<12:08,  1.22it/s]Evaluating raw model output:  26%|██▌       | 308/1194 [04:45<13:24,  1.10it/s]Evaluating raw model output:  26%|██▌       | 309/1194 [04:46<13:24,  1.10it/s]Evaluating raw model output:  26%|██▌       | 310/1194 [04:47<11:52,  1.24it/s]Evaluating raw model output:  26%|██▌       | 311/1194 [04:47<10:50,  1.36it/s]Evaluating raw model output:  26%|██▌       | 312/1194 [04:49<14:33,  1.01it/s]Evaluating raw model output:  26%|██▌       | 313/1194 [04:49<12:26,  1.18it/s]Evaluating raw model output:  26%|██▋       | 314/1194 [04:50<12:55,  1.13it/s]Evaluating raw model output:  26%|██▋       | 315/1194 [04:51<11:17,  1.30it/s]Evaluating raw model output:  26%|██▋       | 316/1194 [04:52<11:46,  1.24it/s]Evaluating raw model output:  27%|██▋       | 317/1194 [04:53<12:51,  1.14it/s]Evaluating raw model output:  27%|██▋       | 318/1194 [04:55<16:33,  1.13s/it]Evaluating raw model output:  27%|██▋       | 319/1194 [04:55<14:18,  1.02it/s]Evaluating raw model output:  27%|██▋       | 320/1194 [04:56<12:38,  1.15it/s]Evaluating raw model output:  27%|██▋       | 321/1194 [04:56<11:35,  1.26it/s]Evaluating raw model output:  27%|██▋       | 322/1194 [04:58<13:13,  1.10it/s]Evaluating raw model output:  27%|██▋       | 323/1194 [04:58<11:49,  1.23it/s]Evaluating raw model output:  27%|██▋       | 324/1194 [04:59<12:22,  1.17it/s]Evaluating raw model output:  27%|██▋       | 325/1194 [05:00<13:32,  1.07it/s]Evaluating raw model output:  27%|██▋       | 326/1194 [05:01<12:40,  1.14it/s]Evaluating raw model output:  27%|██▋       | 327/1194 [05:02<11:36,  1.24it/s]Evaluating raw model output:  27%|██▋       | 328/1194 [05:03<12:32,  1.15it/s]Evaluating raw model output:  28%|██▊       | 329/1194 [05:03<11:15,  1.28it/s]Evaluating raw model output:  28%|██▊       | 330/1194 [05:04<11:03,  1.30it/s]Evaluating raw model output:  28%|██▊       | 331/1194 [05:05<10:44,  1.34it/s]Evaluating raw model output:  28%|██▊       | 332/1194 [05:05<10:03,  1.43it/s]Evaluating raw model output:  28%|██▊       | 333/1194 [05:06<09:32,  1.50it/s]Evaluating raw model output:  28%|██▊       | 334/1194 [05:06<09:08,  1.57it/s]Evaluating raw model output:  28%|██▊       | 335/1194 [05:07<08:52,  1.61it/s]Evaluating raw model output:  28%|██▊       | 336/1194 [05:08<08:39,  1.65it/s]Evaluating raw model output:  28%|██▊       | 337/1194 [05:09<11:17,  1.26it/s]Evaluating raw model output:  28%|██▊       | 338/1194 [05:09<10:25,  1.37it/s]Evaluating raw model output:  28%|██▊       | 339/1194 [05:10<09:38,  1.48it/s]Evaluating raw model output:  28%|██▊       | 340/1194 [05:10<09:14,  1.54it/s]Evaluating raw model output:  29%|██▊       | 341/1194 [05:12<11:48,  1.20it/s]Evaluating raw model output:  29%|██▊       | 342/1194 [05:13<14:57,  1.05s/it]Evaluating raw model output:  29%|██▊       | 343/1194 [05:14<13:14,  1.07it/s]Evaluating raw model output:  29%|██▉       | 344/1194 [05:15<11:35,  1.22it/s]Evaluating raw model output:  29%|██▉       | 345/1194 [05:16<14:50,  1.05s/it]Evaluating raw model output:  29%|██▉       | 346/1194 [05:17<12:43,  1.11it/s]Evaluating raw model output:  29%|██▉       | 347/1194 [05:17<11:00,  1.28it/s]Evaluating raw model output:  29%|██▉       | 348/1194 [05:18<09:59,  1.41it/s]Evaluating raw model output:  29%|██▉       | 349/1194 [05:18<09:45,  1.44it/s]Evaluating raw model output:  29%|██▉       | 350/1194 [05:20<13:45,  1.02it/s]Evaluating raw model output:  29%|██▉       | 351/1194 [05:21<14:42,  1.05s/it]Evaluating raw model output:  29%|██▉       | 352/1194 [05:22<12:49,  1.09it/s]Evaluating raw model output:  30%|██▉       | 353/1194 [05:22<11:23,  1.23it/s]Evaluating raw model output:  30%|██▉       | 354/1194 [05:23<10:18,  1.36it/s]Evaluating raw model output:  30%|██▉       | 355/1194 [05:24<09:47,  1.43it/s]Evaluating raw model output:  30%|██▉       | 356/1194 [05:24<09:20,  1.50it/s]Evaluating raw model output:  30%|██▉       | 357/1194 [05:26<13:36,  1.02it/s]Evaluating raw model output:  30%|██▉       | 358/1194 [05:26<12:04,  1.15it/s]Evaluating raw model output:  30%|███       | 359/1194 [05:27<10:45,  1.29it/s]Evaluating raw model output:  30%|███       | 360/1194 [05:28<09:51,  1.41it/s]Evaluating raw model output:  30%|███       | 361/1194 [05:28<09:59,  1.39it/s]Evaluating raw model output:  30%|███       | 362/1194 [05:29<09:28,  1.46it/s]Evaluating raw model output:  30%|███       | 363/1194 [05:30<09:02,  1.53it/s]Evaluating raw model output:  30%|███       | 364/1194 [05:30<08:49,  1.57it/s]Evaluating raw model output:  31%|███       | 365/1194 [05:31<08:20,  1.66it/s]Evaluating raw model output:  31%|███       | 366/1194 [05:31<08:07,  1.70it/s]Evaluating raw model output:  31%|███       | 367/1194 [05:32<10:30,  1.31it/s]Evaluating raw model output:  31%|███       | 368/1194 [05:33<09:53,  1.39it/s]Evaluating raw model output:  31%|███       | 369/1194 [05:34<09:21,  1.47it/s]Evaluating raw model output:  31%|███       | 370/1194 [05:34<08:56,  1.54it/s]Evaluating raw model output:  31%|███       | 371/1194 [05:35<11:09,  1.23it/s]Evaluating raw model output:  31%|███       | 372/1194 [05:36<10:04,  1.36it/s]Evaluating raw model output:  31%|███       | 373/1194 [05:36<09:30,  1.44it/s]Evaluating raw model output:  31%|███▏      | 374/1194 [05:38<12:47,  1.07it/s]Evaluating raw model output:  31%|███▏      | 375/1194 [05:39<11:29,  1.19it/s]Evaluating raw model output:  31%|███▏      | 376/1194 [05:39<10:16,  1.33it/s]Evaluating raw model output:  32%|███▏      | 377/1194 [05:40<09:36,  1.42it/s]Evaluating raw model output:  32%|███▏      | 378/1194 [05:40<08:48,  1.54it/s]Evaluating raw model output:  32%|███▏      | 379/1194 [05:41<08:24,  1.61it/s]Evaluating raw model output:  32%|███▏      | 380/1194 [05:42<09:31,  1.42it/s]Evaluating raw model output:  32%|███▏      | 381/1194 [05:43<10:20,  1.31it/s]Evaluating raw model output:  32%|███▏      | 382/1194 [05:44<13:45,  1.02s/it]Evaluating raw model output:  32%|███▏      | 383/1194 [05:46<16:32,  1.22s/it]Evaluating raw model output:  32%|███▏      | 384/1194 [05:47<16:09,  1.20s/it]Evaluating raw model output:  32%|███▏      | 385/1194 [05:48<14:53,  1.10s/it]Evaluating raw model output:  32%|███▏      | 386/1194 [05:49<14:51,  1.10s/it]Evaluating raw model output:  32%|███▏      | 387/1194 [05:50<13:14,  1.02it/s]Evaluating raw model output:  32%|███▏      | 388/1194 [05:51<12:57,  1.04it/s]Evaluating raw model output:  33%|███▎      | 389/1194 [05:51<11:13,  1.20it/s]Evaluating raw model output:  33%|███▎      | 390/1194 [05:53<14:05,  1.05s/it]Evaluating raw model output:  33%|███▎      | 391/1194 [05:54<13:42,  1.02s/it]Evaluating raw model output:  33%|███▎      | 392/1194 [05:55<12:47,  1.04it/s]Evaluating raw model output:  33%|███▎      | 393/1194 [05:55<12:04,  1.11it/s]Evaluating raw model output:  33%|███▎      | 394/1194 [05:57<14:03,  1.05s/it]Evaluating raw model output:  33%|███▎      | 395/1194 [05:57<12:01,  1.11it/s]Evaluating raw model output:  33%|███▎      | 396/1194 [05:58<12:48,  1.04it/s]Evaluating raw model output:  33%|███▎      | 397/1194 [05:59<12:39,  1.05it/s]Evaluating raw model output:  33%|███▎      | 398/1194 [06:00<11:02,  1.20it/s]Evaluating raw model output:  33%|███▎      | 399/1194 [06:00<09:59,  1.33it/s]Evaluating raw model output:  34%|███▎      | 400/1194 [06:01<09:18,  1.42it/s]Evaluating raw model output:  34%|███▎      | 401/1194 [06:02<08:48,  1.50it/s]Evaluating raw model output:  34%|███▎      | 402/1194 [06:02<08:18,  1.59it/s]Evaluating raw model output:  34%|███▍      | 403/1194 [06:03<08:02,  1.64it/s]Evaluating raw model output:  34%|███▍      | 404/1194 [06:03<08:03,  1.63it/s]Evaluating raw model output:  34%|███▍      | 405/1194 [06:04<07:53,  1.67it/s]Evaluating raw model output:  34%|███▍      | 406/1194 [06:05<11:45,  1.12it/s]Evaluating raw model output:  34%|███▍      | 407/1194 [06:06<12:09,  1.08it/s]Evaluating raw model output:  34%|███▍      | 408/1194 [06:07<10:40,  1.23it/s]Evaluating raw model output:  34%|███▍      | 409/1194 [06:08<12:28,  1.05it/s]Evaluating raw model output:  34%|███▍      | 410/1194 [06:09<10:51,  1.20it/s]Evaluating raw model output:  34%|███▍      | 411/1194 [06:09<09:46,  1.33it/s]Evaluating raw model output:  35%|███▍      | 412/1194 [06:10<09:10,  1.42it/s]Evaluating raw model output:  35%|███▍      | 413/1194 [06:11<10:08,  1.28it/s]Evaluating raw model output:  35%|███▍      | 414/1194 [06:12<09:18,  1.40it/s]Evaluating raw model output:  35%|███▍      | 415/1194 [06:12<08:43,  1.49it/s]Evaluating raw model output:  35%|███▍      | 416/1194 [06:13<08:25,  1.54it/s]Evaluating raw model output:  35%|███▍      | 417/1194 [06:13<08:03,  1.61it/s]Evaluating raw model output:  35%|███▌      | 418/1194 [06:14<07:45,  1.67it/s]Evaluating raw model output:  35%|███▌      | 419/1194 [06:14<07:36,  1.70it/s]Evaluating raw model output:  35%|███▌      | 420/1194 [06:16<10:36,  1.22it/s]Evaluating raw model output:  35%|███▌      | 421/1194 [06:17<12:34,  1.03it/s]Evaluating raw model output:  35%|███▌      | 422/1194 [06:18<10:56,  1.18it/s]Evaluating raw model output:  35%|███▌      | 423/1194 [06:18<09:43,  1.32it/s]Evaluating raw model output:  36%|███▌      | 424/1194 [06:19<08:54,  1.44it/s]Evaluating raw model output:  36%|███▌      | 425/1194 [06:19<08:12,  1.56it/s]Evaluating raw model output:  36%|███▌      | 426/1194 [06:20<07:49,  1.64it/s]Evaluating raw model output:  36%|███▌      | 427/1194 [06:20<07:33,  1.69it/s]Evaluating raw model output:  36%|███▌      | 428/1194 [06:21<08:54,  1.43it/s]Evaluating raw model output:  36%|███▌      | 429/1194 [06:23<11:15,  1.13it/s]Evaluating raw model output:  36%|███▌      | 430/1194 [06:23<09:59,  1.27it/s]Evaluating raw model output:  36%|███▌      | 431/1194 [06:24<09:09,  1.39it/s]Evaluating raw model output:  36%|███▌      | 432/1194 [06:24<08:21,  1.52it/s]Evaluating raw model output:  36%|███▋      | 433/1194 [06:25<09:44,  1.30it/s]Evaluating raw model output:  36%|███▋      | 434/1194 [06:27<12:37,  1.00it/s]Evaluating raw model output:  36%|███▋      | 435/1194 [06:28<12:21,  1.02it/s]Evaluating raw model output:  37%|███▋      | 436/1194 [06:29<13:56,  1.10s/it]Evaluating raw model output:  37%|███▋      | 437/1194 [06:30<12:30,  1.01it/s]Evaluating raw model output:  37%|███▋      | 438/1194 [06:30<11:00,  1.15it/s]Evaluating raw model output:  37%|███▋      | 439/1194 [06:31<09:44,  1.29it/s]Evaluating raw model output:  37%|███▋      | 440/1194 [06:32<08:55,  1.41it/s]Evaluating raw model output:  37%|███▋      | 441/1194 [06:32<08:23,  1.50it/s]Evaluating raw model output:  37%|███▋      | 442/1194 [06:33<08:01,  1.56it/s]Evaluating raw model output:  37%|███▋      | 443/1194 [06:33<08:00,  1.56it/s]Evaluating raw model output:  37%|███▋      | 444/1194 [06:34<07:43,  1.62it/s]Evaluating raw model output:  37%|███▋      | 445/1194 [06:34<07:35,  1.65it/s]Evaluating raw model output:  37%|███▋      | 446/1194 [06:35<07:24,  1.68it/s]Evaluating raw model output:  37%|███▋      | 447/1194 [06:36<07:16,  1.71it/s]Evaluating raw model output:  38%|███▊      | 448/1194 [06:36<07:11,  1.73it/s]Evaluating raw model output:  38%|███▊      | 449/1194 [06:37<07:07,  1.74it/s]Evaluating raw model output:  38%|███▊      | 450/1194 [06:37<07:10,  1.73it/s]Evaluating raw model output:  38%|███▊      | 451/1194 [06:38<07:05,  1.75it/s]Evaluating raw model output:  38%|███▊      | 452/1194 [06:38<06:50,  1.81it/s]Evaluating raw model output:  38%|███▊      | 453/1194 [06:40<09:30,  1.30it/s]Evaluating raw model output:  38%|███▊      | 454/1194 [06:41<10:16,  1.20it/s]Evaluating raw model output:  38%|███▊      | 455/1194 [06:41<08:59,  1.37it/s]Evaluating raw model output:  38%|███▊      | 456/1194 [06:42<08:45,  1.40it/s]Evaluating raw model output:  38%|███▊      | 457/1194 [06:42<08:06,  1.52it/s]Evaluating raw model output:  38%|███▊      | 458/1194 [06:43<07:43,  1.59it/s]Evaluating raw model output:  38%|███▊      | 459/1194 [06:43<07:33,  1.62it/s]Evaluating raw model output:  39%|███▊      | 460/1194 [06:44<08:10,  1.50it/s]Evaluating raw model output:  39%|███▊      | 461/1194 [06:45<07:42,  1.58it/s]Evaluating raw model output:  39%|███▊      | 462/1194 [06:45<07:35,  1.61it/s]Evaluating raw model output:  39%|███▉      | 463/1194 [06:46<08:43,  1.40it/s]Evaluating raw model output:  39%|███▉      | 464/1194 [06:48<11:25,  1.07it/s]Evaluating raw model output:  39%|███▉      | 465/1194 [06:49<11:05,  1.10it/s]Evaluating raw model output:  39%|███▉      | 466/1194 [06:49<09:40,  1.25it/s]Evaluating raw model output:  39%|███▉      | 467/1194 [06:50<08:42,  1.39it/s]Evaluating raw model output:  39%|███▉      | 468/1194 [06:51<09:35,  1.26it/s]Evaluating raw model output:  39%|███▉      | 469/1194 [06:51<08:58,  1.35it/s]Evaluating raw model output:  39%|███▉      | 470/1194 [06:52<08:21,  1.44it/s]Evaluating raw model output:  39%|███▉      | 471/1194 [06:52<07:53,  1.53it/s]Evaluating raw model output:  40%|███▉      | 472/1194 [06:54<11:29,  1.05it/s]Evaluating raw model output:  40%|███▉      | 473/1194 [06:55<09:50,  1.22it/s]Evaluating raw model output:  40%|███▉      | 474/1194 [06:55<08:53,  1.35it/s]Evaluating raw model output:  40%|███▉      | 475/1194 [06:56<08:11,  1.46it/s]Evaluating raw model output:  40%|███▉      | 476/1194 [06:57<11:29,  1.04it/s]Evaluating raw model output:  40%|███▉      | 477/1194 [06:58<10:18,  1.16it/s]Evaluating raw model output:  40%|████      | 478/1194 [06:59<11:27,  1.04it/s]Evaluating raw model output:  40%|████      | 479/1194 [07:00<09:56,  1.20it/s]Evaluating raw model output:  40%|████      | 480/1194 [07:01<11:04,  1.07it/s]Evaluating raw model output:  40%|████      | 481/1194 [07:02<13:34,  1.14s/it]Evaluating raw model output:  40%|████      | 482/1194 [07:03<11:56,  1.01s/it]Evaluating raw model output:  40%|████      | 483/1194 [07:04<10:45,  1.10it/s]Evaluating raw model output:  41%|████      | 484/1194 [07:05<09:59,  1.18it/s]Evaluating raw model output:  41%|████      | 485/1194 [07:05<09:07,  1.30it/s]Evaluating raw model output:  41%|████      | 486/1194 [07:06<10:43,  1.10it/s]Evaluating raw model output:  41%|████      | 487/1194 [07:08<12:00,  1.02s/it]Evaluating raw model output:  41%|████      | 488/1194 [07:08<10:20,  1.14it/s]Evaluating raw model output:  41%|████      | 489/1194 [07:09<09:18,  1.26it/s]Evaluating raw model output:  41%|████      | 490/1194 [07:09<08:39,  1.35it/s]Evaluating raw model output:  41%|████      | 491/1194 [07:10<09:17,  1.26it/s]Evaluating raw model output:  41%|████      | 492/1194 [07:11<08:35,  1.36it/s]Evaluating raw model output:  41%|████▏     | 493/1194 [07:12<08:11,  1.43it/s]Evaluating raw model output:  41%|████▏     | 494/1194 [07:12<08:07,  1.44it/s]Evaluating raw model output:  41%|████▏     | 495/1194 [07:13<07:51,  1.48it/s]Evaluating raw model output:  42%|████▏     | 496/1194 [07:13<07:39,  1.52it/s]Evaluating raw model output:  42%|████▏     | 497/1194 [07:14<07:23,  1.57it/s]Evaluating raw model output:  42%|████▏     | 498/1194 [07:15<07:12,  1.61it/s]Evaluating raw model output:  42%|████▏     | 499/1194 [07:15<07:05,  1.63it/s]Evaluating raw model output:  42%|████▏     | 500/1194 [07:16<06:56,  1.67it/s]Evaluating raw model output:  42%|████▏     | 501/1194 [07:16<06:57,  1.66it/s]Evaluating raw model output:  42%|████▏     | 502/1194 [07:18<10:52,  1.06it/s]Evaluating raw model output:  42%|████▏     | 503/1194 [07:19<09:36,  1.20it/s]Evaluating raw model output:  42%|████▏     | 504/1194 [07:19<08:45,  1.31it/s]Evaluating raw model output:  42%|████▏     | 505/1194 [07:20<08:01,  1.43it/s]Evaluating raw model output:  42%|████▏     | 506/1194 [07:20<07:29,  1.53it/s]Evaluating raw model output:  42%|████▏     | 507/1194 [07:21<08:26,  1.36it/s]Evaluating raw model output:  43%|████▎     | 508/1194 [07:22<08:07,  1.41it/s]Evaluating raw model output:  43%|████▎     | 509/1194 [07:23<07:35,  1.50it/s]Evaluating raw model output:  43%|████▎     | 510/1194 [07:24<10:35,  1.08it/s]Evaluating raw model output:  43%|████▎     | 511/1194 [07:26<12:19,  1.08s/it]Evaluating raw model output:  43%|████▎     | 512/1194 [07:26<10:33,  1.08it/s]Evaluating raw model output:  43%|████▎     | 513/1194 [07:27<09:40,  1.17it/s]Evaluating raw model output:  43%|████▎     | 514/1194 [07:27<08:45,  1.29it/s]Evaluating raw model output:  43%|████▎     | 515/1194 [07:29<10:09,  1.11it/s]Evaluating raw model output:  43%|████▎     | 516/1194 [07:29<10:03,  1.12it/s]Evaluating raw model output:  43%|████▎     | 517/1194 [07:30<08:40,  1.30it/s]Evaluating raw model output:  43%|████▎     | 518/1194 [07:31<09:22,  1.20it/s]Evaluating raw model output:  43%|████▎     | 519/1194 [07:32<08:39,  1.30it/s]Evaluating raw model output:  44%|████▎     | 520/1194 [07:32<07:59,  1.41it/s]Evaluating raw model output:  44%|████▎     | 521/1194 [07:33<07:30,  1.49it/s]Evaluating raw model output:  44%|████▎     | 522/1194 [07:33<07:07,  1.57it/s]Evaluating raw model output:  44%|████▍     | 523/1194 [07:34<06:54,  1.62it/s]Evaluating raw model output:  44%|████▍     | 524/1194 [07:34<06:46,  1.65it/s]Evaluating raw model output:  44%|████▍     | 525/1194 [07:35<06:40,  1.67it/s]Evaluating raw model output:  44%|████▍     | 526/1194 [07:36<08:42,  1.28it/s]Evaluating raw model output:  44%|████▍     | 527/1194 [07:37<07:44,  1.43it/s]Evaluating raw model output:  44%|████▍     | 528/1194 [07:38<11:00,  1.01it/s]Evaluating raw model output:  44%|████▍     | 529/1194 [07:40<11:57,  1.08s/it]Evaluating raw model output:  44%|████▍     | 530/1194 [07:40<10:10,  1.09it/s]Evaluating raw model output:  44%|████▍     | 531/1194 [07:41<11:08,  1.01s/it]Evaluating raw model output:  45%|████▍     | 532/1194 [07:42<09:26,  1.17it/s]Evaluating raw model output:  45%|████▍     | 533/1194 [07:42<08:30,  1.29it/s]Evaluating raw model output:  45%|████▍     | 534/1194 [07:43<07:48,  1.41it/s]Evaluating raw model output:  45%|████▍     | 535/1194 [07:44<07:40,  1.43it/s]Evaluating raw model output:  45%|████▍     | 536/1194 [07:45<09:15,  1.19it/s]Evaluating raw model output:  45%|████▍     | 537/1194 [07:46<08:27,  1.29it/s]Evaluating raw model output:  45%|████▌     | 538/1194 [07:46<07:37,  1.44it/s]Evaluating raw model output:  45%|████▌     | 539/1194 [07:47<07:08,  1.53it/s]Evaluating raw model output:  45%|████▌     | 540/1194 [07:47<07:13,  1.51it/s]Evaluating raw model output:  45%|████▌     | 541/1194 [07:48<06:55,  1.57it/s]Evaluating raw model output:  45%|████▌     | 542/1194 [07:48<06:49,  1.59it/s]Evaluating raw model output:  45%|████▌     | 543/1194 [07:49<06:43,  1.61it/s]Evaluating raw model output:  46%|████▌     | 544/1194 [07:50<08:23,  1.29it/s]Evaluating raw model output:  46%|████▌     | 545/1194 [07:52<10:50,  1.00s/it]Evaluating raw model output:  46%|████▌     | 546/1194 [07:52<09:27,  1.14it/s]Evaluating raw model output:  46%|████▌     | 547/1194 [07:53<08:33,  1.26it/s]Evaluating raw model output:  46%|████▌     | 548/1194 [07:53<07:40,  1.40it/s]Evaluating raw model output:  46%|████▌     | 549/1194 [07:54<07:13,  1.49it/s]Evaluating raw model output:  46%|████▌     | 550/1194 [07:55<06:52,  1.56it/s]Evaluating raw model output:  46%|████▌     | 551/1194 [07:55<06:33,  1.63it/s]Evaluating raw model output:  46%|████▌     | 552/1194 [07:56<06:26,  1.66it/s]Evaluating raw model output:  46%|████▋     | 553/1194 [07:57<07:45,  1.38it/s]Evaluating raw model output:  46%|████▋     | 554/1194 [07:58<09:00,  1.18it/s]Evaluating raw model output:  46%|████▋     | 555/1194 [07:59<11:26,  1.07s/it]Evaluating raw model output:  47%|████▋     | 556/1194 [08:00<09:40,  1.10it/s]Evaluating raw model output:  47%|████▋     | 557/1194 [08:01<09:16,  1.14it/s]Evaluating raw model output:  47%|████▋     | 558/1194 [08:01<08:21,  1.27it/s]Evaluating raw model output:  47%|████▋     | 559/1194 [08:02<08:50,  1.20it/s]Evaluating raw model output:  47%|████▋     | 560/1194 [08:03<08:05,  1.31it/s]Evaluating raw model output:  47%|████▋     | 561/1194 [08:04<07:55,  1.33it/s]Evaluating raw model output:  47%|████▋     | 562/1194 [08:04<07:20,  1.44it/s]Evaluating raw model output:  47%|████▋     | 563/1194 [08:05<07:05,  1.48it/s]Evaluating raw model output:  47%|████▋     | 564/1194 [08:05<06:50,  1.54it/s]Evaluating raw model output:  47%|████▋     | 565/1194 [08:06<06:37,  1.58it/s]Evaluating raw model output:  47%|████▋     | 566/1194 [08:07<06:30,  1.61it/s]Evaluating raw model output:  47%|████▋     | 567/1194 [08:07<06:46,  1.54it/s]Evaluating raw model output:  48%|████▊     | 568/1194 [08:08<06:26,  1.62it/s]Evaluating raw model output:  48%|████▊     | 569/1194 [08:08<06:09,  1.69it/s]Evaluating raw model output:  48%|████▊     | 570/1194 [08:09<06:30,  1.60it/s]Evaluating raw model output:  48%|████▊     | 571/1194 [08:10<06:21,  1.63it/s]Evaluating raw model output:  48%|████▊     | 572/1194 [08:11<08:03,  1.29it/s]Evaluating raw model output:  48%|████▊     | 573/1194 [08:11<07:22,  1.40it/s]Evaluating raw model output:  48%|████▊     | 574/1194 [08:12<08:23,  1.23it/s]Evaluating raw model output:  48%|████▊     | 575/1194 [08:13<08:06,  1.27it/s]Evaluating raw model output:  48%|████▊     | 576/1194 [08:14<08:10,  1.26it/s]Evaluating raw model output:  48%|████▊     | 577/1194 [08:15<07:50,  1.31it/s]Evaluating raw model output:  48%|████▊     | 578/1194 [08:15<07:25,  1.38it/s]Evaluating raw model output:  48%|████▊     | 579/1194 [08:16<06:51,  1.49it/s]Evaluating raw model output:  49%|████▊     | 580/1194 [08:17<09:12,  1.11it/s]Evaluating raw model output:  49%|████▊     | 581/1194 [08:18<08:00,  1.28it/s]Evaluating raw model output:  49%|████▊     | 582/1194 [08:19<09:40,  1.05it/s]Evaluating raw model output:  49%|████▉     | 583/1194 [08:20<08:28,  1.20it/s]Evaluating raw model output:  49%|████▉     | 584/1194 [08:20<07:40,  1.32it/s]Evaluating raw model output:  49%|████▉     | 585/1194 [08:21<07:11,  1.41it/s]Evaluating raw model output:  49%|████▉     | 586/1194 [08:21<06:50,  1.48it/s]Evaluating raw model output:  49%|████▉     | 587/1194 [08:22<06:38,  1.52it/s]Evaluating raw model output:  49%|████▉     | 588/1194 [08:23<06:23,  1.58it/s]Evaluating raw model output:  49%|████▉     | 589/1194 [08:23<06:12,  1.62it/s]Evaluating raw model output:  49%|████▉     | 590/1194 [08:24<06:08,  1.64it/s]Evaluating raw model output:  49%|████▉     | 591/1194 [08:24<06:05,  1.65it/s]Evaluating raw model output:  50%|████▉     | 592/1194 [08:25<05:45,  1.74it/s]Evaluating raw model output:  50%|████▉     | 593/1194 [08:26<05:48,  1.73it/s]Evaluating raw model output:  50%|████▉     | 594/1194 [08:26<06:47,  1.47it/s]Evaluating raw model output:  50%|████▉     | 595/1194 [08:27<06:28,  1.54it/s]Evaluating raw model output:  50%|████▉     | 596/1194 [08:28<06:13,  1.60it/s]Evaluating raw model output:  50%|█████     | 597/1194 [08:28<05:59,  1.66it/s]Evaluating raw model output:  50%|█████     | 598/1194 [08:29<05:58,  1.66it/s]Evaluating raw model output:  50%|█████     | 599/1194 [08:29<05:56,  1.67it/s]Evaluating raw model output:  50%|█████     | 600/1194 [08:30<07:28,  1.32it/s]Evaluating raw model output:  50%|█████     | 601/1194 [08:31<06:54,  1.43it/s]Evaluating raw model output:  50%|█████     | 602/1194 [08:32<06:21,  1.55it/s]Evaluating raw model output:  51%|█████     | 603/1194 [08:32<06:05,  1.62it/s]Evaluating raw model output:  51%|█████     | 604/1194 [08:33<06:51,  1.44it/s]Evaluating raw model output:  51%|█████     | 605/1194 [08:34<06:25,  1.53it/s]Evaluating raw model output:  51%|█████     | 606/1194 [08:34<06:05,  1.61it/s]Evaluating raw model output:  51%|█████     | 607/1194 [08:35<08:12,  1.19it/s]Evaluating raw model output:  51%|█████     | 608/1194 [08:36<07:23,  1.32it/s]Evaluating raw model output:  51%|█████     | 609/1194 [08:37<07:32,  1.29it/s]Evaluating raw model output:  51%|█████     | 610/1194 [08:37<06:48,  1.43it/s]Evaluating raw model output:  51%|█████     | 611/1194 [08:38<06:31,  1.49it/s]Evaluating raw model output:  51%|█████▏    | 612/1194 [08:38<06:03,  1.60it/s]Evaluating raw model output:  51%|█████▏    | 613/1194 [08:39<05:49,  1.66it/s]Evaluating raw model output:  51%|█████▏    | 614/1194 [08:40<05:46,  1.67it/s]Evaluating raw model output:  52%|█████▏    | 615/1194 [08:40<05:29,  1.75it/s]Evaluating raw model output:  52%|█████▏    | 616/1194 [08:41<05:27,  1.76it/s]Evaluating raw model output:  52%|█████▏    | 617/1194 [08:41<05:44,  1.67it/s]Evaluating raw model output:  52%|█████▏    | 618/1194 [08:42<05:46,  1.66it/s]Evaluating raw model output:  52%|█████▏    | 619/1194 [08:42<05:39,  1.70it/s]Evaluating raw model output:  52%|█████▏    | 620/1194 [08:43<05:36,  1.71it/s]Evaluating raw model output:  52%|█████▏    | 621/1194 [08:44<05:34,  1.72it/s]Evaluating raw model output:  52%|█████▏    | 622/1194 [08:44<05:26,  1.75it/s]Evaluating raw model output:  52%|█████▏    | 623/1194 [08:45<05:22,  1.77it/s]Evaluating raw model output:  52%|█████▏    | 624/1194 [08:45<05:20,  1.78it/s]Evaluating raw model output:  52%|█████▏    | 625/1194 [08:46<05:18,  1.79it/s]Evaluating raw model output:  52%|█████▏    | 626/1194 [08:47<08:07,  1.17it/s]Evaluating raw model output:  53%|█████▎    | 627/1194 [08:48<07:41,  1.23it/s]Evaluating raw model output:  53%|█████▎    | 628/1194 [08:49<07:42,  1.22it/s]Evaluating raw model output:  53%|█████▎    | 629/1194 [08:50<07:03,  1.33it/s]Evaluating raw model output:  53%|█████▎    | 630/1194 [08:50<06:23,  1.47it/s]Evaluating raw model output:  53%|█████▎    | 631/1194 [08:51<06:00,  1.56it/s]Evaluating raw model output:  53%|█████▎    | 632/1194 [08:51<05:40,  1.65it/s]Evaluating raw model output:  53%|█████▎    | 633/1194 [08:52<05:35,  1.67it/s]Evaluating raw model output:  53%|█████▎    | 634/1194 [08:52<05:29,  1.70it/s]Evaluating raw model output:  53%|█████▎    | 635/1194 [08:53<05:19,  1.75it/s]Evaluating raw model output:  53%|█████▎    | 636/1194 [08:53<05:15,  1.77it/s]Evaluating raw model output:  53%|█████▎    | 637/1194 [08:54<05:14,  1.77it/s]Evaluating raw model output:  53%|█████▎    | 638/1194 [08:54<05:13,  1.77it/s]Evaluating raw model output:  54%|█████▎    | 639/1194 [08:55<05:12,  1.78it/s]Evaluating raw model output:  54%|█████▎    | 640/1194 [08:56<07:09,  1.29it/s]Evaluating raw model output:  54%|█████▎    | 641/1194 [08:57<06:29,  1.42it/s]Evaluating raw model output:  54%|█████▍    | 642/1194 [08:57<06:02,  1.52it/s]Evaluating raw model output:  54%|█████▍    | 643/1194 [08:59<07:30,  1.22it/s]Evaluating raw model output:  54%|█████▍    | 644/1194 [08:59<06:50,  1.34it/s]Evaluating raw model output:  54%|█████▍    | 645/1194 [09:00<06:26,  1.42it/s]Evaluating raw model output:  54%|█████▍    | 646/1194 [09:01<07:07,  1.28it/s]Evaluating raw model output:  54%|█████▍    | 647/1194 [09:02<07:39,  1.19it/s]Evaluating raw model output:  54%|█████▍    | 648/1194 [09:02<06:50,  1.33it/s]Evaluating raw model output:  54%|█████▍    | 649/1194 [09:03<06:13,  1.46it/s]Evaluating raw model output:  54%|█████▍    | 650/1194 [09:03<05:52,  1.54it/s]Evaluating raw model output:  55%|█████▍    | 651/1194 [09:04<06:45,  1.34it/s]Evaluating raw model output:  55%|█████▍    | 652/1194 [09:05<06:17,  1.44it/s]Evaluating raw model output:  55%|█████▍    | 653/1194 [09:05<05:55,  1.52it/s]Evaluating raw model output:  55%|█████▍    | 654/1194 [09:07<07:07,  1.26it/s]Evaluating raw model output:  55%|█████▍    | 655/1194 [09:07<06:26,  1.40it/s]Evaluating raw model output:  55%|█████▍    | 656/1194 [09:08<05:59,  1.50it/s]Evaluating raw model output:  55%|█████▌    | 657/1194 [09:08<05:39,  1.58it/s]Evaluating raw model output:  55%|█████▌    | 658/1194 [09:09<06:51,  1.30it/s]Evaluating raw model output:  55%|█████▌    | 659/1194 [09:10<06:15,  1.42it/s]Evaluating raw model output:  55%|█████▌    | 660/1194 [09:11<07:25,  1.20it/s]Evaluating raw model output:  55%|█████▌    | 661/1194 [09:11<06:31,  1.36it/s]Evaluating raw model output:  55%|█████▌    | 662/1194 [09:12<05:54,  1.50it/s]Evaluating raw model output:  56%|█████▌    | 663/1194 [09:13<06:20,  1.39it/s]Evaluating raw model output:  56%|█████▌    | 664/1194 [09:13<05:44,  1.54it/s]Evaluating raw model output:  56%|█████▌    | 665/1194 [09:14<05:22,  1.64it/s]Evaluating raw model output:  56%|█████▌    | 666/1194 [09:14<05:23,  1.63it/s]Evaluating raw model output:  56%|█████▌    | 667/1194 [09:15<05:55,  1.48it/s]Evaluating raw model output:  56%|█████▌    | 668/1194 [09:16<05:29,  1.60it/s]Evaluating raw model output:  56%|█████▌    | 669/1194 [09:16<05:14,  1.67it/s]Evaluating raw model output:  56%|█████▌    | 670/1194 [09:17<05:02,  1.73it/s]Evaluating raw model output:  56%|█████▌    | 671/1194 [09:17<05:09,  1.69it/s]Evaluating raw model output:  56%|█████▋    | 672/1194 [09:18<05:15,  1.65it/s]Evaluating raw model output:  56%|█████▋    | 673/1194 [09:19<05:19,  1.63it/s]Evaluating raw model output:  56%|█████▋    | 674/1194 [09:19<05:17,  1.64it/s]Evaluating raw model output:  57%|█████▋    | 675/1194 [09:20<05:17,  1.64it/s]Evaluating raw model output:  57%|█████▋    | 676/1194 [09:21<05:17,  1.63it/s]Evaluating raw model output:  57%|█████▋    | 677/1194 [09:22<06:19,  1.36it/s]Evaluating raw model output:  57%|█████▋    | 678/1194 [09:22<06:26,  1.33it/s]Evaluating raw model output:  57%|█████▋    | 679/1194 [09:24<07:36,  1.13it/s]Evaluating raw model output:  57%|█████▋    | 680/1194 [09:24<07:15,  1.18it/s]Evaluating raw model output:  57%|█████▋    | 681/1194 [09:25<06:30,  1.31it/s]Evaluating raw model output:  57%|█████▋    | 682/1194 [09:25<06:06,  1.40it/s]Evaluating raw model output:  57%|█████▋    | 683/1194 [09:26<05:45,  1.48it/s]Evaluating raw model output:  57%|█████▋    | 684/1194 [09:27<06:24,  1.33it/s]Evaluating raw model output:  57%|█████▋    | 685/1194 [09:28<06:10,  1.37it/s]Evaluating raw model output:  57%|█████▋    | 686/1194 [09:28<05:42,  1.48it/s]Evaluating raw model output:  58%|█████▊    | 687/1194 [09:29<06:57,  1.21it/s]Evaluating raw model output:  58%|█████▊    | 688/1194 [09:30<06:08,  1.37it/s]Evaluating raw model output:  58%|█████▊    | 689/1194 [09:30<05:39,  1.49it/s]Evaluating raw model output:  58%|█████▊    | 690/1194 [09:31<05:24,  1.55it/s]Evaluating raw model output:  58%|█████▊    | 691/1194 [09:32<05:28,  1.53it/s]Evaluating raw model output:  58%|█████▊    | 692/1194 [09:33<06:49,  1.23it/s]Evaluating raw model output:  58%|█████▊    | 693/1194 [09:33<06:05,  1.37it/s]Evaluating raw model output:  58%|█████▊    | 694/1194 [09:34<05:45,  1.45it/s]Evaluating raw model output:  58%|█████▊    | 695/1194 [09:35<05:32,  1.50it/s]Evaluating raw model output:  58%|█████▊    | 696/1194 [09:36<06:19,  1.31it/s]Evaluating raw model output:  58%|█████▊    | 697/1194 [09:36<05:51,  1.41it/s]Evaluating raw model output:  58%|█████▊    | 698/1194 [09:37<06:56,  1.19it/s]Evaluating raw model output:  59%|█████▊    | 699/1194 [09:38<06:13,  1.33it/s]Evaluating raw model output:  59%|█████▊    | 700/1194 [09:38<05:47,  1.42it/s]Evaluating raw model output:  59%|█████▊    | 701/1194 [09:39<05:29,  1.50it/s]Evaluating raw model output:  59%|█████▉    | 702/1194 [09:40<05:11,  1.58it/s]Evaluating raw model output:  59%|█████▉    | 703/1194 [09:41<07:15,  1.13it/s]Evaluating raw model output:  59%|█████▉    | 704/1194 [09:43<09:04,  1.11s/it]Evaluating raw model output:  59%|█████▉    | 705/1194 [09:43<07:42,  1.06it/s]Evaluating raw model output:  59%|█████▉    | 706/1194 [09:44<06:50,  1.19it/s]Evaluating raw model output:  59%|█████▉    | 707/1194 [09:45<08:29,  1.05s/it]Evaluating raw model output:  59%|█████▉    | 708/1194 [09:46<07:19,  1.11it/s]Evaluating raw model output:  59%|█████▉    | 709/1194 [09:47<06:29,  1.24it/s]Evaluating raw model output:  59%|█████▉    | 710/1194 [09:47<05:57,  1.35it/s]Evaluating raw model output:  60%|█████▉    | 711/1194 [09:48<06:30,  1.24it/s]Evaluating raw model output:  60%|█████▉    | 712/1194 [09:49<05:59,  1.34it/s]Evaluating raw model output:  60%|█████▉    | 713/1194 [09:49<05:32,  1.45it/s]Evaluating raw model output:  60%|█████▉    | 714/1194 [09:50<05:11,  1.54it/s]Evaluating raw model output:  60%|█████▉    | 715/1194 [09:50<04:59,  1.60it/s]Evaluating raw model output:  60%|█████▉    | 716/1194 [09:51<04:50,  1.65it/s]Evaluating raw model output:  60%|██████    | 717/1194 [09:52<05:06,  1.56it/s]Evaluating raw model output:  60%|██████    | 718/1194 [09:52<04:55,  1.61it/s]Evaluating raw model output:  60%|██████    | 719/1194 [09:54<07:36,  1.04it/s]Evaluating raw model output:  60%|██████    | 720/1194 [09:55<06:40,  1.18it/s]Evaluating raw model output:  60%|██████    | 721/1194 [09:55<06:05,  1.29it/s]Evaluating raw model output:  60%|██████    | 722/1194 [09:56<05:46,  1.36it/s]Evaluating raw model output:  61%|██████    | 723/1194 [09:57<07:13,  1.09it/s]Evaluating raw model output:  61%|██████    | 724/1194 [09:58<06:48,  1.15it/s]Evaluating raw model output:  61%|██████    | 725/1194 [09:59<06:35,  1.18it/s]Evaluating raw model output:  61%|██████    | 726/1194 [09:59<06:02,  1.29it/s]Evaluating raw model output:  61%|██████    | 727/1194 [10:00<05:55,  1.31it/s]Evaluating raw model output:  61%|██████    | 728/1194 [10:01<06:10,  1.26it/s]Evaluating raw model output:  61%|██████    | 729/1194 [10:01<05:33,  1.40it/s]Evaluating raw model output:  61%|██████    | 730/1194 [10:02<05:12,  1.48it/s]Evaluating raw model output:  61%|██████    | 731/1194 [10:03<05:01,  1.53it/s]Evaluating raw model output:  61%|██████▏   | 732/1194 [10:03<04:51,  1.59it/s]Evaluating raw model output:  61%|██████▏   | 733/1194 [10:05<06:43,  1.14it/s]Evaluating raw model output:  61%|██████▏   | 734/1194 [10:05<06:02,  1.27it/s]Evaluating raw model output:  62%|██████▏   | 735/1194 [10:06<05:28,  1.40it/s]Evaluating raw model output:  62%|██████▏   | 736/1194 [10:06<05:03,  1.51it/s]Evaluating raw model output:  62%|██████▏   | 737/1194 [10:07<04:50,  1.58it/s]Evaluating raw model output:  62%|██████▏   | 738/1194 [10:08<04:42,  1.62it/s]Evaluating raw model output:  62%|██████▏   | 739/1194 [10:08<04:28,  1.70it/s]Evaluating raw model output:  62%|██████▏   | 740/1194 [10:09<04:41,  1.61it/s]Evaluating raw model output:  62%|██████▏   | 741/1194 [10:10<05:20,  1.41it/s]Evaluating raw model output:  62%|██████▏   | 742/1194 [10:11<06:16,  1.20it/s]Evaluating raw model output:  62%|██████▏   | 743/1194 [10:12<07:41,  1.02s/it]Evaluating raw model output:  62%|██████▏   | 744/1194 [10:13<06:38,  1.13it/s]Evaluating raw model output:  62%|██████▏   | 745/1194 [10:13<06:00,  1.24it/s]Evaluating raw model output:  62%|██████▏   | 746/1194 [10:14<05:34,  1.34it/s]Evaluating raw model output:  63%|██████▎   | 747/1194 [10:15<05:07,  1.45it/s]Evaluating raw model output:  63%|██████▎   | 748/1194 [10:15<04:56,  1.51it/s]Evaluating raw model output:  63%|██████▎   | 749/1194 [10:16<04:42,  1.58it/s]Evaluating raw model output:  63%|██████▎   | 750/1194 [10:16<04:33,  1.62it/s]Evaluating raw model output:  63%|██████▎   | 751/1194 [10:17<05:24,  1.36it/s]Evaluating raw model output:  63%|██████▎   | 752/1194 [10:18<05:01,  1.47it/s]Evaluating raw model output:  63%|██████▎   | 753/1194 [10:18<04:48,  1.53it/s]Evaluating raw model output:  63%|██████▎   | 754/1194 [10:19<04:36,  1.59it/s]Evaluating raw model output:  63%|██████▎   | 755/1194 [10:20<04:26,  1.65it/s]Evaluating raw model output:  63%|██████▎   | 756/1194 [10:20<04:15,  1.71it/s]Evaluating raw model output:  63%|██████▎   | 757/1194 [10:21<04:14,  1.72it/s]Evaluating raw model output:  63%|██████▎   | 758/1194 [10:21<04:09,  1.75it/s]Evaluating raw model output:  64%|██████▎   | 759/1194 [10:22<04:12,  1.73it/s]Evaluating raw model output:  64%|██████▎   | 760/1194 [10:22<04:08,  1.74it/s]Evaluating raw model output:  64%|██████▎   | 761/1194 [10:23<04:56,  1.46it/s]Evaluating raw model output:  64%|██████▍   | 762/1194 [10:25<06:48,  1.06it/s]Evaluating raw model output:  64%|██████▍   | 763/1194 [10:26<06:03,  1.18it/s]Evaluating raw model output:  64%|██████▍   | 764/1194 [10:26<05:28,  1.31it/s]Evaluating raw model output:  64%|██████▍   | 765/1194 [10:27<05:05,  1.40it/s]Evaluating raw model output:  64%|██████▍   | 766/1194 [10:27<04:45,  1.50it/s]Evaluating raw model output:  64%|██████▍   | 767/1194 [10:28<04:31,  1.57it/s]Evaluating raw model output:  64%|██████▍   | 768/1194 [10:28<04:25,  1.60it/s]Evaluating raw model output:  64%|██████▍   | 769/1194 [10:29<04:21,  1.63it/s]Evaluating raw model output:  64%|██████▍   | 770/1194 [10:30<04:16,  1.65it/s]Evaluating raw model output:  65%|██████▍   | 771/1194 [10:30<04:19,  1.63it/s]Evaluating raw model output:  65%|██████▍   | 772/1194 [10:31<04:10,  1.68it/s]Evaluating raw model output:  65%|██████▍   | 773/1194 [10:32<05:34,  1.26it/s]Evaluating raw model output:  65%|██████▍   | 774/1194 [10:33<06:45,  1.04it/s]Evaluating raw model output:  65%|██████▍   | 775/1194 [10:34<06:04,  1.15it/s]Evaluating raw model output:  65%|██████▍   | 776/1194 [10:35<05:23,  1.29it/s]Evaluating raw model output:  65%|██████▌   | 777/1194 [10:36<06:36,  1.05it/s]Evaluating raw model output:  65%|██████▌   | 778/1194 [10:37<07:07,  1.03s/it]Evaluating raw model output:  65%|██████▌   | 779/1194 [10:38<06:18,  1.10it/s]Evaluating raw model output:  65%|██████▌   | 780/1194 [10:38<05:31,  1.25it/s]Evaluating raw model output:  65%|██████▌   | 781/1194 [10:39<05:03,  1.36it/s]Evaluating raw model output:  65%|██████▌   | 782/1194 [10:40<05:36,  1.22it/s]Evaluating raw model output:  66%|██████▌   | 783/1194 [10:41<05:17,  1.30it/s]Evaluating raw model output:  66%|██████▌   | 784/1194 [10:41<04:51,  1.41it/s]Evaluating raw model output:  66%|██████▌   | 785/1194 [10:42<04:27,  1.53it/s]Evaluating raw model output:  66%|██████▌   | 786/1194 [10:42<04:21,  1.56it/s]Evaluating raw model output:  66%|██████▌   | 787/1194 [10:43<04:02,  1.68it/s]Evaluating raw model output:  66%|██████▌   | 788/1194 [10:43<03:53,  1.74it/s]Evaluating raw model output:  66%|██████▌   | 789/1194 [10:44<03:47,  1.78it/s]Evaluating raw model output:  66%|██████▌   | 790/1194 [10:44<03:46,  1.78it/s]Evaluating raw model output:  66%|██████▌   | 791/1194 [10:45<03:46,  1.78it/s]Evaluating raw model output:  66%|██████▋   | 792/1194 [10:45<03:40,  1.82it/s]Evaluating raw model output:  66%|██████▋   | 793/1194 [10:46<03:34,  1.87it/s]Evaluating raw model output:  66%|██████▋   | 794/1194 [10:47<03:41,  1.80it/s]Evaluating raw model output:  67%|██████▋   | 795/1194 [10:47<03:49,  1.74it/s]Evaluating raw model output:  67%|██████▋   | 796/1194 [10:48<04:32,  1.46it/s]Evaluating raw model output:  67%|██████▋   | 797/1194 [10:49<04:28,  1.48it/s]Evaluating raw model output:  67%|██████▋   | 798/1194 [10:49<04:04,  1.62it/s]Evaluating raw model output:  67%|██████▋   | 799/1194 [10:50<03:57,  1.67it/s]Evaluating raw model output:  67%|██████▋   | 800/1194 [10:51<04:02,  1.62it/s]Evaluating raw model output:  67%|██████▋   | 801/1194 [10:51<03:57,  1.65it/s]Evaluating raw model output:  67%|██████▋   | 802/1194 [10:52<04:33,  1.43it/s]Evaluating raw model output:  67%|██████▋   | 803/1194 [10:53<04:16,  1.53it/s]Evaluating raw model output:  67%|██████▋   | 804/1194 [10:53<03:56,  1.65it/s]Evaluating raw model output:  67%|██████▋   | 805/1194 [10:54<03:51,  1.68it/s]Evaluating raw model output:  68%|██████▊   | 806/1194 [10:54<03:47,  1.71it/s]Evaluating raw model output:  68%|██████▊   | 807/1194 [10:55<03:46,  1.71it/s]Evaluating raw model output:  68%|██████▊   | 808/1194 [10:55<03:39,  1.75it/s]Evaluating raw model output:  68%|██████▊   | 809/1194 [10:56<04:25,  1.45it/s]Evaluating raw model output:  68%|██████▊   | 810/1194 [10:57<04:08,  1.54it/s]Evaluating raw model output:  68%|██████▊   | 811/1194 [10:57<03:57,  1.61it/s]Evaluating raw model output:  68%|██████▊   | 812/1194 [10:58<03:52,  1.64it/s]Evaluating raw model output:  68%|██████▊   | 813/1194 [10:58<03:44,  1.70it/s]Evaluating raw model output:  68%|██████▊   | 814/1194 [10:59<03:40,  1.72it/s]Evaluating raw model output:  68%|██████▊   | 815/1194 [11:00<04:40,  1.35it/s]Evaluating raw model output:  68%|██████▊   | 816/1194 [11:01<04:19,  1.46it/s]Evaluating raw model output:  68%|██████▊   | 817/1194 [11:01<04:04,  1.54it/s]Evaluating raw model output:  69%|██████▊   | 818/1194 [11:02<03:48,  1.65it/s]Evaluating raw model output:  69%|██████▊   | 819/1194 [11:03<05:33,  1.12it/s]Evaluating raw model output:  69%|██████▊   | 820/1194 [11:05<06:56,  1.11s/it]Evaluating raw model output:  69%|██████▉   | 821/1194 [11:06<05:53,  1.06it/s]Evaluating raw model output:  69%|██████▉   | 822/1194 [11:07<06:38,  1.07s/it]Evaluating raw model output:  69%|██████▉   | 823/1194 [11:08<06:05,  1.01it/s]Evaluating raw model output:  69%|██████▉   | 824/1194 [11:08<05:37,  1.10it/s]Evaluating raw model output:  69%|██████▉   | 825/1194 [11:09<04:55,  1.25it/s]Evaluating raw model output:  69%|██████▉   | 826/1194 [11:10<04:34,  1.34it/s]Evaluating raw model output:  69%|██████▉   | 827/1194 [11:10<04:17,  1.43it/s]Evaluating raw model output:  69%|██████▉   | 828/1194 [11:11<03:57,  1.54it/s]Evaluating raw model output:  69%|██████▉   | 829/1194 [11:11<03:46,  1.61it/s]Evaluating raw model output:  70%|██████▉   | 830/1194 [11:12<04:45,  1.28it/s]Evaluating raw model output:  70%|██████▉   | 831/1194 [11:14<05:16,  1.15it/s]Evaluating raw model output:  70%|██████▉   | 832/1194 [11:14<04:40,  1.29it/s]Evaluating raw model output:  70%|██████▉   | 833/1194 [11:15<04:17,  1.40it/s]Evaluating raw model output:  70%|██████▉   | 834/1194 [11:15<03:59,  1.50it/s]Evaluating raw model output:  70%|██████▉   | 835/1194 [11:16<04:53,  1.22it/s]Evaluating raw model output:  70%|███████   | 836/1194 [11:17<04:26,  1.34it/s]Evaluating raw model output:  70%|███████   | 837/1194 [11:17<04:06,  1.45it/s]Evaluating raw model output:  70%|███████   | 838/1194 [11:19<05:14,  1.13it/s]Evaluating raw model output:  70%|███████   | 839/1194 [11:20<05:16,  1.12it/s]Evaluating raw model output:  70%|███████   | 840/1194 [11:20<04:34,  1.29it/s]Evaluating raw model output:  70%|███████   | 841/1194 [11:21<04:08,  1.42it/s]Evaluating raw model output:  71%|███████   | 842/1194 [11:21<03:43,  1.58it/s]Evaluating raw model output:  71%|███████   | 843/1194 [11:22<03:25,  1.71it/s]Evaluating raw model output:  71%|███████   | 844/1194 [11:22<03:16,  1.78it/s]Evaluating raw model output:  71%|███████   | 845/1194 [11:23<03:12,  1.81it/s]Evaluating raw model output:  71%|███████   | 846/1194 [11:24<04:00,  1.44it/s]Evaluating raw model output:  71%|███████   | 847/1194 [11:25<04:19,  1.34it/s]Evaluating raw model output:  71%|███████   | 848/1194 [11:25<03:53,  1.48it/s]Evaluating raw model output:  71%|███████   | 849/1194 [11:26<03:57,  1.45it/s]Evaluating raw model output:  71%|███████   | 850/1194 [11:26<03:37,  1.58it/s]Evaluating raw model output:  71%|███████▏  | 851/1194 [11:27<03:22,  1.69it/s]Evaluating raw model output:  71%|███████▏  | 852/1194 [11:28<03:33,  1.60it/s]Evaluating raw model output:  71%|███████▏  | 853/1194 [11:28<03:42,  1.53it/s]Evaluating raw model output:  72%|███████▏  | 854/1194 [11:29<03:33,  1.59it/s]Evaluating raw model output:  72%|███████▏  | 855/1194 [11:30<03:49,  1.48it/s]Evaluating raw model output:  72%|███████▏  | 856/1194 [11:31<04:22,  1.29it/s]Evaluating raw model output:  72%|███████▏  | 857/1194 [11:31<04:08,  1.36it/s]Evaluating raw model output:  72%|███████▏  | 858/1194 [11:32<03:53,  1.44it/s]Evaluating raw model output:  72%|███████▏  | 859/1194 [11:32<03:39,  1.52it/s]Evaluating raw model output:  72%|███████▏  | 860/1194 [11:33<03:39,  1.52it/s]Evaluating raw model output:  72%|███████▏  | 861/1194 [11:34<03:31,  1.57it/s]Evaluating raw model output:  72%|███████▏  | 862/1194 [11:34<03:29,  1.59it/s]Evaluating raw model output:  72%|███████▏  | 863/1194 [11:35<03:28,  1.59it/s]Evaluating raw model output:  72%|███████▏  | 864/1194 [11:36<03:29,  1.58it/s]Evaluating raw model output:  72%|███████▏  | 865/1194 [11:37<04:08,  1.33it/s]Evaluating raw model output:  73%|███████▎  | 866/1194 [11:37<03:51,  1.42it/s]Evaluating raw model output:  73%|███████▎  | 867/1194 [11:38<04:16,  1.28it/s]Evaluating raw model output:  73%|███████▎  | 868/1194 [11:39<03:53,  1.40it/s]Evaluating raw model output:  73%|███████▎  | 869/1194 [11:39<03:38,  1.49it/s]Evaluating raw model output:  73%|███████▎  | 870/1194 [11:40<04:03,  1.33it/s]Evaluating raw model output:  73%|███████▎  | 871/1194 [11:41<03:47,  1.42it/s]Evaluating raw model output:  73%|███████▎  | 872/1194 [11:41<03:40,  1.46it/s]Evaluating raw model output:  73%|███████▎  | 873/1194 [11:42<03:50,  1.39it/s]Evaluating raw model output:  73%|███████▎  | 874/1194 [11:43<03:49,  1.40it/s]Evaluating raw model output:  73%|███████▎  | 875/1194 [11:44<03:39,  1.45it/s]Evaluating raw model output:  73%|███████▎  | 876/1194 [11:44<03:26,  1.54it/s]Evaluating raw model output:  73%|███████▎  | 877/1194 [11:45<03:17,  1.60it/s]Evaluating raw model output:  74%|███████▎  | 878/1194 [11:45<03:04,  1.72it/s]Evaluating raw model output:  74%|███████▎  | 879/1194 [11:46<03:01,  1.73it/s]Evaluating raw model output:  74%|███████▎  | 880/1194 [11:46<02:57,  1.77it/s]Evaluating raw model output:  74%|███████▍  | 881/1194 [11:47<03:30,  1.49it/s]Evaluating raw model output:  74%|███████▍  | 882/1194 [11:48<03:56,  1.32it/s]Evaluating raw model output:  74%|███████▍  | 883/1194 [11:49<04:10,  1.24it/s]Evaluating raw model output:  74%|███████▍  | 884/1194 [11:50<04:36,  1.12it/s]Evaluating raw model output:  74%|███████▍  | 885/1194 [11:51<04:49,  1.07it/s]Evaluating raw model output:  74%|███████▍  | 886/1194 [11:52<04:15,  1.21it/s]Evaluating raw model output:  74%|███████▍  | 887/1194 [11:53<04:37,  1.11it/s]Evaluating raw model output:  74%|███████▍  | 888/1194 [11:53<04:04,  1.25it/s]Evaluating raw model output:  74%|███████▍  | 889/1194 [11:55<05:32,  1.09s/it]Evaluating raw model output:  75%|███████▍  | 890/1194 [11:56<04:41,  1.08it/s]Evaluating raw model output:  75%|███████▍  | 891/1194 [11:56<04:10,  1.21it/s]Evaluating raw model output:  75%|███████▍  | 892/1194 [11:57<03:47,  1.33it/s]Evaluating raw model output:  75%|███████▍  | 893/1194 [11:58<04:36,  1.09it/s]Evaluating raw model output:  75%|███████▍  | 894/1194 [11:59<04:05,  1.22it/s]Evaluating raw model output:  75%|███████▍  | 895/1194 [12:00<05:10,  1.04s/it]Evaluating raw model output:  75%|███████▌  | 896/1194 [12:01<04:24,  1.12it/s]Evaluating raw model output:  75%|███████▌  | 897/1194 [12:02<04:48,  1.03it/s]Evaluating raw model output:  75%|███████▌  | 898/1194 [12:03<04:11,  1.17it/s]Evaluating raw model output:  75%|███████▌  | 899/1194 [12:04<04:54,  1.00it/s]Evaluating raw model output:  75%|███████▌  | 900/1194 [12:05<04:17,  1.14it/s]Evaluating raw model output:  75%|███████▌  | 901/1194 [12:05<04:00,  1.22it/s]Evaluating raw model output:  76%|███████▌  | 902/1194 [12:06<03:37,  1.34it/s]Evaluating raw model output:  76%|███████▌  | 903/1194 [12:06<03:22,  1.44it/s]Evaluating raw model output:  76%|███████▌  | 904/1194 [12:07<03:10,  1.52it/s]Evaluating raw model output:  76%|███████▌  | 905/1194 [12:08<03:03,  1.58it/s]Evaluating raw model output:  76%|███████▌  | 906/1194 [12:08<03:03,  1.57it/s]Evaluating raw model output:  76%|███████▌  | 907/1194 [12:09<02:59,  1.60it/s]Evaluating raw model output:  76%|███████▌  | 908/1194 [12:10<03:28,  1.37it/s]Evaluating raw model output:  76%|███████▌  | 909/1194 [12:10<03:15,  1.45it/s]Evaluating raw model output:  76%|███████▌  | 910/1194 [12:11<03:00,  1.57it/s]Evaluating raw model output:  76%|███████▋  | 911/1194 [12:12<02:57,  1.59it/s]Evaluating raw model output:  76%|███████▋  | 912/1194 [12:12<02:50,  1.65it/s]Evaluating raw model output:  76%|███████▋  | 913/1194 [12:13<02:43,  1.71it/s]Evaluating raw model output:  77%|███████▋  | 914/1194 [12:13<02:46,  1.68it/s]Evaluating raw model output:  77%|███████▋  | 915/1194 [12:14<02:42,  1.72it/s]Evaluating raw model output:  77%|███████▋  | 916/1194 [12:15<03:48,  1.22it/s]Evaluating raw model output:  77%|███████▋  | 917/1194 [12:16<03:27,  1.34it/s]Evaluating raw model output:  77%|███████▋  | 918/1194 [12:16<03:21,  1.37it/s]Evaluating raw model output:  77%|███████▋  | 919/1194 [12:17<03:30,  1.31it/s]Evaluating raw model output:  77%|███████▋  | 920/1194 [12:18<03:31,  1.29it/s]Evaluating raw model output:  77%|███████▋  | 921/1194 [12:19<03:48,  1.20it/s]Evaluating raw model output:  77%|███████▋  | 922/1194 [12:20<03:30,  1.29it/s]Evaluating raw model output:  77%|███████▋  | 923/1194 [12:20<03:15,  1.38it/s]Evaluating raw model output:  77%|███████▋  | 924/1194 [12:21<03:36,  1.25it/s]Evaluating raw model output:  77%|███████▋  | 925/1194 [12:22<03:13,  1.39it/s]Evaluating raw model output:  78%|███████▊  | 926/1194 [12:22<02:59,  1.49it/s]Evaluating raw model output:  78%|███████▊  | 927/1194 [12:23<02:48,  1.58it/s]Evaluating raw model output:  78%|███████▊  | 928/1194 [12:24<02:46,  1.59it/s]Evaluating raw model output:  78%|███████▊  | 929/1194 [12:24<02:45,  1.60it/s]Evaluating raw model output:  78%|███████▊  | 930/1194 [12:25<02:45,  1.60it/s]Evaluating raw model output:  78%|███████▊  | 931/1194 [12:25<02:44,  1.60it/s]Evaluating raw model output:  78%|███████▊  | 932/1194 [12:26<02:41,  1.62it/s]Evaluating raw model output:  78%|███████▊  | 933/1194 [12:27<02:40,  1.62it/s]Evaluating raw model output:  78%|███████▊  | 934/1194 [12:27<02:36,  1.67it/s]Evaluating raw model output:  78%|███████▊  | 935/1194 [12:28<02:33,  1.69it/s]Evaluating raw model output:  78%|███████▊  | 936/1194 [12:28<02:32,  1.69it/s]Evaluating raw model output:  78%|███████▊  | 937/1194 [12:29<02:30,  1.71it/s]Evaluating raw model output:  79%|███████▊  | 938/1194 [12:30<03:34,  1.19it/s]Evaluating raw model output:  79%|███████▊  | 939/1194 [12:31<03:19,  1.28it/s]Evaluating raw model output:  79%|███████▊  | 940/1194 [12:32<03:11,  1.33it/s]Evaluating raw model output:  79%|███████▉  | 941/1194 [12:32<02:57,  1.42it/s]Evaluating raw model output:  79%|███████▉  | 942/1194 [12:33<02:42,  1.55it/s]Evaluating raw model output:  79%|███████▉  | 943/1194 [12:34<03:08,  1.33it/s]Evaluating raw model output:  79%|███████▉  | 944/1194 [12:34<02:55,  1.43it/s]Evaluating raw model output:  79%|███████▉  | 945/1194 [12:35<02:44,  1.51it/s]Evaluating raw model output:  79%|███████▉  | 946/1194 [12:35<02:36,  1.58it/s]Evaluating raw model output:  79%|███████▉  | 947/1194 [12:36<02:27,  1.67it/s]Evaluating raw model output:  79%|███████▉  | 948/1194 [12:37<02:26,  1.68it/s]Evaluating raw model output:  79%|███████▉  | 949/1194 [12:38<03:16,  1.25it/s]Evaluating raw model output:  80%|███████▉  | 950/1194 [12:38<02:59,  1.36it/s]Evaluating raw model output:  80%|███████▉  | 951/1194 [12:39<02:46,  1.46it/s]Evaluating raw model output:  80%|███████▉  | 952/1194 [12:40<02:38,  1.53it/s]Evaluating raw model output:  80%|███████▉  | 953/1194 [12:40<02:32,  1.58it/s]Evaluating raw model output:  80%|███████▉  | 954/1194 [12:41<02:31,  1.58it/s]Evaluating raw model output:  80%|███████▉  | 955/1194 [12:41<02:29,  1.60it/s]Evaluating raw model output:  80%|████████  | 956/1194 [12:43<03:14,  1.22it/s]Evaluating raw model output:  80%|████████  | 957/1194 [12:43<03:01,  1.30it/s]Evaluating raw model output:  80%|████████  | 958/1194 [12:44<02:44,  1.43it/s]Evaluating raw model output:  80%|████████  | 959/1194 [12:45<02:59,  1.31it/s]Evaluating raw model output:  80%|████████  | 960/1194 [12:45<02:45,  1.41it/s]Evaluating raw model output:  80%|████████  | 961/1194 [12:46<02:34,  1.51it/s]Evaluating raw model output:  81%|████████  | 962/1194 [12:47<03:10,  1.22it/s]Evaluating raw model output:  81%|████████  | 963/1194 [12:48<02:59,  1.29it/s]Evaluating raw model output:  81%|████████  | 964/1194 [12:49<03:41,  1.04it/s]Evaluating raw model output:  81%|████████  | 965/1194 [12:50<03:15,  1.17it/s]Evaluating raw model output:  81%|████████  | 966/1194 [12:50<02:57,  1.29it/s]Evaluating raw model output:  81%|████████  | 967/1194 [12:51<02:43,  1.39it/s]Evaluating raw model output:  81%|████████  | 968/1194 [12:52<03:20,  1.13it/s]Evaluating raw model output:  81%|████████  | 969/1194 [12:53<03:11,  1.17it/s]Evaluating raw model output:  81%|████████  | 970/1194 [12:54<02:52,  1.30it/s]Evaluating raw model output:  81%|████████▏ | 971/1194 [12:54<02:37,  1.41it/s]Evaluating raw model output:  81%|████████▏ | 972/1194 [12:55<03:14,  1.14it/s]Evaluating raw model output:  81%|████████▏ | 973/1194 [12:56<02:54,  1.26it/s]Evaluating raw model output:  82%|████████▏ | 974/1194 [12:57<02:38,  1.39it/s]Evaluating raw model output:  82%|████████▏ | 975/1194 [12:57<02:27,  1.48it/s]Evaluating raw model output:  82%|████████▏ | 976/1194 [12:58<02:48,  1.29it/s]Evaluating raw model output:  82%|████████▏ | 977/1194 [12:59<02:36,  1.39it/s]Evaluating raw model output:  82%|████████▏ | 978/1194 [13:00<02:50,  1.26it/s]Evaluating raw model output:  82%|████████▏ | 979/1194 [13:00<02:42,  1.32it/s]Evaluating raw model output:  82%|████████▏ | 980/1194 [13:01<02:35,  1.37it/s]Evaluating raw model output:  82%|████████▏ | 981/1194 [13:02<02:26,  1.46it/s]Evaluating raw model output:  82%|████████▏ | 982/1194 [13:02<02:31,  1.40it/s]Evaluating raw model output:  82%|████████▏ | 983/1194 [13:03<02:23,  1.47it/s]Evaluating raw model output:  82%|████████▏ | 984/1194 [13:05<03:24,  1.03it/s]Evaluating raw model output:  82%|████████▏ | 985/1194 [13:05<02:56,  1.18it/s]Evaluating raw model output:  83%|████████▎ | 986/1194 [13:06<03:20,  1.04it/s]Evaluating raw model output:  83%|████████▎ | 987/1194 [13:07<02:52,  1.20it/s]Evaluating raw model output:  83%|████████▎ | 988/1194 [13:08<02:33,  1.35it/s]Evaluating raw model output:  83%|████████▎ | 989/1194 [13:08<02:21,  1.45it/s]Evaluating raw model output:  83%|████████▎ | 990/1194 [13:09<02:11,  1.56it/s]Evaluating raw model output:  83%|████████▎ | 991/1194 [13:09<02:04,  1.63it/s]Evaluating raw model output:  83%|████████▎ | 992/1194 [13:10<01:57,  1.72it/s]Evaluating raw model output:  83%|████████▎ | 993/1194 [13:10<01:56,  1.73it/s]Evaluating raw model output:  83%|████████▎ | 994/1194 [13:11<01:52,  1.78it/s]Evaluating raw model output:  83%|████████▎ | 995/1194 [13:11<01:51,  1.79it/s]Evaluating raw model output:  83%|████████▎ | 996/1194 [13:12<01:49,  1.81it/s]Evaluating raw model output:  84%|████████▎ | 997/1194 [13:13<02:20,  1.41it/s]Evaluating raw model output:  84%|████████▎ | 998/1194 [13:14<02:30,  1.30it/s]Evaluating raw model output:  84%|████████▎ | 999/1194 [13:14<02:16,  1.42it/s]Evaluating raw model output:  84%|████████▍ | 1000/1194 [13:15<02:08,  1.51it/s]Evaluating raw model output:  84%|████████▍ | 1001/1194 [13:15<01:58,  1.63it/s]Evaluating raw model output:  84%|████████▍ | 1002/1194 [13:16<01:55,  1.67it/s]Evaluating raw model output:  84%|████████▍ | 1003/1194 [13:17<02:13,  1.43it/s]Evaluating raw model output:  84%|████████▍ | 1004/1194 [13:18<02:05,  1.52it/s]Evaluating raw model output:  84%|████████▍ | 1005/1194 [13:18<01:59,  1.58it/s]Evaluating raw model output:  84%|████████▍ | 1006/1194 [13:19<01:54,  1.65it/s]Evaluating raw model output:  84%|████████▍ | 1007/1194 [13:19<01:51,  1.67it/s]Evaluating raw model output:  84%|████████▍ | 1008/1194 [13:20<02:10,  1.42it/s]Evaluating raw model output:  85%|████████▍ | 1009/1194 [13:21<02:03,  1.50it/s]Evaluating raw model output:  85%|████████▍ | 1010/1194 [13:21<01:56,  1.58it/s]Evaluating raw model output:  85%|████████▍ | 1011/1194 [13:22<02:08,  1.42it/s]Evaluating raw model output:  85%|████████▍ | 1012/1194 [13:23<01:56,  1.56it/s]Evaluating raw model output:  85%|████████▍ | 1013/1194 [13:24<02:13,  1.36it/s]Evaluating raw model output:  85%|████████▍ | 1014/1194 [13:24<02:05,  1.43it/s]Evaluating raw model output:  85%|████████▌ | 1015/1194 [13:25<01:56,  1.53it/s]Evaluating raw model output:  85%|████████▌ | 1016/1194 [13:25<01:51,  1.60it/s]Evaluating raw model output:  85%|████████▌ | 1017/1194 [13:27<02:34,  1.14it/s]Evaluating raw model output:  85%|████████▌ | 1018/1194 [13:28<02:26,  1.21it/s]Evaluating raw model output:  85%|████████▌ | 1019/1194 [13:28<02:12,  1.32it/s]Evaluating raw model output:  85%|████████▌ | 1020/1194 [13:29<02:00,  1.45it/s]Evaluating raw model output:  86%|████████▌ | 1021/1194 [13:29<01:53,  1.53it/s]Evaluating raw model output:  86%|████████▌ | 1022/1194 [13:30<01:44,  1.65it/s]Evaluating raw model output:  86%|████████▌ | 1023/1194 [13:30<01:37,  1.75it/s]Evaluating raw model output:  86%|████████▌ | 1024/1194 [13:31<01:37,  1.74it/s]Evaluating raw model output:  86%|████████▌ | 1025/1194 [13:31<01:37,  1.74it/s]Evaluating raw model output:  86%|████████▌ | 1026/1194 [13:32<01:35,  1.76it/s]Evaluating raw model output:  86%|████████▌ | 1027/1194 [13:33<02:06,  1.32it/s]Evaluating raw model output:  86%|████████▌ | 1028/1194 [13:34<02:11,  1.26it/s]Evaluating raw model output:  86%|████████▌ | 1029/1194 [13:34<01:53,  1.45it/s]Evaluating raw model output:  86%|████████▋ | 1030/1194 [13:35<01:41,  1.62it/s]Evaluating raw model output:  86%|████████▋ | 1031/1194 [13:35<01:35,  1.71it/s]Evaluating raw model output:  86%|████████▋ | 1032/1194 [13:36<01:31,  1.77it/s]Evaluating raw model output:  87%|████████▋ | 1033/1194 [13:36<01:25,  1.89it/s]Evaluating raw model output:  87%|████████▋ | 1034/1194 [13:37<01:30,  1.78it/s]Evaluating raw model output:  87%|████████▋ | 1035/1194 [13:38<01:32,  1.73it/s]Evaluating raw model output:  87%|████████▋ | 1036/1194 [13:38<01:43,  1.53it/s]Evaluating raw model output:  87%|████████▋ | 1037/1194 [13:39<01:43,  1.52it/s]Evaluating raw model output:  87%|████████▋ | 1038/1194 [13:40<01:38,  1.59it/s]Evaluating raw model output:  87%|████████▋ | 1039/1194 [13:40<01:33,  1.66it/s]Evaluating raw model output:  87%|████████▋ | 1040/1194 [13:41<01:33,  1.64it/s]Evaluating raw model output:  87%|████████▋ | 1041/1194 [13:42<01:51,  1.37it/s]Evaluating raw model output:  87%|████████▋ | 1042/1194 [13:43<02:03,  1.23it/s]Evaluating raw model output:  87%|████████▋ | 1043/1194 [13:44<02:12,  1.14it/s]Evaluating raw model output:  87%|████████▋ | 1044/1194 [13:44<01:59,  1.26it/s]Evaluating raw model output:  88%|████████▊ | 1045/1194 [13:46<02:17,  1.09it/s]Evaluating raw model output:  88%|████████▊ | 1046/1194 [13:46<02:02,  1.21it/s]Evaluating raw model output:  88%|████████▊ | 1047/1194 [13:48<02:23,  1.03it/s]Evaluating raw model output:  88%|████████▊ | 1048/1194 [13:48<02:09,  1.12it/s]Evaluating raw model output:  88%|████████▊ | 1049/1194 [13:49<01:56,  1.24it/s]Evaluating raw model output:  88%|████████▊ | 1050/1194 [13:49<01:43,  1.40it/s]Evaluating raw model output:  88%|████████▊ | 1051/1194 [13:50<01:39,  1.44it/s]Evaluating raw model output:  88%|████████▊ | 1052/1194 [13:51<01:32,  1.53it/s]Evaluating raw model output:  88%|████████▊ | 1053/1194 [13:51<01:27,  1.61it/s]Evaluating raw model output:  88%|████████▊ | 1054/1194 [13:52<01:24,  1.65it/s]Evaluating raw model output:  88%|████████▊ | 1055/1194 [13:52<01:21,  1.70it/s]Evaluating raw model output:  88%|████████▊ | 1056/1194 [13:53<01:19,  1.73it/s]Evaluating raw model output:  89%|████████▊ | 1057/1194 [13:53<01:19,  1.71it/s]Evaluating raw model output:  89%|████████▊ | 1058/1194 [13:54<01:16,  1.77it/s]Evaluating raw model output:  89%|████████▊ | 1059/1194 [13:55<01:20,  1.67it/s]Evaluating raw model output:  89%|████████▉ | 1060/1194 [13:55<01:16,  1.76it/s]Evaluating raw model output:  89%|████████▉ | 1061/1194 [13:56<01:32,  1.43it/s]Evaluating raw model output:  89%|████████▉ | 1062/1194 [13:57<01:26,  1.53it/s]Evaluating raw model output:  89%|████████▉ | 1063/1194 [13:58<01:52,  1.17it/s]Evaluating raw model output:  89%|████████▉ | 1064/1194 [13:59<01:40,  1.29it/s]Evaluating raw model output:  89%|████████▉ | 1065/1194 [13:59<01:29,  1.45it/s]Evaluating raw model output:  89%|████████▉ | 1066/1194 [14:00<01:39,  1.28it/s]Evaluating raw model output:  89%|████████▉ | 1067/1194 [14:01<01:38,  1.29it/s]Evaluating raw model output:  89%|████████▉ | 1068/1194 [14:02<01:37,  1.30it/s]Evaluating raw model output:  90%|████████▉ | 1069/1194 [14:02<01:33,  1.33it/s]Evaluating raw model output:  90%|████████▉ | 1070/1194 [14:03<01:26,  1.43it/s]Evaluating raw model output:  90%|████████▉ | 1071/1194 [14:03<01:21,  1.52it/s]Evaluating raw model output:  90%|████████▉ | 1072/1194 [14:04<01:14,  1.63it/s]Evaluating raw model output:  90%|████████▉ | 1073/1194 [14:05<01:13,  1.66it/s]Evaluating raw model output:  90%|████████▉ | 1074/1194 [14:05<01:10,  1.69it/s]Evaluating raw model output:  90%|█████████ | 1075/1194 [14:06<01:08,  1.73it/s]Evaluating raw model output:  90%|█████████ | 1076/1194 [14:07<01:46,  1.11it/s]Evaluating raw model output:  90%|█████████ | 1077/1194 [14:08<01:34,  1.24it/s]Evaluating raw model output:  90%|█████████ | 1078/1194 [14:08<01:25,  1.36it/s]Evaluating raw model output:  90%|█████████ | 1079/1194 [14:09<01:19,  1.45it/s]Evaluating raw model output:  90%|█████████ | 1080/1194 [14:10<01:13,  1.55it/s]Evaluating raw model output:  91%|█████████ | 1081/1194 [14:10<01:10,  1.60it/s]Evaluating raw model output:  91%|█████████ | 1082/1194 [14:11<01:29,  1.25it/s]Evaluating raw model output:  91%|█████████ | 1083/1194 [14:12<01:21,  1.36it/s]Evaluating raw model output:  91%|█████████ | 1084/1194 [14:13<01:28,  1.25it/s]Evaluating raw model output:  91%|█████████ | 1085/1194 [14:13<01:19,  1.37it/s]Evaluating raw model output:  91%|█████████ | 1086/1194 [14:15<01:33,  1.15it/s]Evaluating raw model output:  91%|█████████ | 1087/1194 [14:16<01:50,  1.03s/it]Evaluating raw model output:  91%|█████████ | 1088/1194 [14:17<01:33,  1.13it/s]Evaluating raw model output:  91%|█████████ | 1089/1194 [14:17<01:22,  1.28it/s]Evaluating raw model output:  91%|█████████▏| 1090/1194 [14:18<01:14,  1.40it/s]Evaluating raw model output:  91%|█████████▏| 1091/1194 [14:19<01:25,  1.21it/s]Evaluating raw model output:  91%|█████████▏| 1092/1194 [14:20<01:37,  1.05it/s]Evaluating raw model output:  92%|█████████▏| 1093/1194 [14:21<01:25,  1.18it/s]Evaluating raw model output:  92%|█████████▏| 1094/1194 [14:21<01:15,  1.32it/s]Evaluating raw model output:  92%|█████████▏| 1095/1194 [14:22<01:09,  1.43it/s]Evaluating raw model output:  92%|█████████▏| 1096/1194 [14:23<01:16,  1.29it/s]Evaluating raw model output:  92%|█████████▏| 1097/1194 [14:23<01:08,  1.41it/s]Evaluating raw model output:  92%|█████████▏| 1098/1194 [14:24<01:07,  1.41it/s]Evaluating raw model output:  92%|█████████▏| 1099/1194 [14:25<01:03,  1.50it/s]Evaluating raw model output:  92%|█████████▏| 1100/1194 [14:25<00:59,  1.58it/s]Evaluating raw model output:  92%|█████████▏| 1101/1194 [14:26<01:09,  1.33it/s]Evaluating raw model output:  92%|█████████▏| 1102/1194 [14:27<01:04,  1.43it/s]Evaluating raw model output:  92%|█████████▏| 1103/1194 [14:28<01:09,  1.31it/s]Evaluating raw model output:  92%|█████████▏| 1104/1194 [14:28<01:03,  1.41it/s]Evaluating raw model output:  93%|█████████▎| 1105/1194 [14:29<00:59,  1.49it/s]Evaluating raw model output:  93%|█████████▎| 1106/1194 [14:29<00:57,  1.54it/s]Evaluating raw model output:  93%|█████████▎| 1107/1194 [14:31<01:19,  1.09it/s]Evaluating raw model output:  93%|█████████▎| 1108/1194 [14:32<01:24,  1.02it/s]Evaluating raw model output:  93%|█████████▎| 1109/1194 [14:33<01:24,  1.01it/s]Evaluating raw model output:  93%|█████████▎| 1110/1194 [14:34<01:12,  1.16it/s]Evaluating raw model output:  93%|█████████▎| 1111/1194 [14:34<01:04,  1.29it/s]Evaluating raw model output:  93%|█████████▎| 1112/1194 [14:35<00:58,  1.39it/s]Evaluating raw model output:  93%|█████████▎| 1113/1194 [14:35<00:56,  1.43it/s]Evaluating raw model output:  93%|█████████▎| 1114/1194 [14:37<01:22,  1.03s/it]Evaluating raw model output:  93%|█████████▎| 1115/1194 [14:38<01:10,  1.13it/s]Evaluating raw model output:  93%|█████████▎| 1116/1194 [14:39<01:16,  1.02it/s]Evaluating raw model output:  94%|█████████▎| 1117/1194 [14:40<01:06,  1.16it/s]Evaluating raw model output:  94%|█████████▎| 1118/1194 [14:40<00:58,  1.31it/s]Evaluating raw model output:  94%|█████████▎| 1119/1194 [14:41<00:53,  1.40it/s]Evaluating raw model output:  94%|█████████▍| 1120/1194 [14:42<00:58,  1.26it/s]Evaluating raw model output:  94%|█████████▍| 1121/1194 [14:42<00:52,  1.38it/s]Evaluating raw model output:  94%|█████████▍| 1122/1194 [14:43<00:50,  1.42it/s]Evaluating raw model output:  94%|█████████▍| 1123/1194 [14:44<00:47,  1.49it/s]Evaluating raw model output:  94%|█████████▍| 1124/1194 [14:44<00:45,  1.55it/s]Evaluating raw model output:  94%|█████████▍| 1125/1194 [14:45<00:50,  1.38it/s]Evaluating raw model output:  94%|█████████▍| 1126/1194 [14:46<00:47,  1.42it/s]Evaluating raw model output:  94%|█████████▍| 1127/1194 [14:46<00:44,  1.51it/s]Evaluating raw model output:  94%|█████████▍| 1128/1194 [14:47<00:48,  1.35it/s]Evaluating raw model output:  95%|█████████▍| 1129/1194 [14:48<00:43,  1.48it/s]Evaluating raw model output:  95%|█████████▍| 1130/1194 [14:48<00:41,  1.53it/s]Evaluating raw model output:  95%|█████████▍| 1131/1194 [14:49<00:39,  1.61it/s]Evaluating raw model output:  95%|█████████▍| 1132/1194 [14:49<00:38,  1.60it/s]Evaluating raw model output:  95%|█████████▍| 1133/1194 [14:50<00:37,  1.65it/s]Evaluating raw model output:  95%|█████████▍| 1134/1194 [14:51<00:35,  1.71it/s]Evaluating raw model output:  95%|█████████▌| 1135/1194 [14:51<00:33,  1.76it/s]Evaluating raw model output:  95%|█████████▌| 1136/1194 [14:52<00:41,  1.40it/s]Evaluating raw model output:  95%|█████████▌| 1137/1194 [14:53<00:40,  1.42it/s]Evaluating raw model output:  95%|█████████▌| 1138/1194 [14:53<00:37,  1.49it/s]Evaluating raw model output:  95%|█████████▌| 1139/1194 [14:54<00:35,  1.54it/s]Evaluating raw model output:  95%|█████████▌| 1140/1194 [14:55<00:33,  1.60it/s]Evaluating raw model output:  96%|█████████▌| 1141/1194 [14:55<00:31,  1.69it/s]Evaluating raw model output:  96%|█████████▌| 1142/1194 [14:56<00:36,  1.41it/s]Evaluating raw model output:  96%|█████████▌| 1143/1194 [14:57<00:34,  1.49it/s]Evaluating raw model output:  96%|█████████▌| 1144/1194 [14:57<00:32,  1.55it/s]Evaluating raw model output:  96%|█████████▌| 1145/1194 [14:58<00:30,  1.62it/s]Evaluating raw model output:  96%|█████████▌| 1146/1194 [14:58<00:28,  1.67it/s]Evaluating raw model output:  96%|█████████▌| 1147/1194 [14:59<00:27,  1.70it/s]Evaluating raw model output:  96%|█████████▌| 1148/1194 [14:59<00:26,  1.71it/s]Evaluating raw model output:  96%|█████████▌| 1149/1194 [15:00<00:26,  1.69it/s]Evaluating raw model output:  96%|█████████▋| 1150/1194 [15:01<00:25,  1.69it/s]Evaluating raw model output:  96%|█████████▋| 1151/1194 [15:02<00:34,  1.25it/s]Evaluating raw model output:  96%|█████████▋| 1152/1194 [15:03<00:30,  1.37it/s]Evaluating raw model output:  97%|█████████▋| 1153/1194 [15:03<00:28,  1.46it/s]Evaluating raw model output:  97%|█████████▋| 1154/1194 [15:04<00:26,  1.53it/s]Evaluating raw model output:  97%|█████████▋| 1155/1194 [15:04<00:24,  1.59it/s]Evaluating raw model output:  97%|█████████▋| 1156/1194 [15:05<00:22,  1.70it/s]Evaluating raw model output:  97%|█████████▋| 1157/1194 [15:05<00:22,  1.68it/s]Evaluating raw model output:  97%|█████████▋| 1158/1194 [15:06<00:25,  1.39it/s]Evaluating raw model output:  97%|█████████▋| 1159/1194 [15:07<00:23,  1.47it/s]Evaluating raw model output:  97%|█████████▋| 1160/1194 [15:08<00:21,  1.55it/s]Evaluating raw model output:  97%|█████████▋| 1161/1194 [15:09<00:27,  1.18it/s]Evaluating raw model output:  97%|█████████▋| 1162/1194 [15:09<00:24,  1.33it/s]Evaluating raw model output:  97%|█████████▋| 1163/1194 [15:10<00:21,  1.45it/s]Evaluating raw model output:  97%|█████████▋| 1164/1194 [15:11<00:19,  1.50it/s]Evaluating raw model output:  98%|█████████▊| 1165/1194 [15:11<00:19,  1.46it/s]Evaluating raw model output:  98%|█████████▊| 1166/1194 [15:12<00:22,  1.23it/s]Evaluating raw model output:  98%|█████████▊| 1167/1194 [15:13<00:19,  1.38it/s]Evaluating raw model output:  98%|█████████▊| 1168/1194 [15:13<00:17,  1.50it/s]Evaluating raw model output:  98%|█████████▊| 1169/1194 [15:15<00:20,  1.21it/s]Evaluating raw model output:  98%|█████████▊| 1170/1194 [15:16<00:20,  1.15it/s]Evaluating raw model output:  98%|█████████▊| 1171/1194 [15:17<00:20,  1.10it/s]Evaluating raw model output:  98%|█████████▊| 1172/1194 [15:17<00:17,  1.23it/s]Evaluating raw model output:  98%|█████████▊| 1173/1194 [15:18<00:15,  1.36it/s]Evaluating raw model output:  98%|█████████▊| 1174/1194 [15:18<00:13,  1.43it/s]Evaluating raw model output:  98%|█████████▊| 1175/1194 [15:19<00:12,  1.50it/s]Evaluating raw model output:  98%|█████████▊| 1176/1194 [15:19<00:10,  1.64it/s]Evaluating raw model output:  99%|█████████▊| 1177/1194 [15:21<00:13,  1.27it/s]Evaluating raw model output:  99%|█████████▊| 1178/1194 [15:21<00:11,  1.38it/s]Evaluating raw model output:  99%|█████████▊| 1179/1194 [15:22<00:13,  1.12it/s]Evaluating raw model output:  99%|█████████▉| 1180/1194 [15:23<00:10,  1.28it/s]Evaluating raw model output:  99%|█████████▉| 1181/1194 [15:24<00:09,  1.39it/s]Evaluating raw model output:  99%|█████████▉| 1182/1194 [15:24<00:07,  1.54it/s]Evaluating raw model output:  99%|█████████▉| 1183/1194 [15:25<00:07,  1.55it/s]Evaluating raw model output:  99%|█████████▉| 1184/1194 [15:25<00:06,  1.62it/s]Evaluating raw model output:  99%|█████████▉| 1185/1194 [15:26<00:05,  1.72it/s]Evaluating raw model output:  99%|█████████▉| 1186/1194 [15:26<00:04,  1.79it/s]Evaluating raw model output:  99%|█████████▉| 1187/1194 [15:27<00:05,  1.38it/s]Evaluating raw model output:  99%|█████████▉| 1188/1194 [15:28<00:03,  1.51it/s]Evaluating raw model output: 100%|█████████▉| 1189/1194 [15:29<00:03,  1.35it/s]Evaluating raw model output: 100%|█████████▉| 1190/1194 [15:29<00:02,  1.49it/s]Evaluating raw model output: 100%|█████████▉| 1191/1194 [15:30<00:01,  1.55it/s]Evaluating raw model output: 100%|█████████▉| 1192/1194 [15:30<00:01,  1.61it/s]Evaluating raw model output: 100%|█████████▉| 1193/1194 [15:31<00:00,  1.63it/s]Evaluating raw model output: 100%|██████████| 1194/1194 [15:32<00:00,  1.45it/s]Evaluating raw model output: 100%|██████████| 1194/1194 [15:32<00:00,  1.28it/s]

==================== 原始模型结果（无校准） ====================
Unseen mAP: 26.92
============================================================
The mAP is 31.11, rare: 28.06, none-rare: 32.02,
>>> zero-shot setting(unseen_verb!!)
full mAP: 31.11 unseen: 26.92 seen: 31.79
[Checkpoint] Removed old checkpoint: /root/autodl-tmp/Lain/reviewer_revision/14_uv_lain_matched_seed66/checkpoints/ckpt_26664_06.pt
==> Iteration 31500 | Interaction Loss: 1.3288
Epoch [8/20], Iter. [0392/4444], Loss: 1.1671, Time/iter[Data/Train/Total]: [0.004s/2.041s/2.045s], Window[Data/Train]: [1.84s/1020.58s], Remain: 2:18:05.624936
==> Iteration 32000 | Interaction Loss: 0.9908
Epoch [8/20], Iter. [0892/4444], Loss: 1.1678, Time/iter[Data/Train/Total]: [0.002s/1.994s/1.996s], Window[Data/Train]: [0.97s/997.21s], Remain: 1:58:11.106682
==> Iteration 32500 | Interaction Loss: 1.0901
Epoch [8/20], Iter. [1392/4444], Loss: 1.1670, Time/iter[Data/Train/Total]: [0.002s/1.980s/1.982s], Window[Data/Train]: [0.95s/989.96s], Remain: 1:40:48.524287
==> Iteration 33000 | Interaction Loss: 1.7690
Epoch [8/20], Iter. [1892/4444], Loss: 1.1575, Time/iter[Data/Train/Total]: [0.002s/1.991s/1.993s], Window[Data/Train]: [0.96s/995.32s], Remain: 1:24:44.998649
==> Iteration 33500 | Interaction Loss: 0.8027
Epoch [8/20], Iter. [2392/4444], Loss: 1.1649, Time/iter[Data/Train/Total]: [0.002s/1.971s/1.973s], Window[Data/Train]: [0.97s/985.34s], Remain: 1:07:27.820414
==> Iteration 34000 | Interaction Loss: 1.1915
Epoch [8/20], Iter. [2892/4444], Loss: 1.1672, Time/iter[Data/Train/Total]: [0.002s/1.993s/1.994s], Window[Data/Train]: [0.97s/996.27s], Remain: 0:51:35.436245
